id,speaker,conversation_id,reply_to,timestamp,text,meta,order,text_replyto,text_OP,title_OP,has_delta,Unnamed: 0
ln9xp7y,RegularAd9643,1fh9xo5,ln8bot3,1726420373.0,You’re right.  It sounds like it does matter when someone is unwilling to do their job if they’re the only guy you’ve got.  Sucks it took so long to replace him.\n\n!delta,"{'created_utc': 1726420373.0, 'body_html': '<div class=""md""><p>You’re right.  It sounds like it does matter when someone is unwilling to do their job if they’re the only guy you’ve got.  Sucks it took so long to replace him.</p>\n\n<p>!delta</p>\n</div>', 'edited': 1726420757.0, 'id': 'ln9xp7y', 'is_submitter': True, 'link_id': 't3_1fh9xo5', 'parent_id': 't1_ln8bot3', 'permalink': '/r/changemyview/comments/1fh9xo5/cmv_everyone_wants_to_help_in_any_team_if_some/ln9xp7y/', 'replies': <praw.models.comment_forest.CommentForest object at 0x2abd96e10>, 'saved': False, 'score': 2, 'stickied': False, 'submission': Submission(id='1fh9xo5')}",3,"Some people don’t want to help because that’s not what they signed up for. \n\nI work for a private school, our old principal got the job during a weird time for the school and for the first three or so years he didn’t have to do much. He was a decently charismatic speaker, but he more or less sat in his office the whole school day and worked on writing his book. Then the school changed curricula and suddenly it got really popular, the number of students shot up, and with it the number of difficult situations that a principal was supposed to help manage. \n\nHe hated it. He would actively avoid situations where teachers needed support. He told a brand new teacher who asked him to be with her in a tense parent teacher conference that “That’s what she was hired to deal with.” \n\nThe Board asked him to meet regularly for admin team meetings to help build the school, he set them for once every two weeks and would sit on his phone the whole time and not participate. \n\nEventually, after way too long, he was fired. But the point is not that this was a lazy guy, he actually worked really hard on the things he wanted to work on, it’s just when he took the job he understood it to be much different than it developed into. His expectations were different than reality. When the expectations began to change, he actively resisted them, which was incredibly unhelpful.\n\nIt was legitimate for us who worked with him to be angry at him though. He should have either adjusted to the expectations, or been honest and resigned when they changed in ways he wasn’t willing to adjust to.","This has been my experience.  They aren’t lazy.  So I don’t get upset when folks don’t help equally.  I help them figure out where they can help and then I pick up the remaining work.\n\n- If they don’t see the point I help them see the point.  \n- If they think it’s not possible, I show them how it’s possible.  \n- If they aren’t skilled, I figure where they might be helpful anyway.  \n- If they don’t have time, they just contribute less and that’s fine.\n\nAnd if some folks get left out no one cries over it.  As long as we get it done.\n\nNow I’m wondering if I am naive.  I’ve only led teams in this grassroots way; where I am an equal and helping everyone else contribute.  This is even in cases where we do have an official lead and/or manager.\n\nDoes the inequality start to matter at some point?","CMV: Everyone wants to help.  In any team, if some folks are not contributing it’s for some other reason.  They don’t see the point or think it’s not possible or they aren’t skilled or they don’t have time.",True,
lna1zkz,RegularAd9643,1fh9xo5,ln98z8b,1726421645.0,Was it useless stuff that didn’t matter?,"{'created_utc': 1726421645.0, 'body_html': '<div class=""md""><p>Was it useless stuff that didn’t matter?</p>\n</div>', 'edited': False, 'id': 'lna1zkz', 'is_submitter': True, 'link_id': 't3_1fh9xo5', 'parent_id': 't1_ln98z8b', 'permalink': '/r/changemyview/comments/1fh9xo5/cmv_everyone_wants_to_help_in_any_team_if_some/lna1zkz/', 'replies': <praw.models.comment_forest.CommentForest object at 0x2abd77f90>, 'saved': False, 'score': 1, 'stickied': False, 'submission': Submission(id='1fh9xo5')}",3,I recently started working in state government and almost half the employers there are very lazy. They don’t want to help or do anything extra because there’s no incentive. They’ll get paid the same either way. So they view their job as a clock in & clock out situation. \nHelping others or doing something new is going above and beyond and why bother. \n\nIt’s frustrating lol,"This has been my experience.  They aren’t lazy.  So I don’t get upset when folks don’t help equally.  I help them figure out where they can help and then I pick up the remaining work.\n\n- If they don’t see the point I help them see the point.  \n- If they think it’s not possible, I show them how it’s possible.  \n- If they aren’t skilled, I figure where they might be helpful anyway.  \n- If they don’t have time, they just contribute less and that’s fine.\n\nAnd if some folks get left out no one cries over it.  As long as we get it done.\n\nNow I’m wondering if I am naive.  I’ve only led teams in this grassroots way; where I am an equal and helping everyone else contribute.  This is even in cases where we do have an official lead and/or manager.\n\nDoes the inequality start to matter at some point?","CMV: Everyone wants to help.  In any team, if some folks are not contributing it’s for some other reason.  They don’t see the point or think it’s not possible or they aren’t skilled or they don’t have time.",False,
lkigphu,cornsnicker3,1f441xo,lkig0so,1724943473.0,"So as long there is at least one public university in the state that allows freshmen to live off-campus, I would yield. !delta","{'created_utc': 1724943473.0, 'body_html': '<div class=""md""><p>So as long there is at least one public university in the state that allows freshmen to live off-campus, I would yield. !delta</p>\n</div>', 'edited': 1724953214.0, 'id': 'lkigphu', 'is_submitter': True, 'link_id': 't3_1f441xo', 'parent_id': 't1_lkig0so', 'permalink': '/r/changemyview/comments/1f441xo/cmv_public_universities_should_not_be_allowed_to/lkigphu/', 'replies': <praw.models.comment_forest.CommentForest object at 0x2b8f03890>, 'saved': False, 'score': 1, 'stickied': False, 'submission': Submission(id='1f441xo')}",3,"You aren’t being forced to attend a university  that requires new students to live in the dorms. As you stated, adults can make their own decisions and part of that is knowing what your decisions require of you. If you don’t want to uphold your side of the agreement, go somewhere else.\n\nEdit: it seems like this helped to change your view. Make sure to follow the delta policy.","I believe this requirement (which is common for US public universities) is born out of good intentions such as providing a supportive environment for becoming a successful college student, removing adult duties from students, and fostering relationships with peers, but it is now mostly to guarantee revenue for campus building housing and cafeterias.\n\nI think an adult (which most of college students are coming to college) should not be forced to purchase housing and food from the university if they don't want to. They are at the university to get an education, not be a captive market for university services.\n\nEDIT: My view is modified. I would accept if at least one university in the state allowed off-campus living for freshmen, that such requirement could be retained.\n\nEDIT 2: I think there is an economic argument for such an enterprise rolling ""profit"" into the university operation as a whole. ",CMV: Public Universities should not be allowed to require new students to live in the dorms or purchase a meal plan,True,
lkijbi6,cornsnicker3,1f441xo,lkihotm,1724944274.0,The problem with this assumption is it assumes December 1st is the cutoff which is not for many states.,"{'created_utc': 1724944274.0, 'body_html': '<div class=""md""><p>The problem with this assumption is it assumes December 1st is the cutoff which is not for many states.</p>\n</div>', 'edited': False, 'id': 'lkijbi6', 'is_submitter': True, 'link_id': 't3_1f441xo', 'parent_id': 't1_lkihotm', 'permalink': '/r/changemyview/comments/1f441xo/cmv_public_universities_should_not_be_allowed_to/lkijbi6/', 'replies': <praw.models.comment_forest.CommentForest object at 0x2b8f00a10>, 'saved': False, 'score': 25, 'stickied': False, 'submission': Submission(id='1f441xo')}",3,"> an adult (which 99.9% of college students are coming to college)\n\nIn states where the Kindergarten cutoff is turning 5 before December 1, statistically 25% of students starting Kindergarten will be age 4. Add thirteen years to get to college freshmen and statistically 25% of recent high school graduates will be 17 entering college.","I believe this requirement (which is common for US public universities) is born out of good intentions such as providing a supportive environment for becoming a successful college student, removing adult duties from students, and fostering relationships with peers, but it is now mostly to guarantee revenue for campus building housing and cafeterias.\n\nI think an adult (which most of college students are coming to college) should not be forced to purchase housing and food from the university if they don't want to. They are at the university to get an education, not be a captive market for university services.\n\nEDIT: My view is modified. I would accept if at least one university in the state allowed off-campus living for freshmen, that such requirement could be retained.\n\nEDIT 2: I think there is an economic argument for such an enterprise rolling ""profit"" into the university operation as a whole. ",CMV: Public Universities should not be allowed to require new students to live in the dorms or purchase a meal plan,False,
ltl5vnw,No-Instance6462,1gbe2d5,ltl1ks4,1729807683.0,!delta,"{'created_utc': 1729807683.0, 'body_html': '<div class=""md""><p>!delta</p>\n</div>', 'edited': False, 'id': 'ltl5vnw', 'is_submitter': True, 'link_id': 't3_1gbe2d5', 'parent_id': 't1_ltl1ks4', 'permalink': '/r/changemyview/comments/1gbe2d5/cmv_im_proabortion_i_actually_think_more_people/ltl5vnw/', 'replies': <praw.models.comment_forest.CommentForest object at 0x2af87c790>, 'saved': False, 'score': 1, 'stickied': False, 'submission': Submission(id='1gbe2d5')}",3,"I think there's nothing necessarily wrong with these opinions, but at the same time it makes a lot more sense to say that you are in favor of planned parenting, not that you are specifically ""pro-abortion.""  An abortion is just one way to avoid having a child, and regardless of how you feel about its legality or how preferable it is to having an unwanted child, it is undeniably the worst / last resort option.  It is much better to just use birth control and not get pregnant in the first place.","I grew up in a conservative pro-life household. I myself am pretty middle-middle when it comes to being conservative or liberal (I agree with some views from both sides). I have also been on the birth-control pill since age 16 due to extreme menstrual pain. So yes, I agree with “pro-choice”…but to a fault. There are people who SHOULD NOT HAVE KIDS. Honestly I don’t think they should have a choice to carry out the pregnancy unless there is a 100% chance that there will be responsible guardians to care for the child. (Which is why I say “pro-choice”)\n\nNow let me explain my reasoning:\n\n- there are too many single parents with multiple children who are living off welfare/our tax dollars\n- growing up in poverty significantly raises the likelihood that children will be involved in the prison system before they’re 18\n- orphanages are overflowing/the nightmare that some foster situations are\n- there are people who straight up SHOULD NOT HAVE KIDS (severe mental illness, drug/alcohol addiction, etc)\n\nFeel free to try to change my mind! I’d love to hear others opinions on this because I know my view on this is a bit extreme.\n\nEDIT: someone made a good point, abortions aren’t the only way to prevent people who are unfit parents from having children. I’m pro-contraception.\n\nEDIT 2: I am not pro-eugenics. I am not proposing there should be a perfect human race. I’m not Hitler. I’m not saying poor people shouldn’t have kids or that only wealthy people should have kids. I was giving poverty as an example, not criteria.\n\nEDIT 3: It seems as though a lot of people have taken this as me saying “the government should force people to have abortions”. No where in here did I say that. I was giving my opinion that I think people who can’t take care of kids shouldn’t have them. ",CMV: I’m pro-abortion. I actually think more people should get them.,True,
ltl238u,No-Instance6462,1gbe2d5,ltl1ks4,1729806400.0,You know what I agree with you and I think I may have worded it wrong. I would say more people should be on contraceptives,"{'created_utc': 1729806400.0, 'body_html': '<div class=""md""><p>You know what I agree with you and I think I may have worded it wrong. I would say more people should be on contraceptives</p>\n</div>', 'edited': False, 'id': 'ltl238u', 'is_submitter': True, 'link_id': 't3_1gbe2d5', 'parent_id': 't1_ltl1ks4', 'permalink': '/r/changemyview/comments/1gbe2d5/cmv_im_proabortion_i_actually_think_more_people/ltl238u/', 'replies': <praw.models.comment_forest.CommentForest object at 0x2b165f2d0>, 'saved': False, 'score': 62, 'stickied': False, 'submission': Submission(id='1gbe2d5')}",3,"I think there's nothing necessarily wrong with these opinions, but at the same time it makes a lot more sense to say that you are in favor of planned parenting, not that you are specifically ""pro-abortion.""  An abortion is just one way to avoid having a child, and regardless of how you feel about its legality or how preferable it is to having an unwanted child, it is undeniably the worst / last resort option.  It is much better to just use birth control and not get pregnant in the first place.","I grew up in a conservative pro-life household. I myself am pretty middle-middle when it comes to being conservative or liberal (I agree with some views from both sides). I have also been on the birth-control pill since age 16 due to extreme menstrual pain. So yes, I agree with “pro-choice”…but to a fault. There are people who SHOULD NOT HAVE KIDS. Honestly I don’t think they should have a choice to carry out the pregnancy unless there is a 100% chance that there will be responsible guardians to care for the child. (Which is why I say “pro-choice”)\n\nNow let me explain my reasoning:\n\n- there are too many single parents with multiple children who are living off welfare/our tax dollars\n- growing up in poverty significantly raises the likelihood that children will be involved in the prison system before they’re 18\n- orphanages are overflowing/the nightmare that some foster situations are\n- there are people who straight up SHOULD NOT HAVE KIDS (severe mental illness, drug/alcohol addiction, etc)\n\nFeel free to try to change my mind! I’d love to hear others opinions on this because I know my view on this is a bit extreme.\n\nEDIT: someone made a good point, abortions aren’t the only way to prevent people who are unfit parents from having children. I’m pro-contraception.\n\nEDIT 2: I am not pro-eugenics. I am not proposing there should be a perfect human race. I’m not Hitler. I’m not saying poor people shouldn’t have kids or that only wealthy people should have kids. I was giving poverty as an example, not criteria.\n\nEDIT 3: It seems as though a lot of people have taken this as me saying “the government should force people to have abortions”. No where in here did I say that. I was giving my opinion that I think people who can’t take care of kids shouldn’t have them. ",CMV: I’m pro-abortion. I actually think more people should get them.,False,
ldpwzmu,IvoryStrike,1e5x11e,ldp08a5,1721273756.0,"The question really does intrigue me, but like Oborozuki said, I feel like it's so obscure and would take way too much time trying to figure out. Maybe slavery truly occupied all four corners of this Earth, makes sense considering it predates written history I guess. Not sure if I'm using it right but this certainly changes my optimistic approach that there must have been some ancient civilization that refused to practice slavery. **Δ**","{'created_utc': 1721273756.0, 'body_html': '<div class=""md""><p>The question really does intrigue me, but like Oborozuki said, I feel like it&#39;s so obscure and would take way too much time trying to figure out. Maybe slavery truly occupied all four corners of this Earth, makes sense considering it predates written history I guess. Not sure if I&#39;m using it right but this certainly changes my optimistic approach that there must have been some ancient civilization that refused to practice slavery. <strong>Δ</strong></p>\n</div>', 'edited': False, 'id': 'ldpwzmu', 'is_submitter': True, 'link_id': 't3_1e5x11e', 'parent_id': 't1_ldp08a5', 'permalink': '/r/changemyview/comments/1e5x11e/cmv_the_roman_empire_was_cruel_and_evil_and/ldpwzmu/', 'replies': <praw.models.comment_forest.CommentForest object at 0x2a3c4c390>, 'saved': False, 'score': 2, 'stickied': False, 'submission': Submission(id='1e5x11e')}",3,What nation of that period wasn't cruel and evil by today's standards?,"And I'm tired of people acting like it is something excusable because we can't possibly begin to understand what times were like back then or that everyone else was like that back then. For one, I'm certain not every single society back then were complacent with such atrocious acts like the Romans. Not that the idea of a modern government like today was conceived to ensure everyone has basic rights and cannot be oppressed, harmed, or infringed without consequence. However, even back then there would be people who can distinguish and feel what is inherently right and wrong.\n\nThen people will argue how there were even worse civilizations that made the Roman's look like child's play, I don't see how that is supposed to change anything either. It's like arguing if Stalin or Hitler was worse, one killed more people sure but the other killed way less in far more horrific and morbidly creative fashion. Well? Who cares? We all were doing something horrible at the time.\n\nIt's just silly to me that people will go to such extents to excuse and admire something so inhuman. It almost makes me feel like it is a point, perhaps like people say, we can't judge because honestly they seem so unreal, inhuman, and far removed that there MUST be something different back then that is incomprehensible to us. Or not, I think ultimately nothing has changed. America has tortured the innocent and bombed countless civilians.\n\nAnyhow, I think it is one thing to seek understanding and resolved through history, but to look at any civilization with such cruel and wicked practices as something admirable is horrendous.\n\nEdit: I figured I would throw this in here as well as I know someone might bring up what part of the Roman Empire. Which I quite literally do mean its entirety from beginning all the way to the fall of the west. ","CMV: The Roman Empire was cruel and evil and should not be revered, merely studied.",True,
ldqmziv,IvoryStrike,1e5x11e,ldp6l2q,1721288573.0,"You honestly do bring up another great point, it doesn't excuse the awful things that irrevocably makes the Roman empire consistently horrid and evil. They were the most innovative domains of antiquity, though. Let's not forget all the advancements made by others, Ancient Egypt had lots of great innovations and they were awful too!  \nThere's a lot of presidents I can't stand. Trump, Biden, Bush Jr., Nixon, Reagan, LBJ, Buchanan. None of them I would outright call evil, at least I don't think. Save for one and that is Jackson, that man is pure evil and genocidal maniac. Jefferson was very messed up still, evil isn't too far out of reach for him I don't think. I know yeah humans are imperfect, sinful beings and that many people did it back then so they would all be ""evil"" then. But anyone who was having sex with their own slave was pretty twisted I would argue. Regardless of the time or frequency it was happening in such an era.","{'created_utc': 1721288573.0, 'body_html': '<div class=""md""><p>You honestly do bring up another great point, it doesn&#39;t excuse the awful things that irrevocably makes the Roman empire consistently horrid and evil. They were the most innovative domains of antiquity, though. Let&#39;s not forget all the advancements made by others, Ancient Egypt had lots of great innovations and they were awful too!<br/>\nThere&#39;s a lot of presidents I can&#39;t stand. Trump, Biden, Bush Jr., Nixon, Reagan, LBJ, Buchanan. None of them I would outright call evil, at least I don&#39;t think. Save for one and that is Jackson, that man is pure evil and genocidal maniac. Jefferson was very messed up still, evil isn&#39;t too far out of reach for him I don&#39;t think. I know yeah humans are imperfect, sinful beings and that many people did it back then so they would all be &quot;evil&quot; then. But anyone who was having sex with their own slave was pretty twisted I would argue. Regardless of the time or frequency it was happening in such an era.</p>\n</div>', 'edited': False, 'id': 'ldqmziv', 'is_submitter': True, 'link_id': 't3_1e5x11e', 'parent_id': 't1_ldp6l2q', 'permalink': '/r/changemyview/comments/1e5x11e/cmv_the_roman_empire_was_cruel_and_evil_and/ldqmziv/', 'replies': <praw.models.comment_forest.CommentForest object at 0x2b6394a90>, 'saved': False, 'score': 1, 'stickied': False, 'submission': Submission(id='1e5x11e')}",3,"Honoring Rome for its contributions to Western culture, science, and polity is different than admiring Rome across all social parameters. It is important to include the atrocities committed by Rome when studying/teaching them, but that doesn't mean that they cannot or should not be praised for their legitimate contributions, especially when compared to other empires of antiquity who perhaps contributed far less.\n\nLikewise, it is important to study Thomas Jefferson in US history classes, even while acknowledging that he is admirable in *many* respects, but *not all*.","And I'm tired of people acting like it is something excusable because we can't possibly begin to understand what times were like back then or that everyone else was like that back then. For one, I'm certain not every single society back then were complacent with such atrocious acts like the Romans. Not that the idea of a modern government like today was conceived to ensure everyone has basic rights and cannot be oppressed, harmed, or infringed without consequence. However, even back then there would be people who can distinguish and feel what is inherently right and wrong.\n\nThen people will argue how there were even worse civilizations that made the Roman's look like child's play, I don't see how that is supposed to change anything either. It's like arguing if Stalin or Hitler was worse, one killed more people sure but the other killed way less in far more horrific and morbidly creative fashion. Well? Who cares? We all were doing something horrible at the time.\n\nIt's just silly to me that people will go to such extents to excuse and admire something so inhuman. It almost makes me feel like it is a point, perhaps like people say, we can't judge because honestly they seem so unreal, inhuman, and far removed that there MUST be something different back then that is incomprehensible to us. Or not, I think ultimately nothing has changed. America has tortured the innocent and bombed countless civilians.\n\nAnyhow, I think it is one thing to seek understanding and resolved through history, but to look at any civilization with such cruel and wicked practices as something admirable is horrendous.\n\nEdit: I figured I would throw this in here as well as I know someone might bring up what part of the Roman Empire. Which I quite literally do mean its entirety from beginning all the way to the fall of the west. ","CMV: The Roman Empire was cruel and evil and should not be revered, merely studied.",False,
lb1ac39,rollingwavesthrow,1ds8oa7,lb0u80q,1719782392.0,"""Different behaviour can be viewed differently.""\n\nYou've fully explained why that part of my argument has been so weak. Thank you!!\n\nI think this is where I'd give you a delta, yes?\n\n!delta","{'created_utc': 1719782392.0, 'body_html': '<div class=""md""><p>&quot;Different behaviour can be viewed differently.&quot;</p>\n\n<p>You&#39;ve fully explained why that part of my argument has been so weak. Thank you!!</p>\n\n<p>I think this is where I&#39;d give you a delta, yes?</p>\n\n<p>!delta</p>\n</div>', 'edited': False, 'id': 'lb1ac39', 'is_submitter': True, 'link_id': 't3_1ds8oa7', 'parent_id': 't1_lb0u80q', 'permalink': '/r/changemyview/comments/1ds8oa7/cmv_it_shouldnt_be_okay_for_human_rights_become/lb1ac39/', 'replies': <praw.models.comment_forest.CommentForest object at 0x2f907d6d0>, 'saved': False, 'score': 11, 'stickied': False, 'submission': Submission(id='1ds8oa7')}",3,"I think that you're missing two very important arguments, one in favour in your position and one against it.\n\n\nFirst is that violence (even justified) can change a person. I don't think that many people could torture someone and still remain the same as they used to be.\n\n\nBut a lot of rapists avoided responsibility for what they've done, or their punishments were way too light (like in case of Brock Turner). So I think that people support violence because they simply don't believe in justice, and they have reasons for it.\n\n\n> You cannot say ""its okay to torture people I hate"" and then look at other people torturing people they hate and say ""wait that's bad"".\n\n\nYou may disagree with this point of view, but it's not hypocritical. For example, it is okay to put those who committed crimes in prison, but it is not okay to imprison innocents. Different behaviour can be viewed differently.","This is the post I'm referring to. [Post](https://www.reddit.com/r/cursedcomments/comments/1drzbnt/cursed_chopped/)\n\nI recently read a post(a photo of a fake clickbait twitter thing to be clear, this DID NOT happen) where apparently some man cut off the genitals of his daughter's rapist, cooked it, and fed it to the rapist. Let me make two things clear.\n\n1. I **hate** rapists.\n2. I also support human rights.\n\nThese things can both be true.\n\nNow, when you look at the comment section, the people who somehow believed the post was real were calling the man a hero, and saying things like ""jury nullification"". This really confuses me. Rapists are bad people, but does being a bad person mean that people should have the right to do just *anything* to you?\n\nMy dislike for responses like these are twofold. First, the whole point of human rights is that they are unconditional. The worst serial killer will still get a fair trial-the judge can't say ""it's really obvious now throw them in jail"" You are not a hero or a good person for torturing people necessarily\n\nSecond, it's really hypocritical. I hope I explain this correctly but if I don't please tell me. You cannot say ""its okay to torture people I hate"" and then look at other people torturing people they hate and say ""wait that's bad"". This is \[special pleading\], isn't it? Consider public whippings of gay people in the middle east. The people in the comment section will certainly be okay with someone whipping some rapist or predator, but I would argue based on my experience with reddit that most of them would not be okay with the whipping of gay people. I don't think you can say, ""but pedophilia is ACTUALLY bad"" because the people supporting whipping gay people will say ""being gay is bad too""\n\nI support gay people to be clear(Happy Pride Month)and I hope my message there is coming across correctly. Human rights aren't optional for me. There is no ""opt out program"". You cannot torture people, no matter what, or you should be put in a cell as well. That rapist(even though he doesn't exist) should theoretically just face justice, or the closest thing you can get to it.\n\nSo why do people celebrate people like this as heroes? Or is this an isolated incident or a joke I don't get? Thank you!",CMV: It shouldn't be okay for human rights become optional when bad things happen to bad people,True,
lb15x1o,rollingwavesthrow,1ds8oa7,lb10ynm,1719780787.0,"""lose all human rights""\n\nIf they can lose their rights, then I don't think they had any rights to begin with, before they even committed the crime. Privileges are things you can lose. Rights are something you always have. Emotionally I would feel differently, but logically, I am fully against the cruel and unusual torture of anyone regardless of condition(don't bringup extreme conditions like ""what if you have to torture this person to save the world + end cancer, dementia and world hunger"")\n\nThanks for your response though!","{'created_utc': 1719780787.0, 'body_html': '<div class=""md""><p>&quot;lose all human rights&quot;</p>\n\n<p>If they can lose their rights, then I don&#39;t think they had any rights to begin with, before they even committed the crime. Privileges are things you can lose. Rights are something you always have. Emotionally I would feel differently, but logically, I am fully against the cruel and unusual torture of anyone regardless of condition(don&#39;t bringup extreme conditions like &quot;what if you have to torture this person to save the world + end cancer, dementia and world hunger&quot;)</p>\n\n<p>Thanks for your response though!</p>\n</div>', 'edited': False, 'id': 'lb15x1o', 'is_submitter': True, 'link_id': 't3_1ds8oa7', 'parent_id': 't1_lb10ynm', 'permalink': '/r/changemyview/comments/1ds8oa7/cmv_it_shouldnt_be_okay_for_human_rights_become/lb15x1o/', 'replies': <praw.models.comment_forest.CommentForest object at 0x2fb1f61d0>, 'saved': False, 'score': 2, 'stickied': False, 'submission': Submission(id='1ds8oa7')}",3,"it highly depends on the crime done for me there is a point where you stop being a human to me if you commit some crimes so the question is never if i believe in exceptions to human rights and more when you have lost the right to be considered human, let me give a example of 2 bad cases that everybody hates but 1 is a heck of a lot worse then the other 1. a grown man meets up with a 13 year old girl and has sex with the girls agreement she was still groomed and taken advantage of and the dude should be in jail for a long time but its not a crime worthy of losing human rights 2. a man kidnapping a 8 year old girl and raping her and torturing her and killing her then dumbing her body. that is a crime to me that makes that person lose all human rights and would celebrate his slow agonising death with the worst possible torture methods known to man. this is my point of view. this is with the preface that we know 100% that the person did it","This is the post I'm referring to. [Post](https://www.reddit.com/r/cursedcomments/comments/1drzbnt/cursed_chopped/)\n\nI recently read a post(a photo of a fake clickbait twitter thing to be clear, this DID NOT happen) where apparently some man cut off the genitals of his daughter's rapist, cooked it, and fed it to the rapist. Let me make two things clear.\n\n1. I **hate** rapists.\n2. I also support human rights.\n\nThese things can both be true.\n\nNow, when you look at the comment section, the people who somehow believed the post was real were calling the man a hero, and saying things like ""jury nullification"". This really confuses me. Rapists are bad people, but does being a bad person mean that people should have the right to do just *anything* to you?\n\nMy dislike for responses like these are twofold. First, the whole point of human rights is that they are unconditional. The worst serial killer will still get a fair trial-the judge can't say ""it's really obvious now throw them in jail"" You are not a hero or a good person for torturing people necessarily\n\nSecond, it's really hypocritical. I hope I explain this correctly but if I don't please tell me. You cannot say ""its okay to torture people I hate"" and then look at other people torturing people they hate and say ""wait that's bad"". This is \[special pleading\], isn't it? Consider public whippings of gay people in the middle east. The people in the comment section will certainly be okay with someone whipping some rapist or predator, but I would argue based on my experience with reddit that most of them would not be okay with the whipping of gay people. I don't think you can say, ""but pedophilia is ACTUALLY bad"" because the people supporting whipping gay people will say ""being gay is bad too""\n\nI support gay people to be clear(Happy Pride Month)and I hope my message there is coming across correctly. Human rights aren't optional for me. There is no ""opt out program"". You cannot torture people, no matter what, or you should be put in a cell as well. That rapist(even though he doesn't exist) should theoretically just face justice, or the closest thing you can get to it.\n\nSo why do people celebrate people like this as heroes? Or is this an isolated incident or a joke I don't get? Thank you!",CMV: It shouldn't be okay for human rights become optional when bad things happen to bad people,False,
l15xic7,ICuriosityCatI,1ccgdq9,l15i9f2,1714026140.0,">I knew this sounded eeriely familiar. Considering you went down this rabbit hole in the comments over on r/AskFeminists and didn't respond, I'll go ahead and simply offer you the same response here. \n\nI probably missed your response, or I didn't want to read such a long response at the time so I skipped it. \n\n>That being said, I have to seriously question your actual willingness in good-faith to actually challenge this view. You've tried to place a more pleasant veneer on a take I address below.\n\nI was far more frustrated when I posted those comments on ask feminists as I had just read the threads on there and as a man it's baffling and frustrating and I can only respond to any of it in comments. But I posted this in good faith. \n\n>With all that in mind, I still sincerely believe that you should consider the rhetorical situation involved in the cases you seem deeply troubled by. You've asked on multiple threads now for people to stop making generalizations, while making them yourself. Please consider your own motivations for this particular line of argument.\n\nEven if I'm a hypocrite, that doesn't make me wrong. I'm sure I'm sometimes a hypocrite and don't realize it, as everybody is at times. \n\nI'm just frustrated with dehumanizing slogans. It feels like we're going backwards and people are claiming we're going forwards. \n\n>If it's superlatives and absolutes that are frustrating you, I'd venture those are mostly either for convenience or word economy. You're looking for absolute semantic sense out of spoken/written words, but ignoring the pragmatics/rhetorical context and intent that goes into those words.\n\nI think prioritizing convenience and word economy over effective messaging is a big mistake. I understand it's catchy and easier to turn into a meme, but is that really what's most important? \n\n>Feminists are mad a patriarchal norms. They make statements about systemic issues they observe.\n\nUnderstandable, and they can do that in a less inflammatory manner. \n\n>The rhetorical choices they make evoke a negative emotional response in some readers/listeners.\n\nIndeed, but I don't think those responses are out of line\n\n>Many detractors use ""not all men"" as a thought terminating cliché. The underpinning of this cliché is essentially ""I disagree with not only your premise, but I will disregard your worldview based on this linguistic technicality."" \n\nI think that's a lot of people's default reaction, I don't think it's generally a chess move though I'm sure sometimes it is. \n\n\n\n>If your position is that all things require absolute logical provability and that all speech actions should require maximal specificity\n\nDefinitely not my position\n\n>On the other hand, if your contention is emotionally loaded language and ideologically motivated speech, I'm not sure what to tell you. Humans have emotions - that's a biological fact. The Western philosophical tradition and prizing stoicism and pure logic tries very hard to ignore our humanity in its pursuit of truth.\n\nWhile emotions are critical (I can be a fairly emotional person at times) especially on an individual level, in terms of society what's true and factual is far more important. I don't think a society that values emotions as much as facts will survive very long. And when I'm talking to people I do keep their emotions in mind. Even online, I don't want to hurt anybody. I'm not sociopathic. \n\n>What would you have speakers/writers say or do? Would something akin to ""Not all men, but it's a strong statistical probability that it is a man... [ad nauseum with the caveats]""\n\nI would say ""some men are trash."" But I'm talking in a general sense. It's one thing to argue on askfeminists, it's another thing to go to a sub where women are talking about their trauma caused by men and start lecturing them about using broad language. \n\n>That both distills the rhetorical intent behind the statement and, while it does increase precision, decreases the efficacy of conveying linguistic content.\n\nI agree, that's why I think something simple and slightly less catchy like ""some men"" would suffice. \n\n> Wouldn't the simplest solution be for any given audience to ask themselves this question: ""Does this apply to me?""\n\nThat would be a solution, but that's generally not how people react. \n\n>It's quite another thing to allow sophistry or calls for moderation/flexibility/concessions to appease people, who may or may not be acting in good faith, to be part of a permanent(ish) textual record that other audiences might read later. \n\nI think it leaves a much better impression because it shows a level of self awareness. Even if the other person is acting in bad faith. Sometimes I'll read a text post and come away with the impression that the person writing it thinks they're a god or something and that's very unsettling. \n\n>You say that feminism should throw in the towel now if it doesn't want to curtail (potential) insults.\n\nI think it's doomed if it doesn't, but I may be wrong. \n\n>Wouldn't making concessions to appease insulted men be tantamount to feminism taking care of men that are insulted because they feel maligned for the very patriarchal norms feminism is trying to highlight?\n\nIt would be, but I think you're missing the forest for the trees. The more support feminism gets, the more effective it will be. If ceding ground to the patriarchy in some aspect means gaining ground and toppling it somewhere else I would say that's worth it. \n\n>You yourself accused women of being provocateurs; I'm not trying to call you out as a hypocrite. I'd like to highlight that you defaulted to a sort of hyperbole for impact: \n\n>""I think women like to be provocative by making statements that are very broad and sound like they apply to all men..."" \n\nI was frustrated when I wrote that, normally I would have said sometimes and maybe some women. I'll admit, I was venting when I said that. \n\n>I've generally found feminist thinkers to be quite pleasant, helpful even, when approached in good faith. I don't think you should take righteous indignation with systemic oppression and character economy to be indicative of intent.\n\nI think overall most feminists have good intentions and want to make society a better place. And I agree with what you said about text vs conversation. \n\nAnd !delta because you've given me a lot to think about and made me question some of my beliefs and I appreciate it.","{'created_utc': 1714026140.0, 'body_html': '<div class=""md""><blockquote>\n<p>I knew this sounded eeriely familiar. Considering you went down this rabbit hole in the comments over on <a href=""/r/AskFeminists"">r/AskFeminists</a> and didn&#39;t respond, I&#39;ll go ahead and simply offer you the same response here. </p>\n</blockquote>\n\n<p>I probably missed your response, or I didn&#39;t want to read such a long response at the time so I skipped it. </p>\n\n<blockquote>\n<p>That being said, I have to seriously question your actual willingness in good-faith to actually challenge this view. You&#39;ve tried to place a more pleasant veneer on a take I address below.</p>\n</blockquote>\n\n<p>I was far more frustrated when I posted those comments on ask feminists as I had just read the threads on there and as a man it&#39;s baffling and frustrating and I can only respond to any of it in comments. But I posted this in good faith. </p>\n\n<blockquote>\n<p>With all that in mind, I still sincerely believe that you should consider the rhetorical situation involved in the cases you seem deeply troubled by. You&#39;ve asked on multiple threads now for people to stop making generalizations, while making them yourself. Please consider your own motivations for this particular line of argument.</p>\n</blockquote>\n\n<p>Even if I&#39;m a hypocrite, that doesn&#39;t make me wrong. I&#39;m sure I&#39;m sometimes a hypocrite and don&#39;t realize it, as everybody is at times. </p>\n\n<p>I&#39;m just frustrated with dehumanizing slogans. It feels like we&#39;re going backwards and people are claiming we&#39;re going forwards. </p>\n\n<blockquote>\n<p>If it&#39;s superlatives and absolutes that are frustrating you, I&#39;d venture those are mostly either for convenience or word economy. You&#39;re looking for absolute semantic sense out of spoken/written words, but ignoring the pragmatics/rhetorical context and intent that goes into those words.</p>\n</blockquote>\n\n<p>I think prioritizing convenience and word economy over effective messaging is a big mistake. I understand it&#39;s catchy and easier to turn into a meme, but is that really what&#39;s most important? </p>\n\n<blockquote>\n<p>Feminists are mad a patriarchal norms. They make statements about systemic issues they observe.</p>\n</blockquote>\n\n<p>Understandable, and they can do that in a less inflammatory manner. </p>\n\n<blockquote>\n<p>The rhetorical choices they make evoke a negative emotional response in some readers/listeners.</p>\n</blockquote>\n\n<p>Indeed, but I don&#39;t think those responses are out of line</p>\n\n<blockquote>\n<p>Many detractors use &quot;not all men&quot; as a thought terminating cliché. The underpinning of this cliché is essentially &quot;I disagree with not only your premise, but I will disregard your worldview based on this linguistic technicality.&quot; </p>\n</blockquote>\n\n<p>I think that&#39;s a lot of people&#39;s default reaction, I don&#39;t think it&#39;s generally a chess move though I&#39;m sure sometimes it is. </p>\n\n<blockquote>\n<p>If your position is that all things require absolute logical provability and that all speech actions should require maximal specificity</p>\n</blockquote>\n\n<p>Definitely not my position</p>\n\n<blockquote>\n<p>On the other hand, if your contention is emotionally loaded language and ideologically motivated speech, I&#39;m not sure what to tell you. Humans have emotions - that&#39;s a biological fact. The Western philosophical tradition and prizing stoicism and pure logic tries very hard to ignore our humanity in its pursuit of truth.</p>\n</blockquote>\n\n<p>While emotions are critical (I can be a fairly emotional person at times) especially on an individual level, in terms of society what&#39;s true and factual is far more important. I don&#39;t think a society that values emotions as much as facts will survive very long. And when I&#39;m talking to people I do keep their emotions in mind. Even online, I don&#39;t want to hurt anybody. I&#39;m not sociopathic. </p>\n\n<blockquote>\n<p>What would you have speakers/writers say or do? Would something akin to &quot;Not all men, but it&#39;s a strong statistical probability that it is a man... [ad nauseum with the caveats]&quot;</p>\n</blockquote>\n\n<p>I would say &quot;some men are trash.&quot; But I&#39;m talking in a general sense. It&#39;s one thing to argue on askfeminists, it&#39;s another thing to go to a sub where women are talking about their trauma caused by men and start lecturing them about using broad language. </p>\n\n<blockquote>\n<p>That both distills the rhetorical intent behind the statement and, while it does increase precision, decreases the efficacy of conveying linguistic content.</p>\n</blockquote>\n\n<p>I agree, that&#39;s why I think something simple and slightly less catchy like &quot;some men&quot; would suffice. </p>\n\n<blockquote>\n<p>Wouldn&#39;t the simplest solution be for any given audience to ask themselves this question: &quot;Does this apply to me?&quot;</p>\n</blockquote>\n\n<p>That would be a solution, but that&#39;s generally not how people react. </p>\n\n<blockquote>\n<p>It&#39;s quite another thing to allow sophistry or calls for moderation/flexibility/concessions to appease people, who may or may not be acting in good faith, to be part of a permanent(ish) textual record that other audiences might read later. </p>\n</blockquote>\n\n<p>I think it leaves a much better impression because it shows a level of self awareness. Even if the other person is acting in bad faith. Sometimes I&#39;ll read a text post and come away with the impression that the person writing it thinks they&#39;re a god or something and that&#39;s very unsettling. </p>\n\n<blockquote>\n<p>You say that feminism should throw in the towel now if it doesn&#39;t want to curtail (potential) insults.</p>\n</blockquote>\n\n<p>I think it&#39;s doomed if it doesn&#39;t, but I may be wrong. </p>\n\n<blockquote>\n<p>Wouldn&#39;t making concessions to appease insulted men be tantamount to feminism taking care of men that are insulted because they feel maligned for the very patriarchal norms feminism is trying to highlight?</p>\n</blockquote>\n\n<p>It would be, but I think you&#39;re missing the forest for the trees. The more support feminism gets, the more effective it will be. If ceding ground to the patriarchy in some aspect means gaining ground and toppling it somewhere else I would say that&#39;s worth it. </p>\n\n<blockquote>\n<p>You yourself accused women of being provocateurs; I&#39;m not trying to call you out as a hypocrite. I&#39;d like to highlight that you defaulted to a sort of hyperbole for impact: </p>\n\n<p>&quot;I think women like to be provocative by making statements that are very broad and sound like they apply to all men...&quot; </p>\n</blockquote>\n\n<p>I was frustrated when I wrote that, normally I would have said sometimes and maybe some women. I&#39;ll admit, I was venting when I said that. </p>\n\n<blockquote>\n<p>I&#39;ve generally found feminist thinkers to be quite pleasant, helpful even, when approached in good faith. I don&#39;t think you should take righteous indignation with systemic oppression and character economy to be indicative of intent.</p>\n</blockquote>\n\n<p>I think overall most feminists have good intentions and want to make society a better place. And I agree with what you said about text vs conversation. </p>\n\n<p>And !delta because you&#39;ve given me a lot to think about and made me question some of my beliefs and I appreciate it.</p>\n</div>', 'edited': False, 'id': 'l15xic7', 'is_submitter': True, 'link_id': 't3_1ccgdq9', 'parent_id': 't1_l15i9f2', 'permalink': '/r/changemyview/comments/1ccgdq9/cmv_when_people_continue_to_use_phrases_like_men/l15xic7/', 'replies': <praw.models.comment_forest.CommentForest object at 0x2b3d9d790>, 'saved': False, 'score': 15, 'stickied': False, 'submission': Submission(id='1ccgdq9')}",3,"I knew this sounded eeriely familiar. Considering you went down this rabbit hole in the comments over on r/AskFeminists and didn't respond, I'll go ahead and simply offer you the same response here. That being said, I have to seriously question your actual willingness in good-faith to actually challenge this view. You've tried to place a more pleasant veneer on a take I address below. With all that in mind, I still sincerely believe that you should consider the rhetorical situation involved in the cases you seem deeply troubled by. You've asked on multiple threads now for people to stop making generalizations, while making them yourself. Please consider your own motivations for this particular line of argument.\n\nFirst, here's a remix of my thoughts on the ""not all men"" issue:\n\nIf it's superlatives and absolutes that are frustrating you, I'd venture those are mostly either for convenience or word economy. You're looking for absolute semantic sense out of spoken/written words, but ignoring the pragmatics/rhetorical context and intent that goes into those words. \n\nFeminists are mad a patriarchal norms. They make statements about systemic issues they observe. The rhetorical choices they make evoke a negative emotional response in some readers/listeners. Many detractors use ""not all men"" as a thought terminating cliché. The underpinning of this cliché is essentially ""I disagree with not only your premise, but I will disregard your worldview based on this linguistic technicality."" \n\nIf your position is that all things require absolute logical provability and that all speech actions should require maximal specificity, I feel like you're doing two things wrong. First, you're basically suggesting it's impossible to discuss any large scale societal issue because any generalization will necessarily not encompass all cases. That isn't really very productive (in my estimation). Second, you're ignoring the way that I think human brains operate. Categorizing things is a way to make the mental load of dealing with stimuli, well, possible. As an example, building codes refer to all buildings of a certain type - would you argue that a unique code needs to be written for each individual building of every variety? Even if that's possible, it's wildly impractical. \n\nOn the other hand, if your contention is emotionally loaded language and ideologically motivated speech, I'm not sure what to tell you. Humans have emotions - that's a biological fact. The Western philosophical tradition and prizing stoicism and pure logic tries very hard to ignore our humanity in its pursuit of truth. Simultaneously, to assume that you're not the product of some conditioning (from some series of ideologies) is probably incorrect (I'd venture that, no matter how much of a free/purely logical thinker anyone is, they're subjected to some sort of indoctrination). \n\nWhat would you have speakers/writers say or do? Would something akin to ""Not all men, but it's a strong statistical probability that it is a man... [ad nauseum with the caveats]"" be more palatable to you? That both distills the rhetorical intent behind the statement and, while it does increase precision, decreases the efficacy of conveying linguistic content.\n\nSecond, it's worth pointing out two other things:\n\n1. Wouldn't the simplest solution be for any given audience to ask themselves this question: ""Does this apply to me?"" If the answer is 'no,' couldn't they simply acknowledge the frustration and intent behind the words and simply recognize they weren't the target of said utterance? If, however, the answer is 'yes,' I suspect that should be grounds for reflection. For the sake of specificity, I'll point out that I don't mean ""does the monicker 'men' apply,"" but rather ""am I culpable for the action being highlighted."" \n\n2. There's a significant difference between the context of your sidenote and the context of (presumably) a textual medium. A conversation, especially between people that know each other, not only has a variety of verbal cues that can make something humorous/satirical or hyperbolic for rhetorical impact, but it also is leaning on the interrelations of the speaker and audience. In a textual medium, especially one dedicated to a particular world view, there might be some situational value in a more purist, dogmatic approach: it's serving as a record and the people that are directly engaged aren't the only audiences. It's one thing to make concessions to a friend over drinks - be it forgiving a hyperbolic superlative or telling them that ""not all men"" are benefiting from patriarchal norms in the same way (and some, perhaps, not at all). It's quite another thing to allow sophistry or calls for moderation/flexibility/concessions to appease people, who may or may not be acting in good faith, to be part of a permanent(ish) textual record that other audiences might read later. In some contexts, it would be entirely antithetical to the discourse to allow that sort of coddling. It's entirely different in a spoken context among friends acting in good faith. \n\nYou say that feminism should throw in the towel now if it doesn't want to curtail (potential) insults. Wouldn't making concessions to appease insulted men be tantamount to feminism taking care of men that are insulted because they feel maligned for the very patriarchal norms feminism is trying to highlight? Wouldn't that be throwing in the towel, too? You yourself accused women of being provocateurs; I'm not trying to call you out as a hypocrite. I'd like to highlight that you defaulted to a sort of hyperbole for impact: \n\n""I think women like to be provocative by making statements that are very broad and sound like they apply to all men..."" \n\nI've generally found feminist thinkers to be quite pleasant, helpful even, when approached in good faith. I don't think you should take righteous indignation with systemic oppression and character economy to be indicative of intent.","This happens so often nowadays. Somebody uses some phrase that literally taken would be horrible but then when somebody predictably doesn't react well to the phrase they say they didn't actually mean it and blame the other person for interpreting that way. \n\nI was thinking about this the other day. If they really didn't want to be provocative, they would just slightly adjust what they were saying. Instead of ""men are trash"" ""some men are trash."" Almost everybody would agree with that. ""There are mediocre white men""- I don't like that word personally, but a lot of people would take no issue with the phrase and I agree with the spirit of the phrase. \n\nIt's not like men are trash or mediocre white man are important phrases that are attached to civil rights. They're just slogans and adding qualifiers would improve them significantly because there would be less confusion and less anger. \n\nAs always, I look forward to hearing other people's thoughts\n\n","CMV: When people continue to use phrases like men are trash or mediocre white men after seeing the negative reactions people have to them, they are trying to be inflammatory and they want people to assume the worst meaning, otherwise they would adjust what they are saying ",True,
l15c947,ICuriosityCatI,1ccgdq9,l15aw0d,1714014500.0,But it does mean you hate most Mondays or the average Monday. And I hate most men is an inflammatory and sexist statement.,"{'created_utc': 1714014500.0, 'body_html': '<div class=""md""><p>But it does mean you hate most Mondays or the average Monday. And I hate most men is an inflammatory and sexist statement.</p>\n</div>', 'edited': False, 'id': 'l15c947', 'is_submitter': True, 'link_id': 't3_1ccgdq9', 'parent_id': 't1_l15aw0d', 'permalink': '/r/changemyview/comments/1ccgdq9/cmv_when_people_continue_to_use_phrases_like_men/l15c947/', 'replies': <praw.models.comment_forest.CommentForest object at 0x2b3d95c50>, 'saved': False, 'score': 16, 'stickied': False, 'submission': Submission(id='1ccgdq9')}",3,I think this is very arbitrary when it doesn't need to be. If you're speaking to someone with common sense then it's really not needed.\n\nI hate Mondays - everyone says it. I say it. Doesn't mean i would hate a Monday if it was my birthday or I got a huge windfall of money.,"This happens so often nowadays. Somebody uses some phrase that literally taken would be horrible but then when somebody predictably doesn't react well to the phrase they say they didn't actually mean it and blame the other person for interpreting that way. \n\nI was thinking about this the other day. If they really didn't want to be provocative, they would just slightly adjust what they were saying. Instead of ""men are trash"" ""some men are trash."" Almost everybody would agree with that. ""There are mediocre white men""- I don't like that word personally, but a lot of people would take no issue with the phrase and I agree with the spirit of the phrase. \n\nIt's not like men are trash or mediocre white man are important phrases that are attached to civil rights. They're just slogans and adding qualifiers would improve them significantly because there would be less confusion and less anger. \n\nAs always, I look forward to hearing other people's thoughts\n\n","CMV: When people continue to use phrases like men are trash or mediocre white men after seeing the negative reactions people have to them, they are trying to be inflammatory and they want people to assume the worst meaning, otherwise they would adjust what they are saying ",False,
l73wamk,Mogglen,1d8511u,l73udye,1717528494.0,"I'm 28.\n\nI was absolutely harassed and called the f slur while I was a child, so I don't think it was very much different for my younger years. But I do agree that it has changed drastically in the past 30 years.\n\n>Folks that ""knew"" they were gay, but got into heterosexual relationships anyway, thought that they could hack it.\n\nThis is interesting. I think this is definitely something that I haven't considered in regards to how they genuinely believed they could ""do it"" but ultimately fail to.\n\nI'll give a !delta because it makes total sense that someone could be convinced that they weren't actually gay but had ""urges"" or something that might go away with time. \n\nI still believe that if you get into a hetero relationship while knowing you are gay it is morally wrong, but if you are confused or misunderstand what being gay actually entails, then I would agree with that instance.","{'created_utc': 1717528494.0, 'body_html': '<div class=""md""><p>I&#39;m 28.</p>\n\n<p>I was absolutely harassed and called the f slur while I was a child, so I don&#39;t think it was very much different for my younger years. But I do agree that it has changed drastically in the past 30 years.</p>\n\n<blockquote>\n<p>Folks that &quot;knew&quot; they were gay, but got into heterosexual relationships anyway, thought that they could hack it.</p>\n</blockquote>\n\n<p>This is interesting. I think this is definitely something that I haven&#39;t considered in regards to how they genuinely believed they could &quot;do it&quot; but ultimately fail to.</p>\n\n<p>I&#39;ll give a !delta because it makes total sense that someone could be convinced that they weren&#39;t actually gay but had &quot;urges&quot; or something that might go away with time. </p>\n\n<p>I still believe that if you get into a hetero relationship while knowing you are gay it is morally wrong, but if you are confused or misunderstand what being gay actually entails, then I would agree with that instance.</p>\n</div>', 'edited': False, 'id': 'l73wamk', 'is_submitter': True, 'link_id': 't3_1d8511u', 'parent_id': 't1_l73udye', 'permalink': '/r/changemyview/comments/1d8511u/cmv_marrying_someone_who_is_straight_while_you/l73wamk/', 'replies': <praw.models.comment_forest.CommentForest object at 0x288ed4d10>, 'saved': False, 'score': 11, 'stickied': False, 'submission': Submission(id='1d8511u')}",3,"How old are you?\n\nI don't mean that as an insult, but as a sincere question.  **A lot** has changed in the last 20-30 years around acceptance of homosexual relationships and the experience of someone in their 20's right now is very different than the experience of someone in their 40's or 50's.\n\nWhen I was growing up, being gay was still ""bad"" and not very well accepted.  Sure, there was the token gay couple in town and the token gay student in each class, but the average boy would be rather severely harassed for even hinting that they _might_ be gay.  That shit gets internalized, and many gay boys convinced themselves they were straight, because being gay was bad.\n\nSo I think that your post is based on a misunderstanding.  Folks that ""knew"" they were gay, but got into heterosexual relationships anyway, thought that they could hack it.  They were trying to be what society told them they _had_ to be and they _really_ thought that they could will themselves into not being gay.  They couldn't, but they were being earnest.\n\nEventually, societal acceptance reached a point where many of them could finally admit the truth to themselves.","Over the years I've watched or heard, of stories involving gay partners coming out further along in life after marriage. \n\nIf you know you are gay and you commit to a heterosexual relationship without conveying that information to your partner, you are a liar and a genuinely horrible person. Both to yourself and your partner.\n\nI would like to clarify that in this post I am strictly speaking about people that know they are gay BEFORE they commit to marriage. If you find out your sexuality later on in life, that's unfortunate for the other person but not your fault.\n\nIf someone is under threat of death due to religious, regional, or social influences. Then, I would make an exception in the case. \n\nThe single most important factor in a healthy relationship is trust. Withholding something as significant as, ""not being attracted to your partner"" is the ultimate level of betrayel.\n\nBeing born into an anti-LGBTQ+ family is not an exception. You have a moral obligation to not marry someone who is hetero and distance yourself from your family. I know that sounds harsh but that's how I feel.\n\nA really popular show that addressed this was, ""Grace and Frankie"". A Netflix series about two middle aged women finding out their husband's have been together for the majority of their marriages and the fallout afterwards. \n\nOn twitter I saw that people really liked both the gay husband's but I just couldn't bring myself to. When I looked at them I felt anger and frustration that they would do something so backhanded and disrespectful to their partners. In the show they even said they, ""loved them"" but you don't lie to someone you love for 30+.\n\nI'm part of the LGBTQ+ community and I just don't understand.\n\nWhat do you all think?","CMV: Marrying someone who is straight, while you yourself are gay and hiding it, makes you a horrible person.",True,
l73x6p8,Mogglen,1d8511u,l73upli,1717528791.0,">It's so much more complicated than that, is the thing. Sex is just one component of a healthy marriage, and it is totally possible to love someone without being sexually attracted to them.\n\nI can agree with this, but hiding a crucial part of your identity as your sexuality from your spouse is a pretty bad thing to do.\n\nI understand that social pressures can play a huge part in the decision-making process, but there has to come a point when holding onto a secret as huge as ""not being physically attracted to your partner"" becomes a betrayel of the expectations you put there in the first place.","{'created_utc': 1717528791.0, 'body_html': '<div class=""md""><blockquote>\n<p>It&#39;s so much more complicated than that, is the thing. Sex is just one component of a healthy marriage, and it is totally possible to love someone without being sexually attracted to them.</p>\n</blockquote>\n\n<p>I can agree with this, but hiding a crucial part of your identity as your sexuality from your spouse is a pretty bad thing to do.</p>\n\n<p>I understand that social pressures can play a huge part in the decision-making process, but there has to come a point when holding onto a secret as huge as &quot;not being physically attracted to your partner&quot; becomes a betrayel of the expectations you put there in the first place.</p>\n</div>', 'edited': False, 'id': 'l73x6p8', 'is_submitter': True, 'link_id': 't3_1d8511u', 'parent_id': 't1_l73upli', 'permalink': '/r/changemyview/comments/1d8511u/cmv_marrying_someone_who_is_straight_while_you/l73x6p8/', 'replies': <praw.models.comment_forest.CommentForest object at 0x288eda290>, 'saved': False, 'score': 63, 'stickied': False, 'submission': Submission(id='1d8511u')}",3,"It's so much more complicated than that, is the thing.   Sex is just one component of a healthy marriage, and it is totally possible to love someone without being sexually attracted to them.\n\nWith that in mind, it is also possible to believe that you can be a good and loving spouse without being sexually attracted to your partner.  You can even fill their sexual needs, you just probably won't enjoy it as much.\n\nCombine that with the social pressures LGBTQ+ people have faced in the past and continue to face these days, and it might look like a reasonable plan to be in a heterosexual presenting marriage.\n\nDon't get me wrong, it's not advisable, and not a good idea, but it is possible to get to that conclusion without being a horrible person.","Over the years I've watched or heard, of stories involving gay partners coming out further along in life after marriage. \n\nIf you know you are gay and you commit to a heterosexual relationship without conveying that information to your partner, you are a liar and a genuinely horrible person. Both to yourself and your partner.\n\nI would like to clarify that in this post I am strictly speaking about people that know they are gay BEFORE they commit to marriage. If you find out your sexuality later on in life, that's unfortunate for the other person but not your fault.\n\nIf someone is under threat of death due to religious, regional, or social influences. Then, I would make an exception in the case. \n\nThe single most important factor in a healthy relationship is trust. Withholding something as significant as, ""not being attracted to your partner"" is the ultimate level of betrayel.\n\nBeing born into an anti-LGBTQ+ family is not an exception. You have a moral obligation to not marry someone who is hetero and distance yourself from your family. I know that sounds harsh but that's how I feel.\n\nA really popular show that addressed this was, ""Grace and Frankie"". A Netflix series about two middle aged women finding out their husband's have been together for the majority of their marriages and the fallout afterwards. \n\nOn twitter I saw that people really liked both the gay husband's but I just couldn't bring myself to. When I looked at them I felt anger and frustration that they would do something so backhanded and disrespectful to their partners. In the show they even said they, ""loved them"" but you don't lie to someone you love for 30+.\n\nI'm part of the LGBTQ+ community and I just don't understand.\n\nWhat do you all think?","CMV: Marrying someone who is straight, while you yourself are gay and hiding it, makes you a horrible person.",False,
l373d1h,DivideEtImpala,1cncjqk,l36wyvb,1715206139.0,">so pretrial monitoring is maybe not enough to mitigate the risk of flight, once the trial has begun and those costs have set in.\n\nIn a case where the defendant is already out on bail, I'm not sure how it makes much difference. Someone with the means to flee can do so just as easily after court on a given Friday (3 days til they're due back) as they can if they aren't required. \n\n>2\n\nThe court already removes disruptive defendants and that's not considered a violation of due process. \n\n>3\n\nI think this is actually an interesting point, and I can definitely envision cases where a defendant can be made to appear competent for a short period of time pretrial (either put on drugs or *not* on drugs) for a few hours, when in reality they aren't competent at all and that would become apparent over the course of a full trial. \n\nI don't think that changes my overall conclusion but I'll give the !delta as I had not considered that.","{'created_utc': 1715206139.0, 'body_html': '<div class=""md""><blockquote>\n<p>so pretrial monitoring is maybe not enough to mitigate the risk of flight, once the trial has begun and those costs have set in.</p>\n</blockquote>\n\n<p>In a case where the defendant is already out on bail, I&#39;m not sure how it makes much difference. Someone with the means to flee can do so just as easily after court on a given Friday (3 days til they&#39;re due back) as they can if they aren&#39;t required. </p>\n\n<blockquote>\n<p>2</p>\n</blockquote>\n\n<p>The court already removes disruptive defendants and that&#39;s not considered a violation of due process. </p>\n\n<blockquote>\n<p>3</p>\n</blockquote>\n\n<p>I think this is actually an interesting point, and I can definitely envision cases where a defendant can be made to appear competent for a short period of time pretrial (either put on drugs or <em>not</em> on drugs) for a few hours, when in reality they aren&#39;t competent at all and that would become apparent over the course of a full trial. </p>\n\n<p>I don&#39;t think that changes my overall conclusion but I&#39;ll give the !delta as I had not considered that.</p>\n</div>', 'edited': False, 'id': 'l373d1h', 'is_submitter': True, 'link_id': 't3_1cncjqk', 'parent_id': 't1_l36wyvb', 'permalink': '/r/changemyview/comments/1cncjqk/cmv_a_criminal_defendant_should_have_the_right_to/l373d1h/', 'replies': <praw.models.comment_forest.CommentForest object at 0x2daa39250>, 'saved': False, 'score': 3, 'stickied': False, 'submission': Submission(id='1cncjqk')}",3,"I agree with you but thought of three objections:\n1) Trials are very costly if defendant absconds, so pretrial monitoring is maybe not enough to mitigate the risk of flight, once the trial has begun and those costs have set in. In general, making people come to court is a part of pretrial monitoring anyways, and the moments after a bunch of damning evidence is presented tends to have a much higher risk of flight than than the months before. \nWouldn’t apply if def is in custody of course. \n2) There are times when DP requires that defendants receive information, even when they’re not inclined to sit around and listen to it. For example, reading of rights at initial appearance. Maybe sitting through trial and hearing the evidence against you is something like this? Sort of like a right that you’re not allowed to give up because of how important it is to making sure your trial is fundamentally fair. Usually, defendants make the decision whether to testify after hearing the states case, and they maybe can’t do this in an informed way without being present. \n3) the court needs to independently confirm that the defendant is competent to proceed. I guess maybe you’d reply that a shorter pretrial colloquy would be sufficient to accomplish this, but it’s less efficient for the court than just seeing how they present during trial.","\n\n*This is obviously inspired by Trump's current trial, but my view is about the general case. I'm unlikely to respond to arguments that apply to Trump but not all presumptively innocent defendants.* \n\nThere is a saying about the justice system that sometimes ""the process is the punishment."" That is, even if you are completely innocent and will eventually be acquitted, mounting a successful defense in a criminal trial can be expensive, time-consuming, and mentally taxing. Even if you win you can still lose big. \n\nThe expense and emotional toll are unfortunate but unavoidable in our system (or would require massive reforms to change), but recognizing a defendant's affirmative right not to attend trial would be trivial. \n\nMy reasons for this view:\n\n1. The innocent defendant will never be able to recoup the lost time. If they assess the risk of losing the trial due to their absence as less important than whatever else they'd do with that time, that should be their choice. \n1. The defendant's appearance or behavior in court could negatively prejudice his case or reputation, and he should have a right not to appear if he thinks it will hurt him. \n1. The state (prosecution) has no right to have the defendant in court. If they can't prove their case without him there, they don't deserve a conviction. \n1. Lawfare. Criminal prosecution can be weaponized against an unfavored person where ""process is punishment"" is the intent. \n\nThings unlikely to change my view:\n\n1. [Federal Rule  43](https://www.law.cornell.edu/rules/frcrmp/rule_43) and various state rules require the defendant be present at the beginning of the case, but not throughout. This is to ensure a defendant's right to be present is waived voluntarily, and I think that's fine. \n1. ""Flight risk."" That's already handled by pretrial/bail system. I would agree to the defendant being required to appear on the last day of trial and any subsequent days of deliberation if there is a possibility he will be remanded into custody upon a guilty verdict. \n1. ""It's a bad legal strategy."" In most cases yes, but that should be up to the defendant and his counsel. \n\nAs applied to Trump's case or similar, I think judges should not have the power to compel a defendant's continued presence with the threat of contempt. To CMV I would need to see some compelling interest of justice or of the state that outweighs a presumptively innocent defendant's liberty interest.","CMV: A criminal defendant should have the right to appear, and also the right *not* to appear at their own trial without being held in contempt.",True,
l36fwp1,DivideEtImpala,1cncjqk,l36e1j9,1715198112.0,">Doesn't Federal Rule 43 specifically allow a defendant to waive their right to be at the trial?\n\nIt's a federal rule, I'm not actually sure of the relevant NY rule, but I was including it for the general principle that a defendant may be required to be present at the beginning of the trial to prove that waiving his right to continued presence is actually voluntary. (It could lead to messy appeals otherwise.)\n\nI'm saying I *do* think that's a valid requirement for the court. In the Trump NY case, it seems that he wants to waive that right and is not being allowed to.","{'created_utc': 1715198112.0, 'body_html': '<div class=""md""><blockquote>\n<p>Doesn&#39;t Federal Rule 43 specifically allow a defendant to waive their right to be at the trial?</p>\n</blockquote>\n\n<p>It&#39;s a federal rule, I&#39;m not actually sure of the relevant NY rule, but I was including it for the general principle that a defendant may be required to be present at the beginning of the trial to prove that waiving his right to continued presence is actually voluntary. (It could lead to messy appeals otherwise.)</p>\n\n<p>I&#39;m saying I <em>do</em> think that&#39;s a valid requirement for the court. In the Trump NY case, it seems that he wants to waive that right and is not being allowed to.</p>\n</div>', 'edited': False, 'id': 'l36fwp1', 'is_submitter': True, 'link_id': 't3_1cncjqk', 'parent_id': 't1_l36e1j9', 'permalink': '/r/changemyview/comments/1cncjqk/cmv_a_criminal_defendant_should_have_the_right_to/l36fwp1/', 'replies': <praw.models.comment_forest.CommentForest object at 0x2daa39f50>, 'saved': False, 'score': 0, 'stickied': False, 'submission': Submission(id='1cncjqk')}",3,"Edit: I answered my own question, and I now have the issue of a top level comment not challenging the CMV, I hope it doesn't get taken down simply to provide clarity in this CMV. Maybe it could constitute a challenge in that it appears to be legally true he must attend. It is not clear that OP is making a moral or legal claim.\n\nRule 43 is a Federal Courts Procedure, it is not a law and it can be different or trumped by State procedures. Clearly, NY requires the defendant to be present. If this were a federal trial, Rule 43 would likely apply and he could waive his right. Since this is in NY, it can have its own procedures. Again, procedures are not law. I personally agree this completely violates the 6th amendment as usually having the right to do something means you have the right not to do something (freedom of speech necessarily implies that you cannot be compelled to speak by the government). But per the rules, this appears to be legal. Not right, but legal.\n\n  \nQuotes below were my original comment for reference:\n\n>Maybe I am missing something, and admittedly, I am not following the Trump case. I did a bit of quick searching, but why is he compelled to stay?\n\n>Doesn't Federal Rule 43 specifically allow a defendant to waive their right to be at the trial? My non lawyerly reading of it says as long as its voluntary, its not a capital case, and/or if you are kicked out, you don't have to be there.\n\n>I would argue that to ensure the right isn't abused, a defendant should probably have to get up in a court room, and answer a series of questions to waive that right. That is not too much to ask of someone, much like a guilty plea. I want that to be public and unambiguous.\n\n>""Do you wish to waive the right to appear in your hearing, knowing you can revoke this waiver at any point?""\n\n>""Are you making this decision of your own free will?""\n\n>""Do you acknowledge that this goes against the advice of your counsel, and the waiver of your right can both be used against you, as well as negatively affect your case?""","\n\n*This is obviously inspired by Trump's current trial, but my view is about the general case. I'm unlikely to respond to arguments that apply to Trump but not all presumptively innocent defendants.* \n\nThere is a saying about the justice system that sometimes ""the process is the punishment."" That is, even if you are completely innocent and will eventually be acquitted, mounting a successful defense in a criminal trial can be expensive, time-consuming, and mentally taxing. Even if you win you can still lose big. \n\nThe expense and emotional toll are unfortunate but unavoidable in our system (or would require massive reforms to change), but recognizing a defendant's affirmative right not to attend trial would be trivial. \n\nMy reasons for this view:\n\n1. The innocent defendant will never be able to recoup the lost time. If they assess the risk of losing the trial due to their absence as less important than whatever else they'd do with that time, that should be their choice. \n1. The defendant's appearance or behavior in court could negatively prejudice his case or reputation, and he should have a right not to appear if he thinks it will hurt him. \n1. The state (prosecution) has no right to have the defendant in court. If they can't prove their case without him there, they don't deserve a conviction. \n1. Lawfare. Criminal prosecution can be weaponized against an unfavored person where ""process is punishment"" is the intent. \n\nThings unlikely to change my view:\n\n1. [Federal Rule  43](https://www.law.cornell.edu/rules/frcrmp/rule_43) and various state rules require the defendant be present at the beginning of the case, but not throughout. This is to ensure a defendant's right to be present is waived voluntarily, and I think that's fine. \n1. ""Flight risk."" That's already handled by pretrial/bail system. I would agree to the defendant being required to appear on the last day of trial and any subsequent days of deliberation if there is a possibility he will be remanded into custody upon a guilty verdict. \n1. ""It's a bad legal strategy."" In most cases yes, but that should be up to the defendant and his counsel. \n\nAs applied to Trump's case or similar, I think judges should not have the power to compel a defendant's continued presence with the threat of contempt. To CMV I would need to see some compelling interest of justice or of the state that outweighs a presumptively innocent defendant's liberty interest.","CMV: A criminal defendant should have the right to appear, and also the right *not* to appear at their own trial without being held in contempt.",False,
kxy8ek7,FormerBabyPerson,1bv07u1,kxy7vpi,1712195288.0, Δ\n\nI don't agree with this logic and would say that it's childish but also could see how it would make sense to be valid in that persons mind,"{'created_utc': 1712195288.0, 'body_html': '<div class=""md""><p>Δ</p>\n\n<p>I don&#39;t agree with this logic and would say that it&#39;s childish but also could see how it would make sense to be valid in that persons mind</p>\n</div>', 'edited': False, 'id': 'kxy8ek7', 'is_submitter': True, 'link_id': 't3_1bv07u1', 'parent_id': 't1_kxy7vpi', 'permalink': '/r/changemyview/comments/1bv07u1/cmv_if_pirating_a_game_isnt_stealingimmoral_then/kxy8ek7/', 'replies': <praw.models.comment_forest.CommentForest object at 0x290752050>, 'saved': False, 'score': 1, 'stickied': False, 'submission': Submission(id='1bv07u1')}",3,"Note that this isn't something that I personally I believe but here's some logic I saw which makes sense but it also pretty arbitrary and shows a skewed morality system\n\nAs they explained it prior to pirating a game, you don't have to agree to the terms of service at all. So 'technically' you aren't breaking any of the rules by pirating the game. The person who then proceeds to play the game who does have to agree to the terms of service is the only one actually breaking the rules\n\nBut if you're someone who is buying an only fans account just to redistribute the images, you do have to agree to the terms of service first, so when you take the images and repost them you're doing wrong.\n\nIt's very childish logic but logic nonetheless","In the communities I participate in, there’s an intersection of the idea that pirating a gamea (movies, apps, etc) isn’t stealing/infrinent/takign anything and is morally ok but reposting OF content is stealing and immoral.\n\nAlthough the arguments for both of these scenarios are exactly the same they are treated differently when they shouldn’t be. CMV\n\n*I will note from the start that one involving someone else’s nude body and equating it non consensual distribution of images isn’t a something that will cmv because in this situation the nude images are the product*",CMV: If pirating a game isn’t stealing/immoral then neither is reposting OF content,True,
kxwatxm,FormerBabyPerson,1bv07u1,kxw871p,1712171068.0,Can you explain further?,"{'created_utc': 1712171068.0, 'body_html': '<div class=""md""><p>Can you explain further?</p>\n</div>', 'edited': False, 'id': 'kxwatxm', 'is_submitter': True, 'link_id': 't3_1bv07u1', 'parent_id': 't1_kxw871p', 'permalink': '/r/changemyview/comments/1bv07u1/cmv_if_pirating_a_game_isnt_stealingimmoral_then/kxwatxm/', 'replies': <praw.models.comment_forest.CommentForest object at 0x29074fcd0>, 'saved': False, 'score': 1, 'stickied': False, 'submission': Submission(id='1bv07u1')}",3,"Your entire argument is based on defining Intellectual Property theft as not ""real theft"" because that's necessary for your statement to be true.","In the communities I participate in, there’s an intersection of the idea that pirating a gamea (movies, apps, etc) isn’t stealing/infrinent/takign anything and is morally ok but reposting OF content is stealing and immoral.\n\nAlthough the arguments for both of these scenarios are exactly the same they are treated differently when they shouldn’t be. CMV\n\n*I will note from the start that one involving someone else’s nude body and equating it non consensual distribution of images isn’t a something that will cmv because in this situation the nude images are the product*",CMV: If pirating a game isn’t stealing/immoral then neither is reposting OF content,False,
l5rrb1h,Dmillz648,1d15d28,l5rqgrf,1716744666.0,!delta This is what i was missing. Thank you. There was something that wasn’t clicking between Amish and some other Cults that i was looking for.,"{'created_utc': 1716744666.0, 'body_html': '<div class=""md""><p>!delta This is what i was missing. Thank you. There was something that wasn’t clicking between Amish and some other Cults that i was looking for.</p>\n</div>', 'edited': False, 'id': 'l5rrb1h', 'is_submitter': True, 'link_id': 't3_1d15d28', 'parent_id': 't1_l5rqgrf', 'permalink': '/r/changemyview/comments/1d15d28/cmv_the_amish_are_a_harmful_cult_that_is_only/l5rrb1h/', 'replies': <praw.models.comment_forest.CommentForest object at 0x2ebbe4950>, 'saved': False, 'score': 126, 'stickied': False, 'submission': Submission(id='1d15d28')}",3,"They come close in some ways but they avoid cultishness in some crucial other ways.  First, they can leave, no attempt is made to hold their spouse or property or safety hostage as cults do.  Second, they d don't proselytize.  Third they don't exploit their members.  They aren't giving sexual favors to the leadership, aren't being asked to give money so their leaders can live lavishly, all the *point* of a cult is absent.","The Amish are a religious group that shuns non members, Emphasizes a strict list of rules, separates its members from the outside world and creates an environment where leaving is extremely difficult and often dangerous.\n\nAmish parents are often physically abusive and tend to treat children as objects rather than people. The women in Amish society are seen as lesser than their husbands and in extreme cases are only given worth based on how many children they have.\n\nAmerican Society turns a blind eye to this because they use the same religious book as the major religion of Christianity.\n",CMV: The Amish are a harmful cult that is only accepted because they worship a God similar to christianity.,True,
l5rlojc,Dmillz648,1d15d28,l5rk1bi,1716742558.0,"Perhaps shun was a wrong choice in word. They keep separate and have no connection to non members outside of necessity.\n\nBeing indoctrinated to want to follow harmful practices is not necessarily a free choice. \n\nThis may be a difference in region, I live in the heart of Midwest amish country and personally i have never met an Amish teen with a car/phone/vape.","{'created_utc': 1716742558.0, 'body_html': '<div class=""md""><p>Perhaps shun was a wrong choice in word. They keep separate and have no connection to non members outside of necessity.</p>\n\n<p>Being indoctrinated to want to follow harmful practices is not necessarily a free choice. </p>\n\n<p>This may be a difference in region, I live in the heart of Midwest amish country and personally i have never met an Amish teen with a car/phone/vape.</p>\n</div>', 'edited': False, 'id': 'l5rlojc', 'is_submitter': True, 'link_id': 't3_1d15d28', 'parent_id': 't1_l5rk1bi', 'permalink': '/r/changemyview/comments/1d15d28/cmv_the_amish_are_a_harmful_cult_that_is_only/l5rlojc/', 'replies': <praw.models.comment_forest.CommentForest object at 0x2ef98d750>, 'saved': False, 'score': -2, 'stickied': False, 'submission': Submission(id='1d15d28')}",3,">The Amish are a religious group that shuns non members\n\nThey do not. I am not Amish. I have stayed on an Amish farm, toured Amish farms, talked with Amish people. \n\nThey shun MEMBERS who violate the rules (and, largely, don't want back in to the fold). \n\n>Emphasizes a strict list of rules, separates its members from the outside world and creates an environment where leaving is extremely difficult and often dangerous.\n\nThe members are separated of their own will. Yes, there are strict rules, which you sign on to when you're baptized. \n\nBefore you're baptized, you can go do whatever you like. There are Amish teens with cars, iphones, vapes. No, that stuff isn't encouraged, and sure, parents don't love it, but they're allowed to do it. Most parents don't love shit their teens get up to.\n\nEvery area/community is different, but it's not a cult any more than any other religion.","The Amish are a religious group that shuns non members, Emphasizes a strict list of rules, separates its members from the outside world and creates an environment where leaving is extremely difficult and often dangerous.\n\nAmish parents are often physically abusive and tend to treat children as objects rather than people. The women in Amish society are seen as lesser than their husbands and in extreme cases are only given worth based on how many children they have.\n\nAmerican Society turns a blind eye to this because they use the same religious book as the major religion of Christianity.\n",CMV: The Amish are a harmful cult that is only accepted because they worship a God similar to christianity.,False,
komlk5z,TheFinnebago,1ah5ccs,kole02g,1706900847.0,A few folks have mentioned resistance bands and that is a really good suggestion. Lots of versatility in a very cheap package. \n\nReally lets a user choose their exertion level in a way that kettlebells don’t quite.\n\n!delta,"{'created_utc': 1706900847.0, 'body_html': '<div class=""md""><p>A few folks have mentioned resistance bands and that is a really good suggestion. Lots of versatility in a very cheap package. </p>\n\n<p>Really lets a user choose their exertion level in a way that kettlebells don’t quite.</p>\n\n<p>!delta</p>\n</div>', 'edited': False, 'id': 'komlk5z', 'is_submitter': True, 'link_id': 't3_1ah5ccs', 'parent_id': 't1_kole02g', 'permalink': '/r/changemyview/comments/1ah5ccs/cmv_for_under_50_the_single_best_piece_of_home/komlk5z/', 'replies': <praw.models.comment_forest.CommentForest object at 0x2fda832d0>, 'saved': False, 'score': 23, 'stickied': False, 'submission': Submission(id='1ah5ccs')}",3,"Have you considered a set of stretch bands? Or is that not considered a single item, unlike a set of dumbbells?","This isn’t a big, intense, charged societal CMV. I’m genuinely looking for other thoughts here. But I do think the humble and versatile Kettlebell will be hard to beat.\n\nThe Kettlebell and the myriad associated exercises can do cardio or strength. It can be dynamic with swings and snatches, or low impact and static.\n\nIt has no moving parts and is incredibly sturdy (I’m talking the proper iron ones, I know the cheaper sand/plastic imitations aren’t as reliable). It takes up a very small footprint.\n\nThe big downside would be that you choose a specific weight and live with it for a while. I could see a user hitting a plateau after a time.  But even there I think the kettlebell is dynamic enough where you can feel a certain amount of mastery and fluidity, which will give your workouts greater depth.\n\nInterested to hear about other affordable home gym items folks are passionate about.\n\n**Defining ‘Single Piece of Home Gym Equipment’:** We’re talking about something that is reasonably one ‘thing’ used in a workout.  \n\nSo a ‘set of dumbbells’ is pushing the concept, but I’d listen. Because you do sort of need two dumbbells to do alternating curls or other sorts of established dumbbell workouts.\n\nA Jump Rope works. A Box Jump box works.  \n\nAn attachment for an existing workout station or squat rack you may have doesn’t work. But a standalone doorway pull up bar type attachment would.\n\nFinding something used for under $50 is a valid loophole, but it’s gotta be reasonable. Just because you found a bowflex or a treadmill cheap on Craigslist doesn’t mean others could.","CMV: For under $50, the single best piece of home gym equipment you can buy is a kettlebell.",True,
kolt1bz,TheFinnebago,1ah5ccs,kolfhhk,1706891041.0,"Good pitch, I also love stretching and yoga. \n\nBut do ya really need a yoga mat to get a good stretch in? You need resistance bands for resistance training (also a good pitch), and dumbbells for little free weight lifts, but stretching is doable on a lot of different surfaces, yea?","{'created_utc': 1706891041.0, 'body_html': '<div class=""md""><p>Good pitch, I also love stretching and yoga. </p>\n\n<p>But do ya really need a yoga mat to get a good stretch in? You need resistance bands for resistance training (also a good pitch), and dumbbells for little free weight lifts, but stretching is doable on a lot of different surfaces, yea?</p>\n</div>', 'edited': False, 'id': 'kolt1bz', 'is_submitter': True, 'link_id': 't3_1ah5ccs', 'parent_id': 't1_kolfhhk', 'permalink': '/r/changemyview/comments/1ah5ccs/cmv_for_under_50_the_single_best_piece_of_home/kolt1bz/', 'replies': <praw.models.comment_forest.CommentForest object at 0x2fda836d0>, 'saved': False, 'score': 3, 'stickied': False, 'submission': Submission(id='1ah5ccs')}",3,"The best type of equipment is whatever gets you excited about working out and regularly engaged. It’s not the same for everyone.\n\nFor me, it a yoga mat. I don’t love weight-training workouts, but some people do. My 87 y/o gram probably wouldn’t use a kettle bell, she has little free weights she uses. My wife likes resistance training so she has bands.\n\nIt’s whatever keeps you excited and engaged. Working out is not a one-size-fits-all thing. Everyone has different interests and everyone’s body is different.","This isn’t a big, intense, charged societal CMV. I’m genuinely looking for other thoughts here. But I do think the humble and versatile Kettlebell will be hard to beat.\n\nThe Kettlebell and the myriad associated exercises can do cardio or strength. It can be dynamic with swings and snatches, or low impact and static.\n\nIt has no moving parts and is incredibly sturdy (I’m talking the proper iron ones, I know the cheaper sand/plastic imitations aren’t as reliable). It takes up a very small footprint.\n\nThe big downside would be that you choose a specific weight and live with it for a while. I could see a user hitting a plateau after a time.  But even there I think the kettlebell is dynamic enough where you can feel a certain amount of mastery and fluidity, which will give your workouts greater depth.\n\nInterested to hear about other affordable home gym items folks are passionate about.\n\n**Defining ‘Single Piece of Home Gym Equipment’:** We’re talking about something that is reasonably one ‘thing’ used in a workout.  \n\nSo a ‘set of dumbbells’ is pushing the concept, but I’d listen. Because you do sort of need two dumbbells to do alternating curls or other sorts of established dumbbell workouts.\n\nA Jump Rope works. A Box Jump box works.  \n\nAn attachment for an existing workout station or squat rack you may have doesn’t work. But a standalone doorway pull up bar type attachment would.\n\nFinding something used for under $50 is a valid loophole, but it’s gotta be reasonable. Just because you found a bowflex or a treadmill cheap on Craigslist doesn’t mean others could.","CMV: For under $50, the single best piece of home gym equipment you can buy is a kettlebell.",False,
lu5ba39,TenTonneTamerlane,1gdcgv6,lu0kqxk,1730105514.0,"!delta\n\nWhile I still remain cautious of grouping straight white men as a collective whole, this comment did provide a much more nuanced take on the issue that I see a great deal of merit in - and when worded as such, I can see the use of dispersing power so as to avoid overbearing hegemony.","{'created_utc': 1730105514.0, 'body_html': '<div class=""md""><p>!delta</p>\n\n<p>While I still remain cautious of grouping straight white men as a collective whole, this comment did provide a much more nuanced take on the issue that I see a great deal of merit in - and when worded as such, I can see the use of dispersing power so as to avoid overbearing hegemony.</p>\n</div>', 'edited': False, 'id': 'lu5ba39', 'is_submitter': True, 'link_id': 't3_1gdcgv6', 'parent_id': 't1_lu0kqxk', 'permalink': '/r/changemyview/comments/1gdcgv6/cmv_certain_sects_of_liberals_believe_that_simply/lu5ba39/', 'replies': <praw.models.comment_forest.CommentForest object at 0x2b38b0350>, 'saved': False, 'score': 3, 'stickied': False, 'submission': Submission(id='1gdcgv6')}",3,">How many straight white men currently sit among the ranks of the Taliban, who don't merely decide ""How little to pay female staff"", but [simply ban them from working entirely,](https://www.latimes.com/world-nation/story/2024-07-07/an-afghan-woman-wanted-to-be-a-doctor-now-she-makes-pickles-as-the-taliban-restricts-womens-roles) among [various](https://www.theguardian.com/global-development/article/2024/aug/26/taliban-bar-on-afghan-women-speaking-in-public-un-afghanistan) [other](https://amu.tv/129066/) [restrictions](https://medicamondiale.org/en/where-we-empower-women/afghanistan) ?\n\nI think you're missing the point a bit. I'm skeptical that anyone views straight White men as some inherently harmful category, as if these qualities create a genetic predisposition to being oppressive assholes. And, if you asked the writer of the article, I'm sure they'd tell you the same thing. Instead, I think it's more sensible to read this as a more generic claim. Something like, ""In our society, there is a group which is empowered in a political sense, and treated as the norm in a cultural sense. This group being in possession of that hegemonic power lends itself to some bad outcomes. We should distribute that power more equitably, both because power being distributed equitably is a positive thing in and of itself, but also because power spread more evenly is liable to lead to better outcomes in some fashion.""\n\nSo, basically, the only reason these people are talking about straight White men is because that's the group that has the power. If the group in power were gay Black women, then presumably these articles would change to map to this reality, rather than simply continuing to exalt the leadership capacity of people who are not straight, White, and men. And the article's authors probably aren't actually cool with Modi supporters.","Two years ago in the UK, a new front in the culture wars opened up when large posters exclaiming [""Hey straight white men; pass the power!""](https://pbs.twimg.com/media/FYiLQixX0AEUK03?format=jpg&name=900x900) were spotted in various locations around its cities, as part of a taxpayer funded outdoor arts exhibition ran by an organisation by the name of 'Artichoke' - a vaguely progressive body aimed at making art more accessible to the public at large.\n\nEvidently, the art was designed to generate discussion, and due to its front page news level controversy, on that level at least it was an astounding success: with the intended message clearly being that 'straight white men' have too much power, and they need to hand it over to people who are not 'straight white men', in order to, according to Artichoke's own mission statement at least, ""Change the world for the better"".\n\nNow this kind of sentiment - that 'straight white men' (however they are defined) are currently in power, and they need to step aside and let 'other people' (again, however they are defined) run the show for a while - is one that seems, to my mind at least, alarmingly common in liberal circles.\n\nSee for example [this article](https://www.mirror.co.uk/news/uk-news/lily-allens-right-white-males-9562356#ICID=sharebar_twitter), which among other things,  claims:\n\n\>""It's white men who run the world. It's white men who prosecute the crimes, hand down the jail sentences, [decide how little to pay female staff,](http://www.mirror.co.uk/money/women-20s-paid-less-men-9560167) and tell the lies that keep everybody else blaming each other for the world's problems""\n\n\>""It's white males, worldwide, who are causing themselves and the rest of the planet the most problems. It was white males over 45 with an income of $100,000 or more who [voted for tiny-fingered Donald Trump to run the free world](http://www.mirror.co.uk/news/world-news/donald-trump-followed-emergency-kittens-9549099)""\n\nBefore finally concluding:\n\n\>""Let me ask you this: if all the statistics show you're running the world, and all the evidence shows you're not running it very well, how long do you think you'll be in the job? If all the white men who aren't sex offenders tried being a little less idiotic, the world would be a much better place"".\n\nAnd this, at last, brings us to the crux of my issue with such thinking. Because to the kinds of liberals who make these arguments - that it's white men who run the world, and are causing everyone else all the problems - could you please explain to me:\n\nHow many straight white men currently sit among the ranks of the Taliban, who don't merely decide ""How little to pay female staff"", but [simply ban them from working entirely,](https://www.latimes.com/world-nation/story/2024-07-07/an-afghan-woman-wanted-to-be-a-doctor-now-she-makes-pickles-as-the-taliban-restricts-womens-roles) among [various](https://www.theguardian.com/global-development/article/2024/aug/26/taliban-bar-on-afghan-women-speaking-in-public-un-afghanistan) [other](https://amu.tv/129066/) [restrictions](https://medicamondiale.org/en/where-we-empower-women/afghanistan) ?\n\nHow many straight white men currently govern countries such as Pakistan, Iran, and Thailand, where the kinds of crimes prosecuted involve [blasphemy (which carries the death penalty), ](https://www.bbc.co.uk/news/world-asia-68511557) [not wearing the hijab (which again, basically carries the death penalty)](https://www.theguardian.com/global-development/2022/sep/16/iranian-woman-dies-after-being-beaten-by-morality-police-over-hijab-law), and [criticising the monarchy (no death penalty at least, but still 15 years in prison)](https://www.theguardian.com/world/article/2024/aug/08/thailands-lese-majesty-laws-explained-in-30-seconds#:~:text=Under%20article%20112%20of%20the,majesty%20%E2%80%93%20anywhere%20in%20the%20world) ?\n\nOr how many straight white men were responsible for ""blaming someone else"" for the problems of any of those [various countries](https://en.wikipedia.org/wiki/List_of_ethnic_cleansing_campaigns#2000s) in which acts of ethnic cleansing have taken place, on the orders of governments in which not a single straight white man sat? It seems rather that the non white officials of these nations are quite capable of harassing their own scapegoats.\n\nIndeed, the article preaches against the thousands of white men who voted for Trump -  ignoring the fact that more [Indians ](https://en.wikipedia.org/wiki/Results_of_the_2019_Indian_general_election)voted for Modi's [far right](https://jacobin.com/2024/03/bjp-far-right-modi-india) BJP, than there are white men in America \*at all\*!\n\nNow; I must stress. NONE of the above is to say that straight white men have never restricted the rights of women, passed overbearing laws, or persecuted minorities. Of course they have; but surely it is more than enough evidence to show that NONE of those behaviours are exclusive to straight white men, and so simply demanding straight white men step down and ""Pass the power!"" is no guarantee of a progressive utopia-  when so many countries not run by straight white men are \*far\* from such? Moreover; does it not also suggest that ideology is NOT dictated by race, and therefore asserting that we can judge how progressive -or regressive- one's politics are simply by skin tone is ludicrous?\n\nIndeed, the whole idea that 'straight white men' exisit as a political collective at all seems frankly baffling to me; many liberals ironically seem to know the difference between Bernie Sanders/Jeremy Corbyn and Donald Trump/Boris Johnson (delete as nationally applicable) very well, and if straight white men do act in such a collective spirit, as liberals often allege, then how in high heaven did England have a series of [vicious civil wars, driven in part by religious sectarianism,](https://www.britannica.com/event/English-Civil-Wars) at a time when nearly every politician in the country was straight, white and male?! Surely this shows ""straight white men"" can be as divided among themselves (if there is even an ""themselves"" to talk about here!) as they are against anyone else; indeed my first question when confronted with the ""straight white men"" allegation is - who do we mean here? The proto-communist Diggers and Levellers of England's aforementioned civil wars; its authoritarian anti-monarchy Protestant militarists; or its flamboyant Catholic royalists? To say ""straight white men"" are -\*one thing\*- surely becomes increasingly ludicrous the more one thinks about it.\n\nOn which note, while we're back with the UK - even if all such people did step down, and hand over their power, we would still find a great deal of conservatism in the ranks of our politics; we may even find non white MPs standing up and demanding the [recriminalisation of homosexuality](https://www.theguardian.com/uk-news/2016/apr/11/british-muslims-strong-sense-of-belonging-poll-homosexuality-sharia-law), or even [persecution for apostasy.](https://www.bbc.co.uk/news/magazine-34357047) Yes, many ethnic minorities are more likely to vote for ""progressive"" parties (Labour in the UK, the Democrats in the US), but this clearly does not translate to political progressivism on their own individual part.\n\nNow, a counter argument to my view here may be; ""But are you not cherry-picking the worst examples? Why do you not look at those non-white societies which, presently or historically, have been more progressive?"".\n\nAnd I concede; ancient India may have been more accepting of homosexuality and gender fluidity than was the norm in (white) Europe - as were several Native American nations. But this too ignores the fact that, as today, non white societies in the past also ran on a spectrum of progressive to conservative: certain Native American societies might well have been gender egalitarian, even matriarchies - but many of the Confucian states in East Asia (particularly China) were perhaps even more patriarchal than was the norm in Europe. Indeed, they were certainly as apt at [warfare](https://www.cambridge.org/core/books/abs/cambridge-world-history-of-genocide/atrocity-and-genocide-in-japans-invasion-of-korea-15921598/7EFEAB40BC9D61D2F9E92CF8C506FB70), [genocide, ](https://www.cambridge.org/core/books/abs/cambridge-world-history-of-genocide/qing-extermination-of-the-zunghars/6D038CADD0F808459451175C1CAD6DC5)and [ethnic persecution.](https://www.cambridge.org/core/books/abs/cambridge-world-history-of-genocide/viet-nam-and-the-genocide-of-champa-14701509/6E8490A4C5670883A94DAD24BF5C899A)\n\nAll of which is to say, finally reaching my conclusion, in which (I hope!), I have effectively stated my case:\n\nHistory, foreign politics, and even the attitudes of minorities within 'white' majority countries all suggest that there is no correlation between skin tone and political belief - and it is FAR MORE important to listen to what people actually believe, rather than lazily assume ""Oh, you have X skin tone, therefore you must believe Y, and surrender your power to Z who will make the world a better place than you"".\n\nOnce again I must stress -  the argument I am making here is NOT that there should be \*only\* straight white men in politics, that actually straight white men \*are\* inherently better at politics, or that non white men are inherently \*worse\* - I am well aware that there are many extremely progressive POC, as there are many extremely progressive white men.\n\nRather, I argue exactly the opposite; that liberal identity essentialism is entirely in the wrong, and no one group of people are any inherently more progressive or conservative than any other - thus, simply removing one group from power is no guarantee of achieving progressive causes.\n\nI stand of course to be proven incorrect; and will adjust my view as your thoughts come in!",CMV: Certain sects of liberals believe that simply reducing the power of 'straight white men' will inevitably lead to more progressive politics all round. They are mistaken. ,True,
lucbz2u,TenTonneTamerlane,1gdcgv6,luca246,1730206924.0,"Hi there!\n\nWith respect; I'm not sure if I agree with the statement \n\n>""Almost every consequential decision in history has been made by white men""\n\nAs a student of Chinese history (and east/south east Asian history more generally) I can assure you -\n\nWell; ""white men"" didn't arrive in China at all until the 17th century, and exerted no political power over it until the later 19th - the same could be held true of most east Asian states - which means that for several thousand years, a great many consequential decisions were being made entirely by Asians. \n\nNow true, you could say decisions made in 18th century Beijing didn't affect life in sub-saharan Africa,  whereas decisions made in 19th century London could - but does this make them any less consequential for many millions of people? I feel this is a strange view of history which suggests ""nothing much of consequence happened until the white man arrived"" - which could be seen as, I suppose, patronising at best? And even when the white man does arrive, the native people are still entirely capable of making their own consequential decisions in response to him; they don't suddenly stop becoming actors in their own right.\n\nMoreover (and this alludes to ""The Manchu Paradox"" I mentioned elsewhere) - did white men make those decisions *because* they were white men? Would all white men have made the same decisions? Would non whites have made different choices?\n\nFrom the evidence I've seen in my study of both European and East Asian history, I'm far from convinced..\n\nI hope this makes sense !","{'created_utc': 1730206924.0, 'body_html': '<div class=""md""><p>Hi there!</p>\n\n<p>With respect; I&#39;m not sure if I agree with the statement </p>\n\n<blockquote>\n<p>&quot;Almost every consequential decision in history has been made by white men&quot;</p>\n</blockquote>\n\n<p>As a student of Chinese history (and east/south east Asian history more generally) I can assure you -</p>\n\n<p>Well; &quot;white men&quot; didn&#39;t arrive in China at all until the 17th century, and exerted no political power over it until the later 19th - the same could be held true of most east Asian states - which means that for several thousand years, a great many consequential decisions were being made entirely by Asians. </p>\n\n<p>Now true, you could say decisions made in 18th century Beijing didn&#39;t affect life in sub-saharan Africa,  whereas decisions made in 19th century London could - but does this make them any less consequential for many millions of people? I feel this is a strange view of history which suggests &quot;nothing much of consequence happened until the white man arrived&quot; - which could be seen as, I suppose, patronising at best? And even when the white man does arrive, the native people are still entirely capable of making their own consequential decisions in response to him; they don&#39;t suddenly stop becoming actors in their own right.</p>\n\n<p>Moreover (and this alludes to &quot;The Manchu Paradox&quot; I mentioned elsewhere) - did white men make those decisions <em>because</em> they were white men? Would all white men have made the same decisions? Would non whites have made different choices?</p>\n\n<p>From the evidence I&#39;ve seen in my study of both European and East Asian history, I&#39;m far from convinced..</p>\n\n<p>I hope this makes sense !</p>\n</div>', 'edited': False, 'id': 'lucbz2u', 'is_submitter': True, 'link_id': 't3_1gdcgv6', 'parent_id': 't1_luca246', 'permalink': '/r/changemyview/comments/1gdcgv6/cmv_certain_sects_of_liberals_believe_that_simply/lucbz2u/', 'replies': <praw.models.comment_forest.CommentForest object at 0x2b38792d0>, 'saved': False, 'score': 3, 'stickied': False, 'submission': Submission(id='1gdcgv6')}",3,The writer missed the point of the sign.  The sign addressed the fact that almost every consequential decision in history has been made by white men.,"Two years ago in the UK, a new front in the culture wars opened up when large posters exclaiming [""Hey straight white men; pass the power!""](https://pbs.twimg.com/media/FYiLQixX0AEUK03?format=jpg&name=900x900) were spotted in various locations around its cities, as part of a taxpayer funded outdoor arts exhibition ran by an organisation by the name of 'Artichoke' - a vaguely progressive body aimed at making art more accessible to the public at large.\n\nEvidently, the art was designed to generate discussion, and due to its front page news level controversy, on that level at least it was an astounding success: with the intended message clearly being that 'straight white men' have too much power, and they need to hand it over to people who are not 'straight white men', in order to, according to Artichoke's own mission statement at least, ""Change the world for the better"".\n\nNow this kind of sentiment - that 'straight white men' (however they are defined) are currently in power, and they need to step aside and let 'other people' (again, however they are defined) run the show for a while - is one that seems, to my mind at least, alarmingly common in liberal circles.\n\nSee for example [this article](https://www.mirror.co.uk/news/uk-news/lily-allens-right-white-males-9562356#ICID=sharebar_twitter), which among other things,  claims:\n\n\>""It's white men who run the world. It's white men who prosecute the crimes, hand down the jail sentences, [decide how little to pay female staff,](http://www.mirror.co.uk/money/women-20s-paid-less-men-9560167) and tell the lies that keep everybody else blaming each other for the world's problems""\n\n\>""It's white males, worldwide, who are causing themselves and the rest of the planet the most problems. It was white males over 45 with an income of $100,000 or more who [voted for tiny-fingered Donald Trump to run the free world](http://www.mirror.co.uk/news/world-news/donald-trump-followed-emergency-kittens-9549099)""\n\nBefore finally concluding:\n\n\>""Let me ask you this: if all the statistics show you're running the world, and all the evidence shows you're not running it very well, how long do you think you'll be in the job? If all the white men who aren't sex offenders tried being a little less idiotic, the world would be a much better place"".\n\nAnd this, at last, brings us to the crux of my issue with such thinking. Because to the kinds of liberals who make these arguments - that it's white men who run the world, and are causing everyone else all the problems - could you please explain to me:\n\nHow many straight white men currently sit among the ranks of the Taliban, who don't merely decide ""How little to pay female staff"", but [simply ban them from working entirely,](https://www.latimes.com/world-nation/story/2024-07-07/an-afghan-woman-wanted-to-be-a-doctor-now-she-makes-pickles-as-the-taliban-restricts-womens-roles) among [various](https://www.theguardian.com/global-development/article/2024/aug/26/taliban-bar-on-afghan-women-speaking-in-public-un-afghanistan) [other](https://amu.tv/129066/) [restrictions](https://medicamondiale.org/en/where-we-empower-women/afghanistan) ?\n\nHow many straight white men currently govern countries such as Pakistan, Iran, and Thailand, where the kinds of crimes prosecuted involve [blasphemy (which carries the death penalty), ](https://www.bbc.co.uk/news/world-asia-68511557) [not wearing the hijab (which again, basically carries the death penalty)](https://www.theguardian.com/global-development/2022/sep/16/iranian-woman-dies-after-being-beaten-by-morality-police-over-hijab-law), and [criticising the monarchy (no death penalty at least, but still 15 years in prison)](https://www.theguardian.com/world/article/2024/aug/08/thailands-lese-majesty-laws-explained-in-30-seconds#:~:text=Under%20article%20112%20of%20the,majesty%20%E2%80%93%20anywhere%20in%20the%20world) ?\n\nOr how many straight white men were responsible for ""blaming someone else"" for the problems of any of those [various countries](https://en.wikipedia.org/wiki/List_of_ethnic_cleansing_campaigns#2000s) in which acts of ethnic cleansing have taken place, on the orders of governments in which not a single straight white man sat? It seems rather that the non white officials of these nations are quite capable of harassing their own scapegoats.\n\nIndeed, the article preaches against the thousands of white men who voted for Trump -  ignoring the fact that more [Indians ](https://en.wikipedia.org/wiki/Results_of_the_2019_Indian_general_election)voted for Modi's [far right](https://jacobin.com/2024/03/bjp-far-right-modi-india) BJP, than there are white men in America \*at all\*!\n\nNow; I must stress. NONE of the above is to say that straight white men have never restricted the rights of women, passed overbearing laws, or persecuted minorities. Of course they have; but surely it is more than enough evidence to show that NONE of those behaviours are exclusive to straight white men, and so simply demanding straight white men step down and ""Pass the power!"" is no guarantee of a progressive utopia-  when so many countries not run by straight white men are \*far\* from such? Moreover; does it not also suggest that ideology is NOT dictated by race, and therefore asserting that we can judge how progressive -or regressive- one's politics are simply by skin tone is ludicrous?\n\nIndeed, the whole idea that 'straight white men' exisit as a political collective at all seems frankly baffling to me; many liberals ironically seem to know the difference between Bernie Sanders/Jeremy Corbyn and Donald Trump/Boris Johnson (delete as nationally applicable) very well, and if straight white men do act in such a collective spirit, as liberals often allege, then how in high heaven did England have a series of [vicious civil wars, driven in part by religious sectarianism,](https://www.britannica.com/event/English-Civil-Wars) at a time when nearly every politician in the country was straight, white and male?! Surely this shows ""straight white men"" can be as divided among themselves (if there is even an ""themselves"" to talk about here!) as they are against anyone else; indeed my first question when confronted with the ""straight white men"" allegation is - who do we mean here? The proto-communist Diggers and Levellers of England's aforementioned civil wars; its authoritarian anti-monarchy Protestant militarists; or its flamboyant Catholic royalists? To say ""straight white men"" are -\*one thing\*- surely becomes increasingly ludicrous the more one thinks about it.\n\nOn which note, while we're back with the UK - even if all such people did step down, and hand over their power, we would still find a great deal of conservatism in the ranks of our politics; we may even find non white MPs standing up and demanding the [recriminalisation of homosexuality](https://www.theguardian.com/uk-news/2016/apr/11/british-muslims-strong-sense-of-belonging-poll-homosexuality-sharia-law), or even [persecution for apostasy.](https://www.bbc.co.uk/news/magazine-34357047) Yes, many ethnic minorities are more likely to vote for ""progressive"" parties (Labour in the UK, the Democrats in the US), but this clearly does not translate to political progressivism on their own individual part.\n\nNow, a counter argument to my view here may be; ""But are you not cherry-picking the worst examples? Why do you not look at those non-white societies which, presently or historically, have been more progressive?"".\n\nAnd I concede; ancient India may have been more accepting of homosexuality and gender fluidity than was the norm in (white) Europe - as were several Native American nations. But this too ignores the fact that, as today, non white societies in the past also ran on a spectrum of progressive to conservative: certain Native American societies might well have been gender egalitarian, even matriarchies - but many of the Confucian states in East Asia (particularly China) were perhaps even more patriarchal than was the norm in Europe. Indeed, they were certainly as apt at [warfare](https://www.cambridge.org/core/books/abs/cambridge-world-history-of-genocide/atrocity-and-genocide-in-japans-invasion-of-korea-15921598/7EFEAB40BC9D61D2F9E92CF8C506FB70), [genocide, ](https://www.cambridge.org/core/books/abs/cambridge-world-history-of-genocide/qing-extermination-of-the-zunghars/6D038CADD0F808459451175C1CAD6DC5)and [ethnic persecution.](https://www.cambridge.org/core/books/abs/cambridge-world-history-of-genocide/viet-nam-and-the-genocide-of-champa-14701509/6E8490A4C5670883A94DAD24BF5C899A)\n\nAll of which is to say, finally reaching my conclusion, in which (I hope!), I have effectively stated my case:\n\nHistory, foreign politics, and even the attitudes of minorities within 'white' majority countries all suggest that there is no correlation between skin tone and political belief - and it is FAR MORE important to listen to what people actually believe, rather than lazily assume ""Oh, you have X skin tone, therefore you must believe Y, and surrender your power to Z who will make the world a better place than you"".\n\nOnce again I must stress -  the argument I am making here is NOT that there should be \*only\* straight white men in politics, that actually straight white men \*are\* inherently better at politics, or that non white men are inherently \*worse\* - I am well aware that there are many extremely progressive POC, as there are many extremely progressive white men.\n\nRather, I argue exactly the opposite; that liberal identity essentialism is entirely in the wrong, and no one group of people are any inherently more progressive or conservative than any other - thus, simply removing one group from power is no guarantee of achieving progressive causes.\n\nI stand of course to be proven incorrect; and will adjust my view as your thoughts come in!",CMV: Certain sects of liberals believe that simply reducing the power of 'straight white men' will inevitably lead to more progressive politics all round. They are mistaken. ,False,
ln4i1p4,Destiny2simplified,1fgs90v,ln4g0np,1726339481.0,"I disagree that the employees' pay is ever the customers responsibility. It is a terrible situation but ultimately not the customers responsibility to go above and beyond than paying for the good or service, provided in this example no added service is given. I also disagree that because the situation is absurd and unfair that makes it logical to go along with it. \n\nThank you for the response but this does not change my view. \n\nI do however like your point about trying to change corporate culture and would absolutely love to be a part of that so I will award a !delta","{'created_utc': 1726339481.0, 'body_html': '<div class=""md""><p>I disagree that the employees&#39; pay is ever the customers responsibility. It is a terrible situation but ultimately not the customers responsibility to go above and beyond than paying for the good or service, provided in this example no added service is given. I also disagree that because the situation is absurd and unfair that makes it logical to go along with it. </p>\n\n<p>Thank you for the response but this does not change my view. </p>\n\n<p>I do however like your point about trying to change corporate culture and would absolutely love to be a part of that so I will award a !delta</p>\n</div>', 'edited': 1726344247.0, 'id': 'ln4i1p4', 'is_submitter': True, 'link_id': 't3_1fgs90v', 'parent_id': 't1_ln4g0np', 'permalink': '/r/changemyview/comments/1fgs90v/cmv_when_i_pay_for_something_i_will_only_tip_for/ln4i1p4/', 'replies': <praw.models.comment_forest.CommentForest object at 0x2aca40450>, 'saved': False, 'score': 2, 'stickied': False, 'submission': Submission(id='1fgs90v')}",3,"So, you're not wrong in a vacuum, but unfortunately the world isn't set up so you only ever have to do things that are fair and reasonable.\n\nThe fact is, in many cases, if you don't tip then your server won't get paid enough to live on. Should this be your responsibility? Absolutely not, no, *obviously* their employer should be paying them enough to live on without demanding the customers make up the difference. But they're not, and it is, and it's irrational to base your actions on what you'd do in the fair situation that doesn't exist rather then the unfair situation that does.\n\nThe fact the situation you're in is absurd doesn't change the fact its the situation you're in. Given you *are* in an unfair and absurd situation, we have to determine what is logical and fair in that context, which is to pay the extra 10%, significantly helping someone at minimal expense to yourself. \n\nIdeally, also try and change corporate culture so employers just pay their employees a fair amount. But until you do that, sadly, *someone's* gotta keep giving servers tips.","At a restaurant I pay for the food, I tip for the added service of bringing the food to my table. This makes sense logically. If I pay for a good or service and something extra is provided, I tip. \nEDIT: Added restaurant context. Bringing food to the table is not the only reason I tip. Periodically asking the table if we need anything and refilling drinks fall under my definition of tip merited service. I clarified this in comments. \n\nHaircuts: illogical to tip for. I am paying for the service, and there is nothing extra being provided. People like to say ""well if your barber does a great job"" yes they should do a great job. I paid for the service. \n\nCoffee: I am paying for a drink. If I pick up the drink and if isn't brought to me, no tip is earned. \n\nDrive through: I don't need to explain this one. Asking for tips at a drive through is illogical. \n\nPlease CMV with actual logic so I might understand why you think I should logically have go provide tips when no additional service is provided. Underpaid workers in my opinion is not the responsibility of the customer. \n\nEdit: closing it for now. Wish I could reply to everybody but I have to go. Thank you for all the viewpoints. It strengthened my own view and provided good clarifications and insight. ","CMV: When I pay for something, I will only tip for additional service. Therefore, tipping for things such as haircuts, coffee, or at drive-throughs is illogical. It isn't my responsibility to pay underpaid workers. ",True,
ln50obz,Destiny2simplified,1fgs90v,ln4zblm,1726345222.0,Yes that is the unfortunate part.,"{'created_utc': 1726345222.0, 'body_html': '<div class=""md""><p>Yes that is the unfortunate part.</p>\n</div>', 'edited': False, 'id': 'ln50obz', 'is_submitter': True, 'link_id': 't3_1fgs90v', 'parent_id': 't1_ln4zblm', 'permalink': '/r/changemyview/comments/1fgs90v/cmv_when_i_pay_for_something_i_will_only_tip_for/ln50obz/', 'replies': <praw.models.comment_forest.CommentForest object at 0x2acad9010>, 'saved': False, 'score': 2, 'stickied': False, 'submission': Submission(id='1fgs90v')}",3,I agree with you but don't go back to those people because they think differently and EXPECT a tip so when you don't you burnt that bridge. \n\nSo go find a new spot each time.,"At a restaurant I pay for the food, I tip for the added service of bringing the food to my table. This makes sense logically. If I pay for a good or service and something extra is provided, I tip. \nEDIT: Added restaurant context. Bringing food to the table is not the only reason I tip. Periodically asking the table if we need anything and refilling drinks fall under my definition of tip merited service. I clarified this in comments. \n\nHaircuts: illogical to tip for. I am paying for the service, and there is nothing extra being provided. People like to say ""well if your barber does a great job"" yes they should do a great job. I paid for the service. \n\nCoffee: I am paying for a drink. If I pick up the drink and if isn't brought to me, no tip is earned. \n\nDrive through: I don't need to explain this one. Asking for tips at a drive through is illogical. \n\nPlease CMV with actual logic so I might understand why you think I should logically have go provide tips when no additional service is provided. Underpaid workers in my opinion is not the responsibility of the customer. \n\nEdit: closing it for now. Wish I could reply to everybody but I have to go. Thank you for all the viewpoints. It strengthened my own view and provided good clarifications and insight. ","CMV: When I pay for something, I will only tip for additional service. Therefore, tipping for things such as haircuts, coffee, or at drive-throughs is illogical. It isn't my responsibility to pay underpaid workers. ",False,
khkf9vd,Lost-Candy1084,1952r0z,khk688q,1705090239.0,"I think I’ve read someone that micro greens can grow in colder conditions so long as the windshield isn’t too strong, but correct me if I’m wrong. Either way, I’m hoping if someone’s at home they might have other alternatives such as food or vitamins they can ration due to how long we can survive without food.\nI’m hoping if it becomes cold, depending on where you live you have blankets or the weather isn’t that harsh.\nAgain like mentioned earlier, I’m hoping people will have alternatives to food so they don’t have to scavenge. But I do agree with the last part that normal jobs probably won’t be able to resume. I do think that farmers would be fine though as they’re usually in pretty rural areas and have an assortment of different foods and animals. Assuming they’re very generous, still alive and the zombie problem essentially dies down perhaps they can exchange their food whilst people figure out what to do next. Not too sure about the gas and thing though, unless some people in certain professions are able to survive and carry out their jobs regardless of pay.\n!delta","{'created_utc': 1705090239.0, 'body_html': '<div class=""md""><p>I think I’ve read someone that micro greens can grow in colder conditions so long as the windshield isn’t too strong, but correct me if I’m wrong. Either way, I’m hoping if someone’s at home they might have other alternatives such as food or vitamins they can ration due to how long we can survive without food.\nI’m hoping if it becomes cold, depending on where you live you have blankets or the weather isn’t that harsh.\nAgain like mentioned earlier, I’m hoping people will have alternatives to food so they don’t have to scavenge. But I do agree with the last part that normal jobs probably won’t be able to resume. I do think that farmers would be fine though as they’re usually in pretty rural areas and have an assortment of different foods and animals. Assuming they’re very generous, still alive and the zombie problem essentially dies down perhaps they can exchange their food whilst people figure out what to do next. Not too sure about the gas and thing though, unless some people in certain professions are able to survive and carry out their jobs regardless of pay.\n!delta</p>\n</div>', 'edited': False, 'id': 'khkf9vd', 'is_submitter': True, 'link_id': 't3_1952r0z', 'parent_id': 't1_khk688q', 'permalink': '/r/changemyview/comments/1952r0z/cmv_zombies_would_be_much_easier_to_survive_than/khkf9vd/', 'replies': <praw.models.comment_forest.CommentForest object at 0x2e309d1d0>, 'saved': False, 'score': 6, 'stickied': False, 'submission': Submission(id='1952r0z')}",3,"How you gonna grow microgreens all winter, inside a home without heat?\n\nIn a zombie apocalypse, the grid will break down. Even if for only a short period, your pipes freeze and your home becomes unlivable.\n\nThen you’re out scavenging for food multiple times a week. You get yourself into the back room of a grocery store or gas station with no way out and suddenly those hoards of zombies don’t seem to easy to deal with.\n\nYou’re also assuming life starts right back up after all the zombies run out of food and become immobile… In what, like a year? After that amount of time, half the doctors, electricians, engineers, et al… they’re gone. Crops haven’t been planted. Gas hasn’t been delivered. Society isn’t just like a light switch you turn back on. There are compounding variables that if one is out of place, then they’re all gonna be out of commission possibly forever.","We’re going based off the stereotypical zombie here. They’re slow, want brains and don’t have much of a consciousness. If you get bit, you turn into one.\nThat being said, I feel as though it may be earlier to survive one than people make it out to be. When pictured, people usually think of a post apocalyptic world but I think we could go about life pretty normally.\n\nFor starters, if this disease eats away at the host like it portrays in some media’s, it’s going to eventually get rid of their ability to see, hear, touch and even bite meaning they’re not really all that dangerous. Even if it doesn’t, and it only starts to infect the dead the real threat are really people who have recently passed away as their body has not been corroded yet, and likely still have full functionality. But I feel like this doesn’t make things all that harder because everyone would steer clear of the zombie once it first becomes infected, hence creating less infected and making it easier to contain. Again, the zombie is slow so you have plenty of time to react.\n\nSuppose there is a hoard anyways, they don’t have much of a consciousness and will probably just follow whatever noise they hear if that sense still remains. So we can just gather them up with a large radio or something. But if it doesn’t work as planned, then just stay inside. They probably won’t recall how to use a doorknob let alone have the strength to open it. So as long as the windows are fairly strong you should be fine. If this disease removes an individuals senses, why not the rest of them? Meaning all we have to do is wait it out from here. Of course, food is an issue, but assuming you are at home, in a grocery store or mall we could just ration it. If not, then growing micro greens whilst you wait for other bigger plants to grow could work due to how long we can go without food.\n\nAfter the majority of the zombies are either caught or decayed we can return to our normal life. Even if there are some left, people will be more wary of it, so much so we’ll likely have a set of instructions on how to avoid or deal with a zombie when we see one.\n\nFinally, I don’t think it would get this bad in the first place. The US military alone is so strong they don’t even have records for just how big they are. Not only do they have based in other countries but I feel like they’d be able to wipe out any threat before it could get worse.\n\nEdit: Proper paragraphs and additional information about militaries",CMV: Zombies Would Be Much Easier To Survive Than People Think,True,
khknh9j,Lost-Candy1084,1952r0z,khkmvn1,1705092991.0,"Yes, definitely hoping people will take things a little more seriously if this occurs though. I also mentioned in another comment because this disease wouldn’t be airborne, rather through bite that it would likely decrease the rate at which people are infected. Even if people don’t believe in it, I don’t think they’d want to be bitten by strangers, so they’d technically be avoiding the infection.","{'created_utc': 1705092991.0, 'body_html': '<div class=""md""><p>Yes, definitely hoping people will take things a little more seriously if this occurs though. I also mentioned in another comment because this disease wouldn’t be airborne, rather through bite that it would likely decrease the rate at which people are infected. Even if people don’t believe in it, I don’t think they’d want to be bitten by strangers, so they’d technically be avoiding the infection.</p>\n</div>', 'edited': False, 'id': 'khknh9j', 'is_submitter': True, 'link_id': 't3_1952r0z', 'parent_id': 't1_khkmvn1', 'permalink': '/r/changemyview/comments/1952r0z/cmv_zombies_would_be_much_easier_to_survive_than/khknh9j/', 'replies': <praw.models.comment_forest.CommentForest object at 0x2e30e5c50>, 'saved': False, 'score': 1, 'stickied': False, 'submission': Submission(id='1952r0z')}",3,You remember Covid right?,"We’re going based off the stereotypical zombie here. They’re slow, want brains and don’t have much of a consciousness. If you get bit, you turn into one.\nThat being said, I feel as though it may be earlier to survive one than people make it out to be. When pictured, people usually think of a post apocalyptic world but I think we could go about life pretty normally.\n\nFor starters, if this disease eats away at the host like it portrays in some media’s, it’s going to eventually get rid of their ability to see, hear, touch and even bite meaning they’re not really all that dangerous. Even if it doesn’t, and it only starts to infect the dead the real threat are really people who have recently passed away as their body has not been corroded yet, and likely still have full functionality. But I feel like this doesn’t make things all that harder because everyone would steer clear of the zombie once it first becomes infected, hence creating less infected and making it easier to contain. Again, the zombie is slow so you have plenty of time to react.\n\nSuppose there is a hoard anyways, they don’t have much of a consciousness and will probably just follow whatever noise they hear if that sense still remains. So we can just gather them up with a large radio or something. But if it doesn’t work as planned, then just stay inside. They probably won’t recall how to use a doorknob let alone have the strength to open it. So as long as the windows are fairly strong you should be fine. If this disease removes an individuals senses, why not the rest of them? Meaning all we have to do is wait it out from here. Of course, food is an issue, but assuming you are at home, in a grocery store or mall we could just ration it. If not, then growing micro greens whilst you wait for other bigger plants to grow could work due to how long we can go without food.\n\nAfter the majority of the zombies are either caught or decayed we can return to our normal life. Even if there are some left, people will be more wary of it, so much so we’ll likely have a set of instructions on how to avoid or deal with a zombie when we see one.\n\nFinally, I don’t think it would get this bad in the first place. The US military alone is so strong they don’t even have records for just how big they are. Not only do they have based in other countries but I feel like they’d be able to wipe out any threat before it could get worse.\n\nEdit: Proper paragraphs and additional information about militaries",CMV: Zombies Would Be Much Easier To Survive Than People Think,False,
lnni0it,[deleted],1fj5lvo,lnlssi2,1726615614.0,"!delta\n\nIndeed, the majority of 2020 Trump voters live in states that Biden won.","{'created_utc': 1726615614.0, 'body_html': '<div class=""md""><p>!delta</p>\n\n<p>Indeed, the majority of 2020 Trump voters live in states that Biden won.</p>\n</div>', 'edited': False, 'id': 'lnni0it', 'is_submitter': False, 'link_id': 't3_1fj5lvo', 'parent_id': 't1_lnlssi2', 'permalink': '/r/changemyview/comments/1fj5lvo/cmv_everybodys_vote_will_matter_is_a_poor/lnni0it/', 'replies': <praw.models.comment_forest.CommentForest object at 0x2af94be50>, 'saved': False, 'score': 1, 'stickied': False, 'submission': Submission(id='1fj5lvo')}",3,"You do realize that currently, republicans in California cast votes that don’t matter one bit\n\nIf the EC goes away suddenly their vote matters and republicans would gain the most votes from California compared to any other state in the country \n\nSee the difference?\n\nEither way votes don’t matter as much in some places but id rather 1 vote equal 1 vote everywhere than artificially propping up areas\n\n\nThe election is national so a popular vote makes the most sense and for those worried about rural folk that’s what their districts and state/local elections are for","People say that if the electoral college was abolished, safe parts of the country will get more attention. But in the end, nobody will suddenly be flying out to Wyoming and Vermont to campaign-there isn’t as much people there. There’s be lots more trips to LA and New York and Chicago and Houston, and not as much to Philly, Detroit, Las Vegas. Because those are the areas with the most people, so campaigns will be focused mainly on the largest metros, the largest cities, and people in less dense areas will not get any visits. Maybe that’s the point, but proponents of abolishing the electoral college refuse to say it out loud, because they probably want to appeal to people in small red states, and saying that “you’re in a solid state, so your vote doesn’t, and shouldn’t matter” is how they’ll interpret it.",CMV: “Everybody’s vote will matter” is a poor argument if you want to abolish the electoral college ,True,
lnmxp92,[deleted],1fj5lvo,lnlu68j,1726608385.0,The largest 144 counties in the U.S. have as much people as the rest.,"{'created_utc': 1726608385.0, 'body_html': '<div class=""md""><p>The largest 144 counties in the U.S. have as much people as the rest.</p>\n</div>', 'edited': False, 'id': 'lnmxp92', 'is_submitter': False, 'link_id': 't3_1fj5lvo', 'parent_id': 't1_lnlu68j', 'permalink': '/r/changemyview/comments/1fj5lvo/cmv_everybodys_vote_will_matter_is_a_poor/lnmxp92/', 'replies': <praw.models.comment_forest.CommentForest object at 0x2a6085490>, 'saved': False, 'score': -2, 'stickied': False, 'submission': Submission(id='1fj5lvo')}",3,"Your math is off, though. Lots of people make the erroneous assumption that, absent the EC, suddenly only a few major cities' votes will matter. But the top ten cities in the US account for less than a quarter of the population; you have to combine the total populations of nearly 100 US cities before you approach 50% of the population.\n\nAnd that of course assumes that everyone in those cities will vote the same way, which they absolutely don't and never will. So you're likely looking at a certain percentage of votes from 200-300 US cities before any candidate could possibly have a lock on the presidency. Have you looked at a top 300 list of US cities? You're gonna see a bunch of names on that list you've never heard of.\n\nPlus, none of that precludes candidates from visiting other places. They already do that now. \n\nRural votes as a whole matter more without the EC than with it, because without the EC we no longer have situations where votes are simply erased. Being outvoted numerically isn't the same as having your very vote literally not count.","People say that if the electoral college was abolished, safe parts of the country will get more attention. But in the end, nobody will suddenly be flying out to Wyoming and Vermont to campaign-there isn’t as much people there. There’s be lots more trips to LA and New York and Chicago and Houston, and not as much to Philly, Detroit, Las Vegas. Because those are the areas with the most people, so campaigns will be focused mainly on the largest metros, the largest cities, and people in less dense areas will not get any visits. Maybe that’s the point, but proponents of abolishing the electoral college refuse to say it out loud, because they probably want to appeal to people in small red states, and saying that “you’re in a solid state, so your vote doesn’t, and shouldn’t matter” is how they’ll interpret it.",CMV: “Everybody’s vote will matter” is a poor argument if you want to abolish the electoral college ,False,
loxqpq5,CrazyPsychoB,1fphilt,loxpqqj,1727306433.0,"Δ\n\nYour father sounds like a good one. I prefer the HR reps that want the company to run well by protecting the lower end instead of the higher ups. It’s how it should be. Just dealt with and seen too many HR departments aligning themselves solely with management despite the issues that I’ve convinced myself that HR is a dangerous character and must be treated as the enemy. Hence the post, guess my hypervigilance is getting the better of me… again.\n\nEdit: Added delta up top","{'created_utc': 1727306433.0, 'body_html': '<div class=""md""><p>Δ</p>\n\n<p>Your father sounds like a good one. I prefer the HR reps that want the company to run well by protecting the lower end instead of the higher ups. It’s how it should be. Just dealt with and seen too many HR departments aligning themselves solely with management despite the issues that I’ve convinced myself that HR is a dangerous character and must be treated as the enemy. Hence the post, guess my hypervigilance is getting the better of me… again.</p>\n\n<p>Edit: Added delta up top</p>\n</div>', 'edited': 1727325039.0, 'id': 'loxqpq5', 'is_submitter': True, 'link_id': 't3_1fphilt', 'parent_id': 't1_loxpqqj', 'permalink': '/r/changemyview/comments/1fphilt/cmv_hrhuman_resources_is_always_on_the_companys/loxqpq5/', 'replies': <praw.models.comment_forest.CommentForest object at 0x2af38d110>, 'saved': False, 'score': 8, 'stickied': False, 'submission': Submission(id='1fphilt')}",3,"My father worked HR. He would agree with your title and not your body.\n\nHe worked for the benefit of the company. Jackass supervisors who go beyond the purview of their power to harass their underlings not only fail to benefit the company they open it up to serious potential problems down the line. That's the kind of shit he'd happily sign termination papers over. \n\nFor the company can mean a lot of things. Some less fun than others, but the idea that HR exists solely for the higher ups isn't true. Granted the higher the higher up the more likely that becomes a tricky procedure but its still not a given that the higher ups will be protected by HR","Title says it all. I am fully convinced that regardless of the scheisty things management and upper management pull on their employees whether “legal” or not, HR will always take their side or try to cover up. I’ll happily see anecdotal experiences that could change my mind. But as of now I believe HR is  just a ploy, so much so that I tell my wife that her issues with her new supervisors will only become worse if she contacts HR because HR will inform management and allow for retaliatory responses.",CMV: HR(Human Resources) is always on the company’s side not the employee.,True,
loxvybe,CrazyPsychoB,1fphilt,loxp3n1,1727308355.0,Logically that makes sense. But that’s where the disconnect is. If HR’s decision benefits the company but is unethical to the employee I don’t think that is right nor should be accepted.,"{'created_utc': 1727308355.0, 'body_html': '<div class=""md""><p>Logically that makes sense. But that’s where the disconnect is. If HR’s decision benefits the company but is unethical to the employee I don’t think that is right nor should be accepted.</p>\n</div>', 'edited': False, 'id': 'loxvybe', 'is_submitter': True, 'link_id': 't3_1fphilt', 'parent_id': 't1_loxp3n1', 'permalink': '/r/changemyview/comments/1fphilt/cmv_hrhuman_resources_is_always_on_the_companys/loxvybe/', 'replies': <praw.models.comment_forest.CommentForest object at 0x2c03e0150>, 'saved': False, 'score': -1, 'stickied': False, 'submission': Submission(id='1fphilt')}",3,It's not mutually exclusive. HR evaluates which course of action will damage the company least. Sometimes that course of action is siding with the employee.,"Title says it all. I am fully convinced that regardless of the scheisty things management and upper management pull on their employees whether “legal” or not, HR will always take their side or try to cover up. I’ll happily see anecdotal experiences that could change my mind. But as of now I believe HR is  just a ploy, so much so that I tell my wife that her issues with her new supervisors will only become worse if she contacts HR because HR will inform management and allow for retaliatory responses.",CMV: HR(Human Resources) is always on the company’s side not the employee.,False,
mffwl5d,MrBootsie,1j0yfzf,mffjs6m,1740842124.0,"Δ You’ve got some fair points mixed in there. \n\nYou’re right that not every global conflict requires American intervention, and there are legitimate questions about indefinite spending abroad while domestic needs go unmet.\n\nI still think Trump’s humiliation of Zelenskyy went beyond just questioning aid—it actively undermined an ally fighting for survival. And the minerals deal he killed would have directly benefited America, making it hard to see how torpedoing it serves our interests.\n\nBut you’ve made me reconsider whether this is all deliberately pro-Russia or just clumsy “America First” isolationism that happens to benefit Putin. Maybe it’s less conspiracy and more shortsighted nationalism with unintended consequences. Though the pattern still troubles me.\n\nUltimately, I think we can debate Ukraine strategy without publicly undermining allies or throwing away beneficial agreements.​​​​​​​​​​​​​​​​","{'created_utc': 1740842124.0, 'body_html': '<div class=""md""><p>Δ You’ve got some fair points mixed in there. </p>\n\n<p>You’re right that not every global conflict requires American intervention, and there are legitimate questions about indefinite spending abroad while domestic needs go unmet.</p>\n\n<p>I still think Trump’s humiliation of Zelenskyy went beyond just questioning aid—it actively undermined an ally fighting for survival. And the minerals deal he killed would have directly benefited America, making it hard to see how torpedoing it serves our interests.</p>\n\n<p>But you’ve made me reconsider whether this is all deliberately pro-Russia or just clumsy “America First” isolationism that happens to benefit Putin. Maybe it’s less conspiracy and more shortsighted nationalism with unintended consequences. Though the pattern still troubles me.</p>\n\n<p>Ultimately, I think we can debate Ukraine strategy without publicly undermining allies or throwing away beneficial agreements.\u200b\u200b\u200b\u200b\u200b\u200b\u200b\u200b\u200b\u200b\u200b\u200b\u200b\u200b\u200b\u200b</p>\n</div>', 'edited': False, 'id': 'mffwl5d', 'is_submitter': True, 'link_id': 't3_1j0yfzf', 'parent_id': 't1_mffjs6m', 'permalink': '/r/changemyview/comments/1j0yfzf/cmv_america_first_somehow_keeps_putting_russia/mffwl5d/', 'replies': <praw.models.comment_forest.CommentForest object at 0x77339794d3d0>, 'saved': False, 'score': 14, 'stickied': False, 'submission': Submission(id='1j0yfzf')}",3,"\n\nAlright, I’ll bite—your take’s got some fire, and you’re clearly pissed about Trump’s moves. I get it: the optics of him dunking on Zelenskyy while Russia’s stomping all over Ukraine look awful. It’s easy to see why you’d think “America First” is just a fancy way of saying “Russia gets a free pass.” But let me push back a bit and wrestle with this, human-to-human.\n\nFirst off, Trump’s not exactly wrong to call out Zelenskyy’s attitude. The guy’s been guilting the West into footing the bill for this war, acting like we owe him unlimited cash and weapons while he’s out there tossing barbs at anyone who blinks. Ukraine’s in a brutal spot, no question—Russia’s the aggressor, and Putin’s a bastard for it. But Zelenskyy’s not just some saintly underdog; he’s a politician playing a high-stakes game, and he’s leaned hard into the “you’re either with us or against us” vibe. Trump’s ego couldn’t handle that, sure, but it’s not crazy to ask why Ukraine gets a blank check when our own borders are a mess and folks here are struggling.\n\nYou say letting Russia win is appeasement, and yeah, history’s got some ugly examples—Munich 1938, anyone? But here’s the flip: not every fight is ours to jump into. Ukraine’s not in NATO. We’re not treaty-bound to die for Kyiv. If Russia takes a chunk and stops, is that really worse than us pouring billions into a war that’s starting to feel like a meat grinder with no end? I’m not saying it’s pretty, but “peace through strength” doesn’t always mean flexing on every dictator—it can mean picking battles we can actually win. And let’s not kid ourselves: China’s watching Taiwan no matter what we do in Ukraine. They’re not waiting for permission.\n\nThe cost thing hits hard both ways. You’re right—letting Russia redraw borders could embolden every thug with a tank. But the price tag we’re racking up isn’t just money; it’s political will, military stock, and focus. We’ve got vets sleeping on streets and bridges crumbling—tell them Ukraine’s survival is worth more than their own. Trump’s crude as hell about it, but his “why are we the world’s ATM?” rant resonates with people who feel America’s been bled dry playing global cop.\n\nCorruption? You nailed it—Ukraine’s got a rap sheet, but so do half our allies. Saudi Arabia’s not winning any transparency awards, yet we’re still chummy. The difference is strategic interest. Ukraine’s a moral cause, but it’s not exactly an oil hub or a chip factory. If we’re cool with dirty hands elsewhere, maybe the corruption line’s just an excuse for folks who don’t want in on this fight.\n\nYour Texas-NY hypothetical’s a gut punch—I’d fight, and Trump probably would too. But Ukraine’s not America. Trump sees it as a distant mess, not our backyard. He’s not wrong that Zelenskyy’s pushing buttons to drag us deeper in, gambling with escalation. What if Putin calls that bluff with something nastier—tactical nukes, say? You ready to trade Cleveland for Donetsk? I’m not saying we abandon Ukraine entirely, but Trump’s skepticism isn’t just about his ego or Putin’s wishlist—it’s about how far we stretch before we snap.\n\nHere’s my real beef with your view: you’re assuming Trump’s moves are all some grand gift to Russia. Maybe. Or maybe he’s just a bull in a china shop, smashing anything that doesn’t kiss the ring. Putin benefits, sure, but that doesn’t mean Trump’s on his payroll—it could just be dumbass chaos. “America First” might not be elegant, but it’s not always a Russian love letter either—it’s a middle finger to endless wars and ungrateful allies. Problem is, Trump’s so wrapped up in his own hype he can’t see where it actually weakens us.\n\nSo, are we “first” in anything? Maybe just in headaches. Russia’s laughing, Ukraine’s bleeding, and we’re stuck arguing about it while Trump tweets and Zelenskyy sulks. Fun times. What’s your move—double down on Ukraine or cut the cord?","\n*Update: Treasury Secretary says Ukraine economic deal is not on the table after Zelenskyy ""chose to blow that up\nSource: [Breitbart](https://ground.news/article/treasury-secretary-scott-bessent-announces-creation-of-an-affordability-czar_79bd1c?utm_source=mobile-app&utm_medium=article-share). If you don’t rust them. Me either. Find your own source to validate. \n\n——\n\nTrump sat across from Zelenskyy, an ally whose country is literally being invaded, and instead of backing him… he mocked him. Called him “disrespectful.” Accused him of “gambling with World War III.” Then he stormed out and killed a minerals deal that would’ve benefited the U.S. because, apparently, humiliating Ukraine was the bigger priority.\n\nAnd who benefits? Russia. Again.\n\nI hear the arguments… some of you think Zelenskyy is dragging this war out instead of negotiating. Or that he’s too reliant on U.S. aid and isn’t “grateful enough.” Maybe you think Ukraine is corrupt, that this is just another endless war, or that backing them will drag us into something worse.\n\nBut let’s be honest, what’s the alternative? Let Russia take what they want and hope they stop there? Hand them pieces of Ukraine and pretend it won’t encourage them to push further? That’s not peace, that’s appeasement. And history has shown exactly how well that works.\n\nAs for the money… yes, supporting Ukraine costs us. But what’s the price of letting authoritarian regimes redraw borders by force? What happens when China takes the hint and moves on Taiwan? Or when NATO allies realize America only stands with them when it’s convenient? Pulling support doesn’t end the war; it just ensures Ukraine loses.\n\nAnd the corruption argument? Sure, Ukraine has problems. So do plenty of countries we support—including some we’ve gone to war for. But since when does corruption disqualify a country from defending itself? If that’s the standard, should we stop selling weapons to half the Middle East? Should we have abandoned France in World War II because of Vichy collaborators?\n\nYou don’t have to love Zelenskyy. You don’t even have to love Ukraine. But pretending that walking away is anything but a gift to Russia is either naïve or exactly the point.\n\nBut let’s be real. If someone invaded America and told us to hand over Texas or NY for “peace,” would you? Would Trump? Or would we fight like hell to keep what’s ours?\n\nTrump doesn’t seem to grasp that. He talks like Ukraine should just fold, like it’s a bad poker hand he wouldn’t bother playing. He doesn’t see lives, homes, or an entire country fighting for survival… just a guy who didn’t flatter him enough before asking for help. \n\nMeanwhile, Putin doesn’t even have to lift a finger. Trump does the work for him, whether it’s insulting allies, weakening NATO, or making sure Russia gets what it wants without resistance.\n\nSo if “America First” keeps making life easier for Russia, what exactly are we first in?",CMV: “America First” Somehow Keeps Putting Russia First,True,123.0
mffvrxd,MrBootsie,1j0yfzf,mffi9v6,1740841862.0,"Following Deutsche Bank connections certainly paints an interesting picture. \n\nWhen “America First” benefits people with massive foreign debts, you have to wonder whose interests are actually being served. Funny how money trails often lead away from patriotic slogans and toward private bank accounts.","{'created_utc': 1740841862.0, 'body_html': '<div class=""md""><p>Following Deutsche Bank connections certainly paints an interesting picture. </p>\n\n<p>When “America First” benefits people with massive foreign debts, you have to wonder whose interests are actually being served. Funny how money trails often lead away from patriotic slogans and toward private bank accounts.</p>\n</div>', 'edited': False, 'id': 'mffvrxd', 'is_submitter': True, 'link_id': 't3_1j0yfzf', 'parent_id': 't1_mffi9v6', 'permalink': '/r/changemyview/comments/1j0yfzf/cmv_america_first_somehow_keeps_putting_russia/mffvrxd/', 'replies': <praw.models.comment_forest.CommentForest object at 0x7733979d4ad0>, 'saved': False, 'score': 1, 'stickied': False, 'submission': Submission(id='1j0yfzf')}",3,https://lamag.com/politics/deutsche-bank-death,"\n*Update: Treasury Secretary says Ukraine economic deal is not on the table after Zelenskyy ""chose to blow that up\nSource: [Breitbart](https://ground.news/article/treasury-secretary-scott-bessent-announces-creation-of-an-affordability-czar_79bd1c?utm_source=mobile-app&utm_medium=article-share). If you don’t rust them. Me either. Find your own source to validate. \n\n——\n\nTrump sat across from Zelenskyy, an ally whose country is literally being invaded, and instead of backing him… he mocked him. Called him “disrespectful.” Accused him of “gambling with World War III.” Then he stormed out and killed a minerals deal that would’ve benefited the U.S. because, apparently, humiliating Ukraine was the bigger priority.\n\nAnd who benefits? Russia. Again.\n\nI hear the arguments… some of you think Zelenskyy is dragging this war out instead of negotiating. Or that he’s too reliant on U.S. aid and isn’t “grateful enough.” Maybe you think Ukraine is corrupt, that this is just another endless war, or that backing them will drag us into something worse.\n\nBut let’s be honest, what’s the alternative? Let Russia take what they want and hope they stop there? Hand them pieces of Ukraine and pretend it won’t encourage them to push further? That’s not peace, that’s appeasement. And history has shown exactly how well that works.\n\nAs for the money… yes, supporting Ukraine costs us. But what’s the price of letting authoritarian regimes redraw borders by force? What happens when China takes the hint and moves on Taiwan? Or when NATO allies realize America only stands with them when it’s convenient? Pulling support doesn’t end the war; it just ensures Ukraine loses.\n\nAnd the corruption argument? Sure, Ukraine has problems. So do plenty of countries we support—including some we’ve gone to war for. But since when does corruption disqualify a country from defending itself? If that’s the standard, should we stop selling weapons to half the Middle East? Should we have abandoned France in World War II because of Vichy collaborators?\n\nYou don’t have to love Zelenskyy. You don’t even have to love Ukraine. But pretending that walking away is anything but a gift to Russia is either naïve or exactly the point.\n\nBut let’s be real. If someone invaded America and told us to hand over Texas or NY for “peace,” would you? Would Trump? Or would we fight like hell to keep what’s ours?\n\nTrump doesn’t seem to grasp that. He talks like Ukraine should just fold, like it’s a bad poker hand he wouldn’t bother playing. He doesn’t see lives, homes, or an entire country fighting for survival… just a guy who didn’t flatter him enough before asking for help. \n\nMeanwhile, Putin doesn’t even have to lift a finger. Trump does the work for him, whether it’s insulting allies, weakening NATO, or making sure Russia gets what it wants without resistance.\n\nSo if “America First” keeps making life easier for Russia, what exactly are we first in?",CMV: “America First” Somehow Keeps Putting Russia First,False,349.0
lr0cx8x,Expert-Diver7144,1fz67ym,lqzpmam,1728426410.0,!delta because I do see how some element of it could be their fault. I agree 100% on needing nuance.,"{'created_utc': 1728426410.0, 'body_html': '<div class=""md""><p>!delta because I do see how some element of it could be their fault. I agree 100% on needing nuance.</p>\n</div>', 'edited': False, 'id': 'lr0cx8x', 'is_submitter': True, 'link_id': 't3_1fz67ym', 'parent_id': 't1_lqzpmam', 'permalink': '/r/changemyview/comments/1fz67ym/cmv_haiti_is_not_a_failed_state_but_a_victim_of/lr0cx8x/', 'replies': <praw.models.comment_forest.CommentForest object at 0x2a7d625d0>, 'saved': False, 'score': 3, 'stickied': False, 'submission': Submission(id='1fz67ym')}",3,"I don't know what you are expecting. Elements of both are true. On one hand, Haiti got dicked around by foreign nations and the environment. On the other, there has been massive internal corruption, violence, and low economic productivity, and you can't just blame that on outsiders. The only ignorant position is one that tries to create a binary rather than seeing the nuance.","Edit: to clarify Haiti is not a failed nation of its own accord but due to the fault of others \n\n\nWith the recent tragedies going on in Haiti due to gang violence and the assassination of the i president many people on this site have referred to the country as a failed nation and asked what could’ve happened to bring them to this state. I think this is an ignorant position that makes light of history.\n\nHaiti was a slave nation where people who were stolen from Africa were traded and made to work under threat of violence rape castration lynching and murder. When they orchestrated one of the first major successful slave rebellion, pushing back the French, and allowing for the Louisiana purchase to occur they were not only not welcomed into the rest of the world but brutally punished and forced to pay back “reparations” to the French. \n\nThe enslaved people of Haiti were forced to pay money to the people who killed, raped, and enslaved them and this debt was not paid off for 122 years. Under threat of warship they were told to pay back more than 10x the cost of the Louisiana purchase. The equivalent of 20-30 billion dollars.\n\nThomas jefferson worked to isolate Haiti diplomatically and strangle it economically, fearing that the success of Haiti would inspire slave revolts back home. Haitian success was perceived as a threat to slavery in America for decades, and the United States didn't officially recognize Haiti until 1862, as slavery began being abolished.\n\nThe United States  worked to isolate a newly independent Haiti during the early 19th century and violently occupied the island nation for 19 years in the early 20th century. While the U.S. officially left Haiti in 1934, it continued to control Haiti's public finances until 1947, siphoning away around 40% of Haiti's national income to service debt repayments to the U.S. and France.\n\nThis means that while other countries were taking advantage of the various and exponentially quick technological revolutions, Haiti was trying to pay its way out of a fictional and racist debt “owed” to slave holders at gunpoint. \n\nIf you add on the effects of natural disasters and the earthquake as well as the fact their president was murdered by foreign mercenaries. It makes sense that they would be in this position, and they deserve empathy not the designation of a failed state. \n\n\n\n",CMV: Haiti is not a failed state but a victim of colonization and revenge,True,
lr05dwd,Expert-Diver7144,1fz67ym,lr045vm,1728423500.0,"No not country x and not “white people” that’s racist.\n\nHaiti failed because of French and US influence, in fact Haitians were allies of the polish and the ones that helped fight in the revolution were made citizens and seen as black in the constitution. \n\nA: The enslavement was nothing less than a genocide with millions dying in the middle passage. French slave masters raping children and making them give birth to their babies then forcing the babies themselves to work. The slave masters used rape of women and children as a psychological and business tool and weapon of war. The fact that the majority of citizens did not even kill anybody until forced to by personal visits from the dictator of the country is extremely merciful and indiciative of the forgiving nature of the people. Go ahead and explain how rape murder and enslavement based on race is okay.\n\nB: the US was enough. \n\nC: the Chinese like the Dominican Republic had a dictator who was willing to kill lots and lots of people to modernize the country. When you don’t give a shit about your population it is very easy to advance a country.","{'created_utc': 1728423500.0, 'body_html': '<div class=""md""><p>No not country x and not “white people” that’s racist.</p>\n\n<p>Haiti failed because of French and US influence, in fact Haitians were allies of the polish and the ones that helped fight in the revolution were made citizens and seen as black in the constitution. </p>\n\n<p>A: The enslavement was nothing less than a genocide with millions dying in the middle passage. French slave masters raping children and making them give birth to their babies then forcing the babies themselves to work. The slave masters used rape of women and children as a psychological and business tool and weapon of war. The fact that the majority of citizens did not even kill anybody until forced to by personal visits from the dictator of the country is extremely merciful and indiciative of the forgiving nature of the people. Go ahead and explain how rape murder and enslavement based on race is okay.</p>\n\n<p>B: the US was enough. </p>\n\n<p>C: the Chinese like the Dominican Republic had a dictator who was willing to kill lots and lots of people to modernize the country. When you don’t give a shit about your population it is very easy to advance a country.</p>\n</div>', 'edited': False, 'id': 'lr05dwd', 'is_submitter': True, 'link_id': 't3_1fz67ym', 'parent_id': 't1_lr045vm', 'permalink': '/r/changemyview/comments/1fz67ym/cmv_haiti_is_not_a_failed_state_but_a_victim_of/lr05dwd/', 'replies': <praw.models.comment_forest.CommentForest object at 0x2a282b350>, 'saved': False, 'score': 0, 'stickied': False, 'submission': Submission(id='1fz67ym')}",3,"An absolute classic. “Country X failed because white people.” \n\nA: the slave rebellion was nothing less than genocide, unilaterally murdering (and raping) everyone whose skin was the wrong color. The fact that their retaliation was economic and not military showed extreme restraint. The simple fact is they were more than capable of rebelling without massacring any innocents, and the French retaliation of reparations was incredibly merciful, compared to a military one. Go ahead and explain how mass slaughter on the basis of skin color is acceptable. \n\nB: The rest of the world didn’t try to strangle Haiti, only the US, and we currently have several different nations who are all being strangled by the rest of the world and yet are *not* failed states. In fact, only one of them (North Korea) is. So we know that simple economic sanctions aren’t enough to cause a state to fail, and\n\nC: even if that were the case, even if the US alone was able to effectively ruin Haiti until 1947, the Chinese were capable of going from an agricultural economy to an economic powerhouse in the same amount of time, almost literally exactly, and they had to start from civil war.","Edit: to clarify Haiti is not a failed nation of its own accord but due to the fault of others \n\n\nWith the recent tragedies going on in Haiti due to gang violence and the assassination of the i president many people on this site have referred to the country as a failed nation and asked what could’ve happened to bring them to this state. I think this is an ignorant position that makes light of history.\n\nHaiti was a slave nation where people who were stolen from Africa were traded and made to work under threat of violence rape castration lynching and murder. When they orchestrated one of the first major successful slave rebellion, pushing back the French, and allowing for the Louisiana purchase to occur they were not only not welcomed into the rest of the world but brutally punished and forced to pay back “reparations” to the French. \n\nThe enslaved people of Haiti were forced to pay money to the people who killed, raped, and enslaved them and this debt was not paid off for 122 years. Under threat of warship they were told to pay back more than 10x the cost of the Louisiana purchase. The equivalent of 20-30 billion dollars.\n\nThomas jefferson worked to isolate Haiti diplomatically and strangle it economically, fearing that the success of Haiti would inspire slave revolts back home. Haitian success was perceived as a threat to slavery in America for decades, and the United States didn't officially recognize Haiti until 1862, as slavery began being abolished.\n\nThe United States  worked to isolate a newly independent Haiti during the early 19th century and violently occupied the island nation for 19 years in the early 20th century. While the U.S. officially left Haiti in 1934, it continued to control Haiti's public finances until 1947, siphoning away around 40% of Haiti's national income to service debt repayments to the U.S. and France.\n\nThis means that while other countries were taking advantage of the various and exponentially quick technological revolutions, Haiti was trying to pay its way out of a fictional and racist debt “owed” to slave holders at gunpoint. \n\nIf you add on the effects of natural disasters and the earthquake as well as the fact their president was murdered by foreign mercenaries. It makes sense that they would be in this position, and they deserve empathy not the designation of a failed state. \n\n\n\n",CMV: Haiti is not a failed state but a victim of colonization and revenge,False,
ksn209x,champagne_papaya,1b2o53w,ksmu9rk,1709175310.0,"Okay, I’m convinced! Those guys have had a huge positive impact on the world. Granted, their billions came from business and not directly from their invention, but I’m trying to evaluate individuals on the whole. Thanks for your comment!\n\n!delta","{'created_utc': 1709175310.0, 'body_html': '<div class=""md""><p>Okay, I’m convinced! Those guys have had a huge positive impact on the world. Granted, their billions came from business and not directly from their invention, but I’m trying to evaluate individuals on the whole. Thanks for your comment!</p>\n\n<p>!delta</p>\n</div>', 'edited': False, 'id': 'ksn209x', 'is_submitter': True, 'link_id': 't3_1b2o53w', 'parent_id': 't1_ksmu9rk', 'permalink': '/r/changemyview/comments/1b2o53w/cmv_it_is_impossible_to_ethically_accumulate_and/ksn209x/', 'replies': <praw.models.comment_forest.CommentForest object at 0x2b6996090>, 'saved': False, 'score': 18, 'stickied': False, 'submission': Submission(id='1b2o53w')}",3,"Ok, this was hard! But I'll nominate Patrick Soon-Shiong. https://en.wikipedia.org/wiki/Patrick_Soon-Shiong and Gary K. Michelson https://en.wikipedia.org/wiki/Gary_K._Michelson\n\nPatrick Soon-Shiong made $3 billion dollars by inventing Abraxane and then commercializing it. You can get it today if you need it. It's one of the most effective cancer treatments out there. It doubles the response rate to chemo for breast cancer, lung cancer, and ovarian cancer. As well as a few other cancers. In some studies it doubled life expectancies. He has saved a lot of lives.\n\nAbraxane was also the first nanoparticle albumin bound drug to be approved. It's technically not a new drug, it repackaged an existing drug in a way that made it work far better. That's really amazing, it means that you could apply the same ideas to other drugs and help many more people. It opened the door to doing so, led to a lot of investment in the space and now we have many more drugs.\n\nI'm not saying that no one else has had more impact on saving people. But, if someone is going to get a $3B for something, I'm happy for it to be for giving cancer patients a massive leg up.\n\nGary K. Michelson made $1B inventing new tools to make spinal surgery faster, easier, and more successful. That also seems like a worthy cause.\n\nEach of them contributed individually and made a real impact on the world.","Alright, so my last post was poorly worded and I got flamed (rightly so) for my verbiage. So I’ll try to be as specific in my definitions as possible in this one.\n\nI personally believe that someone would hypothetically deserve a billion dollars if they 1. worked extremely hard and 2. personally had a SUBSTANTIAL positive impact on the world due to their work. The positive impact must be substantial to outweigh the inherent harm and selfishness of hoarding more wealth than one could ever spend, while millions of people starve and live in undignified conditions.\n\nNowadays there are so many billionaires that we forget just what an obscene amount of money that is. Benjamin Franklin’s personal inventions and works made the world a better place and he became rich because of it. Online sources say he was one of the 5 richest men in the country and his lifetime wealth was around $10mil-$50mil in today’s money. I would say he deserved that wealth because of the beneficial material impact his work had on the people around him. Today there are around 3-4 thousand billionaires in the world, and none of them have had a substantial enough positive impact to deserve it.\n\nToday, there are many people working hard on lifesaving inventions around the world. However, these people will likely never make billions. If the research department of a huge pharma company comes up with a revolutionary cancer treatment, the only billionaires who will come out of it are the owners and executives. If someone single-handedly cured cancer, and made a billion from it, I would say that is ethical and deserved. But that is a practical impossibility in the world today. Money flows up to those who are already ultra-rich, and who had little to do with the actual achievement, in almost all cases.\n\nOn entertainment: there are many athletes, musicians, and other entertainers who have amassed billions. I recognize that entertainment is valuable and I do think they deserve to be rich, but not billionaires. That’s just too much money and not enough impact.\n\nTop athletes are very talented, hardworking, and bring a lot of joy to their fans. I don’t think they bring enough joy to justify owning a billion dollars. If Messi single-handedly cured depression in Argentina, I’d say he deserves a billion. There’s nothing you can do with a sports ball that ethically accumulates that much money.\n\nYes, a lot of that money comes from adoring fans who willingly spend their money to buy tickets and merch. Michael Jordan has made over $6 billion in royalties from Nike. But I would argue that there is little ethical value in selling branded apparel or generating revenue based on one’s persona or likeness. It’s not unethical, but it doesn’t change the world for the better. MJ deserves to be rich but doesn’t deserve billions. I’m open to debate on this.\n\nMy general point here is that if you look at any list of billionaires, the vast majority are at the top of massive companies and profit directly or indirectly off of the labor of others. You could say that’s just how to world works but that doesn’t mean it’s right. I don’t think there is any person who has individually contributed enough to the betterment of the world in their lifetime and has also amassed a billion dollars. I am open to any particular billionaires and their work that might change my mind. I also should say that this is a strongly held belief of mine so I would be hard pressed to offer deltas but I absolutely will if someone provides an example of one person who has made a billion that deserves it.",CMV: it is impossible to ethically accumulate and deserve over a billion dollars,True,
ksmx711,champagne_papaya,1b2o53w,ksmt9dq,1709173428.0,I don’t really understand what you’re saying or how a normal wage job could possibly compare to an owner of a multi billion dollar company,"{'created_utc': 1709173428.0, 'body_html': '<div class=""md""><p>I don’t really understand what you’re saying or how a normal wage job could possibly compare to an owner of a multi billion dollar company</p>\n</div>', 'edited': False, 'id': 'ksmx711', 'is_submitter': True, 'link_id': 't3_1b2o53w', 'parent_id': 't1_ksmt9dq', 'permalink': '/r/changemyview/comments/1b2o53w/cmv_it_is_impossible_to_ethically_accumulate_and/ksmx711/', 'replies': <praw.models.comment_forest.CommentForest object at 0x2b699df90>, 'saved': False, 'score': -4, 'stickied': False, 'submission': Submission(id='1b2o53w')}",3,">My general point here is that if you look at any list of billionaires, the vast majority are at the top of massive companies and profit directly or indirectly off of the labor of others.\n\nEvery time you go to work and get a paycheck, you’re profiting off of the labor of others. Is that immoral?","Alright, so my last post was poorly worded and I got flamed (rightly so) for my verbiage. So I’ll try to be as specific in my definitions as possible in this one.\n\nI personally believe that someone would hypothetically deserve a billion dollars if they 1. worked extremely hard and 2. personally had a SUBSTANTIAL positive impact on the world due to their work. The positive impact must be substantial to outweigh the inherent harm and selfishness of hoarding more wealth than one could ever spend, while millions of people starve and live in undignified conditions.\n\nNowadays there are so many billionaires that we forget just what an obscene amount of money that is. Benjamin Franklin’s personal inventions and works made the world a better place and he became rich because of it. Online sources say he was one of the 5 richest men in the country and his lifetime wealth was around $10mil-$50mil in today’s money. I would say he deserved that wealth because of the beneficial material impact his work had on the people around him. Today there are around 3-4 thousand billionaires in the world, and none of them have had a substantial enough positive impact to deserve it.\n\nToday, there are many people working hard on lifesaving inventions around the world. However, these people will likely never make billions. If the research department of a huge pharma company comes up with a revolutionary cancer treatment, the only billionaires who will come out of it are the owners and executives. If someone single-handedly cured cancer, and made a billion from it, I would say that is ethical and deserved. But that is a practical impossibility in the world today. Money flows up to those who are already ultra-rich, and who had little to do with the actual achievement, in almost all cases.\n\nOn entertainment: there are many athletes, musicians, and other entertainers who have amassed billions. I recognize that entertainment is valuable and I do think they deserve to be rich, but not billionaires. That’s just too much money and not enough impact.\n\nTop athletes are very talented, hardworking, and bring a lot of joy to their fans. I don’t think they bring enough joy to justify owning a billion dollars. If Messi single-handedly cured depression in Argentina, I’d say he deserves a billion. There’s nothing you can do with a sports ball that ethically accumulates that much money.\n\nYes, a lot of that money comes from adoring fans who willingly spend their money to buy tickets and merch. Michael Jordan has made over $6 billion in royalties from Nike. But I would argue that there is little ethical value in selling branded apparel or generating revenue based on one’s persona or likeness. It’s not unethical, but it doesn’t change the world for the better. MJ deserves to be rich but doesn’t deserve billions. I’m open to debate on this.\n\nMy general point here is that if you look at any list of billionaires, the vast majority are at the top of massive companies and profit directly or indirectly off of the labor of others. You could say that’s just how to world works but that doesn’t mean it’s right. I don’t think there is any person who has individually contributed enough to the betterment of the world in their lifetime and has also amassed a billion dollars. I am open to any particular billionaires and their work that might change my mind. I also should say that this is a strongly held belief of mine so I would be hard pressed to offer deltas but I absolutely will if someone provides an example of one person who has made a billion that deserves it.",CMV: it is impossible to ethically accumulate and deserve over a billion dollars,False,
lf4dq7x,cgo1234567,1ecc5rp,lf4bcsv,1722041005.0,"!delta\n\nYou’re absolutely right. The Disney version of The Little Mermaid strays quite a bit from Danish traditions, so it doesn’t fit well into my argument. Instead, it draws from a wider range of cultural influences. I can see why race-swapping in this case makes a lot of sense.","{'created_utc': 1722041005.0, 'body_html': '<div class=""md""><p>!delta</p>\n\n<p>You’re absolutely right. The Disney version of The Little Mermaid strays quite a bit from Danish traditions, so it doesn’t fit well into my argument. Instead, it draws from a wider range of cultural influences. I can see why race-swapping in this case makes a lot of sense.</p>\n</div>', 'edited': 1722041357.0, 'id': 'lf4dq7x', 'is_submitter': True, 'link_id': 't3_1ecc5rp', 'parent_id': 't1_lf4bcsv', 'permalink': '/r/changemyview/comments/1ecc5rp/cmv_im_tired_of_liberals_who_think_they_are/lf4dq7x/', 'replies': <praw.models.comment_forest.CommentForest object at 0x296493910>, 'saved': False, 'score': 59, 'stickied': False, 'submission': Submission(id='1ecc5rp')}",3,">However, for traditional folklore and stories that are deeply rooted in their cultural origins —such as ""The Little Mermaid,"" ""Snow White,"" ""Coco,"" ""Mulan,"" ""Brave,"" or ""Aladdin""—I believe they should remain true to their origins. These tales hold deep cultural meaning and provide an opportunity to introduce and celebrate the cultures they come from. It’s not just about retelling the story; it’s about sharing the culture’s traditions, clothing, architecture, history and music with an audience that might otherwise never learn about them.\n\nI agree that it wouldn't make sense to portray Mulan as anything other than Chinese, ~~Aladdin as anything other than an Arab,~~ etc; those cultural identities are a core element of those characters' stories. However, I find it strange that you say that race-swapping fictional races shouldn't be an issue but still choose *The Little Mermaid* as an example where race-swapping is a problem. \n\nDo you have the same objections to Disney's 1989 version of *The Little Mermaid*? If not, which parts specifically of that movie do you consider to be rooted in Danish traditions, clothing, architecture, history and music? Is it the Jamaican crab and his reggae musical number? Or maybe the thinly-veiled portrayal of the Greek god Poseidon as her father the sea king? How about their interpretation of the sea witch, whose appearance and mannerisms were modelled on the American drag actor Divine? What about the fact that they changed the entire ending of the story to make it more family friendly?\n\nIt seems to me that people who claim that making Ariel black is some gross violation of the original culture of the story never seem to have any the same level of objection to the many, *many* other cultural, musical, racial, and narrative liberties taken in the most popular and beloved modern retelling of the story. It's only once the main character is portrayed as non-white that the pearls are clutched, and I'll leave you to draw your own conclusions as to why that might be the case.\n\nEDIT: I stand corrected on the subject of Aladdin, I was mistaken about the origins of that story. My overall point about when it is or is not acceptable to race swap a character remains unchanged though.","As an Asian person, I've never watched European-inspired fantasies like *LOTR* and thought they needed more Asian characters to make me feel connected to the story. Europe has 44 countries, each with unique cultures and folklore. I don’t see how it’s my place to demand that they diversify their culturally inspired stories so that I, an asian person, can feel more included. It doesn’t enhance the story and disrupts the immersion of settings often rooted in ancient Europe. To me, it’s a blatant form of cultural appropriation. Authors are writing about their own cultures and have every right to feature an all-white cast if that’s their choice.\n\nFor those still unconvinced, consider this: would you race-swap the main characters in a live adaptation of *The Last Airbender*? From what [I’ve read](https://www.reddit.com/r/TheLastAirbender/comments/xvff1q/the_lack_of_black_representation_in_netflix_live/), the answer would be a resounding no. Even though it’s a fantasy with lightning-bending characters, it’s deeply influenced by Asian and Inuit cultures. Swapping characters for white or black actors would not only break immersion but also disrespect the cultures being represented.\n\nThe bottom line is that taking stories from European authors and race-swapping them with POCs in America doesn’t help us. Europe has many distinct cultures, none of which we as Americans have the right to claim. Calling people racist for wanting their own culture represented properly only breeds resentment towards POCs.\n\nEDIT:\n\nHere’s my view after reading through the thread:\n\nDiversifying and race-swapping characters can be acceptable, but it depends on the context. For modern stories, it’s fine as long as it’s done thoughtfully and stays true to the story’s essence. The race of mythical creatures or human characters from any culture, shouldn’t be a concern.\n\nHowever, for traditional folklore and stories that are deeply rooted in their cultural origins —such as ""Snow White,"" ""Coco,"" ""Mulan,"" ""Brave,"" or ""Aladdin""—I believe they should remain true to their origins. These tales hold deep cultural meaning and provide an opportunity to introduce and celebrate the cultures they come from. It’s not just about retelling the story; it’s about sharing the culture’s traditions, clothing, architecture, history and music with an audience that might otherwise never learn about them. This helps us admire and appreciate each other’s cultures more fully.\n\nWhen you race-swap these culturally significant stories, it can be problematic because it might imply that POCs don’t respect or value the culture from which these stories originated. This can undermine the importance of cultural representation and appreciation, making it seem like the original culture is being overlooked or diminished.",CMV: I'm tired of liberals who think they are helping POCs by race-swapping European fantasy characters,True,
lez5rhk,cgo1234567,1ecc5rp,leyy8s6,1721962388.0,"They can represent different cultures, but they should do so accurately. Disney does a great job with stories from cultures like those in *Coco*, *Aladdin*, *Mulan*, and *Moana*, but they often race-swap stories inspired by European culture.","{'created_utc': 1721962388.0, 'body_html': '<div class=""md""><p>They can represent different cultures, but they should do so accurately. Disney does a great job with stories from cultures like those in <em>Coco</em>, <em>Aladdin</em>, <em>Mulan</em>, and <em>Moana</em>, but they often race-swap stories inspired by European culture.</p>\n</div>', 'edited': False, 'id': 'lez5rhk', 'is_submitter': True, 'link_id': 't3_1ecc5rp', 'parent_id': 't1_leyy8s6', 'permalink': '/r/changemyview/comments/1ecc5rp/cmv_im_tired_of_liberals_who_think_they_are/lez5rhk/', 'replies': <praw.models.comment_forest.CommentForest object at 0x29133a5d0>, 'saved': False, 'score': 34, 'stickied': False, 'submission': Submission(id='1ecc5rp')}",3,"> Europe has many distinct cultures, none of which we as Americans have the right to claim.\n\n\nCan you explain wtf this means? Disney, an American company has no right to use European distinct cultures in their stories?","As an Asian person, I've never watched European-inspired fantasies like *LOTR* and thought they needed more Asian characters to make me feel connected to the story. Europe has 44 countries, each with unique cultures and folklore. I don’t see how it’s my place to demand that they diversify their culturally inspired stories so that I, an asian person, can feel more included. It doesn’t enhance the story and disrupts the immersion of settings often rooted in ancient Europe. To me, it’s a blatant form of cultural appropriation. Authors are writing about their own cultures and have every right to feature an all-white cast if that’s their choice.\n\nFor those still unconvinced, consider this: would you race-swap the main characters in a live adaptation of *The Last Airbender*? From what [I’ve read](https://www.reddit.com/r/TheLastAirbender/comments/xvff1q/the_lack_of_black_representation_in_netflix_live/), the answer would be a resounding no. Even though it’s a fantasy with lightning-bending characters, it’s deeply influenced by Asian and Inuit cultures. Swapping characters for white or black actors would not only break immersion but also disrespect the cultures being represented.\n\nThe bottom line is that taking stories from European authors and race-swapping them with POCs in America doesn’t help us. Europe has many distinct cultures, none of which we as Americans have the right to claim. Calling people racist for wanting their own culture represented properly only breeds resentment towards POCs.\n\nEDIT:\n\nHere’s my view after reading through the thread:\n\nDiversifying and race-swapping characters can be acceptable, but it depends on the context. For modern stories, it’s fine as long as it’s done thoughtfully and stays true to the story’s essence. The race of mythical creatures or human characters from any culture, shouldn’t be a concern.\n\nHowever, for traditional folklore and stories that are deeply rooted in their cultural origins —such as ""Snow White,"" ""Coco,"" ""Mulan,"" ""Brave,"" or ""Aladdin""—I believe they should remain true to their origins. These tales hold deep cultural meaning and provide an opportunity to introduce and celebrate the cultures they come from. It’s not just about retelling the story; it’s about sharing the culture’s traditions, clothing, architecture, history and music with an audience that might otherwise never learn about them. This helps us admire and appreciate each other’s cultures more fully.\n\nWhen you race-swap these culturally significant stories, it can be problematic because it might imply that POCs don’t respect or value the culture from which these stories originated. This can undermine the importance of cultural representation and appreciation, making it seem like the original culture is being overlooked or diminished.",CMV: I'm tired of liberals who think they are helping POCs by race-swapping European fantasy characters,False,
kpaftcj,bwall2,1aksqa4,kpaewu8,1707281243.0,!delta\n\nThis is actually a really good point. I have been arguing that I can’t change peoples minds and I thinks that’s true. However I do think that making people aware that they are saying something bigoted is a good thing. I think most of these guys aren’t necessarily bad just don’t understand the connotations and implications of what they say. Thanks friend.,"{'created_utc': 1707281243.0, 'body_html': '<div class=""md""><p>!delta</p>\n\n<p>This is actually a really good point. I have been arguing that I can’t change peoples minds and I thinks that’s true. However I do think that making people aware that they are saying something bigoted is a good thing. I think most of these guys aren’t necessarily bad just don’t understand the connotations and implications of what they say. Thanks friend.</p>\n</div>', 'edited': False, 'id': 'kpaftcj', 'is_submitter': True, 'link_id': 't3_1aksqa4', 'parent_id': 't1_kpaewu8', 'permalink': '/r/changemyview/comments/1aksqa4/cmv_i_shouldnt_be_asked_to_speak_out_against/kpaftcj/', 'replies': <praw.models.comment_forest.CommentForest object at 0x30c765e10>, 'saved': False, 'score': 62, 'stickied': False, 'submission': Submission(id='1aksqa4')}",3,"The fact is that these types of things don't stay in groups of friends who aren't immediately affected by the words. Every joke that goes unchecked is something that could be repeated elsewhere where people affected *will* hear it. One friend telling a joke that no one objects to may convince others around that it's harmless because no one claims otherwise. They may not even notice they're doing it after a certain point because they're used to making these jokes like they're any other kind of joke. \n\nYou're absolutely right that what they want to say and what they believe aren't things you necessarily have the power to change, and it's not required of you to try, but the reality is that what you think means *infinitely* more to them than, say, a random woman or Black person or gay person because they actually know and respect you. You matter to them and what you think matters to them whether they admit it or not. At the very least, saying something makes them aware of the connotations of certain comments because they know you'll give them shit and they'll benefit from that. They may not stop with the joke, but they'll be more conscious of it. For all you know, other friends may also feel this way too but ignore it or join in because they don't want to rock the boat.","My girlfriend and I have been talking about harassment and men’s lockeroom talk behavior at work. I’ve worked as an engineer in construction, and individuals I worked with often had a lot to say. I stayed silent even when they made remarks that I find objectionable, keep in mind we aren’t talking about harassment, which I would speak out against. Just general sexist or racist comments that aren’t hurting the all male all white group. I did not laugh or nod along, generally just pretend I’m uninterested and deaf. I have heard often from others that this somehow makes me complicit in their racism or sexism. Equivalents I’ve heard is that if you saw someone hurting another person you would do something about it. Shitty comments like this are supposedly the same way. While I agree that doing nothing in a crisis where someone could get hurt is shitty, I don’t agree with the equivalency.\n\nMy main problem is, I don’t think I could change these individuals behavior even if I did speak up. They don’t even respect my opinion on things I’m educated to speak on. They certainly don’t respect me as a person. I see little reason to rock the boat and piss off the people I have to work with for non work related issues.\n\nSecondly these comments don’t really hurt anyone and I don’t think it’s my job to police them. It’s a shitty opinion, and a wrong one in my eyes, but nevertheless an opinion. If they were my friends, I would probably speak up or not hang out with them. Also it is a relatively victimless issue. There are of course women and minorities around, but I have never heard them say anything bad while they’re in earshot. \n\nThird, I have no idea what to say. I’m socially awkward enough as it is without trying to engage in witty pseudo political sparring with my coworkers. I also am not really these people’s supervisor. I don’t think either that reporting them to their supervisor would be helpful in fixing their behavior or helping me not be public enemy No. 1 on the job-site.\n\nInterested in what people say, kinda wish I thought differently but I can’t see a good reason to speak up.\n\nEdit: Thought I’d sum up how my position has changed from what I wrote here. I have read every reply to this post and my comments even if I haven’t responded.\n\nWhile most of you agree on my first point that I will not change hearts and minds a lot of people have brought up a good point of shifting things the right direction. I agree and realize I haven’t done enough.\n\nSecondly a lot of you have been saying I’m a coward or weak for not standing up for my values. I wish I had the strength that you all have, but I also don’t think many of you understand the culture I was in. If you did you might not think so little of me but I understand your frustrations.\n\nI do think I haven’t been doing enough, a lot of you have successfully changed how I feel about speaking out or separating myself from bigotry. I will try to do better, but I don’t think I have the gifts of wit that many of you have suggested. I haven’t awarded any deltas over this, mainly because no one comment truly caused a change of heart.\n\nFinally, I understand this is not a victimless issue. I have awarded two deltas over this fact and they are both very convincing.\n\nThanks for all who replied. I don’t think I will be making any grand speeches, but I will be better to make my workplace more welcoming. I will keep reading.",CMV: I shouldn’t be asked to speak out against other peoples racism or sexism even if I disagree,True,
kpaeif7,bwall2,1aksqa4,kpabrqo,1707280594.0,"I don’t know what you do for a living, but I imagine it’s not construction. I agree that it doesn’t belong in a work environment, nevertheless it persists and leadership does nothing, and on top of that reporting my coworkers for stating an opinion is not fair imo. \n\nSimilar to how people were fired for expressing support for Palestine was wrong, so too is firing people for expressing racist opinions.","{'created_utc': 1707280594.0, 'body_html': '<div class=""md""><p>I don’t know what you do for a living, but I imagine it’s not construction. I agree that it doesn’t belong in a work environment, nevertheless it persists and leadership does nothing, and on top of that reporting my coworkers for stating an opinion is not fair imo. </p>\n\n<p>Similar to how people were fired for expressing support for Palestine was wrong, so too is firing people for expressing racist opinions.</p>\n</div>', 'edited': False, 'id': 'kpaeif7', 'is_submitter': True, 'link_id': 't3_1aksqa4', 'parent_id': 't1_kpabrqo', 'permalink': '/r/changemyview/comments/1aksqa4/cmv_i_shouldnt_be_asked_to_speak_out_against/kpaeif7/', 'replies': <praw.models.comment_forest.CommentForest object at 0x30c76b6d0>, 'saved': False, 'score': 3, 'stickied': False, 'submission': Submission(id='1aksqa4')}",3,What you should 100% be squashing that shit. That has no place in the work enviorment. Report that shit asap.,"My girlfriend and I have been talking about harassment and men’s lockeroom talk behavior at work. I’ve worked as an engineer in construction, and individuals I worked with often had a lot to say. I stayed silent even when they made remarks that I find objectionable, keep in mind we aren’t talking about harassment, which I would speak out against. Just general sexist or racist comments that aren’t hurting the all male all white group. I did not laugh or nod along, generally just pretend I’m uninterested and deaf. I have heard often from others that this somehow makes me complicit in their racism or sexism. Equivalents I’ve heard is that if you saw someone hurting another person you would do something about it. Shitty comments like this are supposedly the same way. While I agree that doing nothing in a crisis where someone could get hurt is shitty, I don’t agree with the equivalency.\n\nMy main problem is, I don’t think I could change these individuals behavior even if I did speak up. They don’t even respect my opinion on things I’m educated to speak on. They certainly don’t respect me as a person. I see little reason to rock the boat and piss off the people I have to work with for non work related issues.\n\nSecondly these comments don’t really hurt anyone and I don’t think it’s my job to police them. It’s a shitty opinion, and a wrong one in my eyes, but nevertheless an opinion. If they were my friends, I would probably speak up or not hang out with them. Also it is a relatively victimless issue. There are of course women and minorities around, but I have never heard them say anything bad while they’re in earshot. \n\nThird, I have no idea what to say. I’m socially awkward enough as it is without trying to engage in witty pseudo political sparring with my coworkers. I also am not really these people’s supervisor. I don’t think either that reporting them to their supervisor would be helpful in fixing their behavior or helping me not be public enemy No. 1 on the job-site.\n\nInterested in what people say, kinda wish I thought differently but I can’t see a good reason to speak up.\n\nEdit: Thought I’d sum up how my position has changed from what I wrote here. I have read every reply to this post and my comments even if I haven’t responded.\n\nWhile most of you agree on my first point that I will not change hearts and minds a lot of people have brought up a good point of shifting things the right direction. I agree and realize I haven’t done enough.\n\nSecondly a lot of you have been saying I’m a coward or weak for not standing up for my values. I wish I had the strength that you all have, but I also don’t think many of you understand the culture I was in. If you did you might not think so little of me but I understand your frustrations.\n\nI do think I haven’t been doing enough, a lot of you have successfully changed how I feel about speaking out or separating myself from bigotry. I will try to do better, but I don’t think I have the gifts of wit that many of you have suggested. I haven’t awarded any deltas over this, mainly because no one comment truly caused a change of heart.\n\nFinally, I understand this is not a victimless issue. I have awarded two deltas over this fact and they are both very convincing.\n\nThanks for all who replied. I don’t think I will be making any grand speeches, but I will be better to make my workplace more welcoming. I will keep reading.",CMV: I shouldn’t be asked to speak out against other peoples racism or sexism even if I disagree,False,
ku89pl0,green_carnation_prod,1bba6lc,ku88ji2,1710084344.0,"I will actually give you !delta. That is a good way to put it. If you actually listen to people (not necessarily as a therapist) and make suggestions based on their current wishes and preferences, helping them broaden their scope of search, then you might actually really help them.  \n\n I think it would be better to frame it as “broadening your standards” though. Someone who wants to marry a musician, then realise they actually want to marry someone creative and intelligent, just couldn’t fathom that these people might be of a different profession, is by no means “lowering” their standards! ","{'created_utc': 1710084344.0, 'body_html': '<div class=""md""><p>I will actually give you !delta. That is a good way to put it. If you actually listen to people (not necessarily as a therapist) and make suggestions based on their current wishes and preferences, helping them broaden their scope of search, then you might actually really help them.\xa0\xa0</p>\n\n<p>\xa0I think it would be better to frame it as “broadening your standards” though. Someone who wants to marry a musician, then realise they actually want to marry someone creative and intelligent, just couldn’t\xa0fathom\xa0that these people might be of a different profession, is by no means “lowering” their standards!\xa0</p>\n</div>', 'edited': 1710086595.0, 'id': 'ku89pl0', 'is_submitter': True, 'link_id': 't3_1bba6lc', 'parent_id': 't1_ku88ji2', 'permalink': '/r/changemyview/comments/1bba6lc/cmv_even_if_someone_has_completely_unrealistic/ku89pl0/', 'replies': <praw.models.comment_forest.CommentForest object at 0x30967f990>, 'saved': False, 'score': 49, 'stickied': False, 'submission': Submission(id='1bba6lc')}",3,"One of the jobs of a therapist is to help people reframe their thought patterns in a way that helps them be happier and more fulfilled. Sometimes, that might mean helping people process the underlying reasons for their beliefs so they they can address any trauma or assumptions or distortions that are causing them to be unhappy. \n\nIf a person has unrealistic standards AND they really want a relationship, a good therapist will help them explore both those things and find a way for them to be happier. If they only want a relationship because they're afraid of being lonely, then helping them value and appreciate the relationships they have and make more non-romantic connections is a great way to help them. But working through those standards with them would also be appropriate. Maybe they can currently only see themselves dating a person of one very specific profession. Sure, there's nothing wrong about that, but what if they could work through it and realize that what's really underlying that standard is that they highly value the combination of creativity and intelligence? Then maybe instead of feeling like their choice is either to marry a successful musician or be single forever, they might also look around for people with those traits in other professions.","Relationships are not a must. You can live your life without a relationship. \n\nIdeally, getting into a relationship should be about genuinely *liking* the other person, respecting them, and finding value in their presence, existence and companionship. \n\nAnd if someone can only imagine themselves seeing value in, respecting and liking a perfect supermodel with no emotional baggage, a perfect job, and a mansion in the center of London (Paris, New York) who is willing to give them unconditional love and all their time, and the thought of being in a relationship with someone less… fictional… makes them miserable and unhappy, so what? Yes, they are likely to never find a relationship with such individual, but I think that is better than them lowering their standards, finding someone, and resenting them for who they are.\n\nMaybe at some point they will just naturally realise that they can genuinely *enjoy* being with a normal human who understands and relates to them, and who they understand and relate to as well. But that would not be “lowering of standards” - i.e. they would just naturally realise they can find joy in and respect someone who is not unrealistically perfect. But they should not be encouraged to do that by society, they should come to that themselves, and not because they realise they have unrealistic wishes and should settle, but because they realise relationships with non-perfect people can also feel good and be fulfilling. If they never come to that realisation, then a relationship they could have gotten was not something they actually needed at all.","CMV: Even if someone has completely unrealistic standards (for their romantic partners), they should not be asked to lower them.",True,
ku81h7v,green_carnation_prod,1bba6lc,ku7wvrz,1710081061.0,"This is a matter of communication. If someone is honest and says “I hate when women have periods! My standard is a woman without periods!” (lmao) then why not. If they hide their standard and impose it on their already-partner, then yes, they would be hurting them. But just wanting a woman without periods, while weird for sure, is hardly going to hurt anyone. ","{'created_utc': 1710081061.0, 'body_html': '<div class=""md""><p>This is a matter of communication. If someone is honest and says “I hate when women have periods! My standard is a woman without periods!” (lmao) then why not. If they hide their standard and impose it on their already-partner, then yes, they would be hurting them. But just wanting a woman without periods, while weird for sure, is hardly going to hurt anyone.\xa0</p>\n</div>', 'edited': False, 'id': 'ku81h7v', 'is_submitter': True, 'link_id': 't3_1bba6lc', 'parent_id': 't1_ku7wvrz', 'permalink': '/r/changemyview/comments/1bba6lc/cmv_even_if_someone_has_completely_unrealistic/ku81h7v/', 'replies': <praw.models.comment_forest.CommentForest object at 0x309681750>, 'saved': False, 'score': -2, 'stickied': False, 'submission': Submission(id='1bba6lc')}",3,"I just don't see the value here. \n\nI'll grant that sometimes people need to learn their lessons the hard way, but I don't see the value in ignoring the delusions of a friend or loved one that's being an asshole.\n\nUnreasonable ""standards"" can be downright unhealthy (e.g., flipping out over menstruation, expecting men not to be sad sometimes, blatant disregard of personal boundaries, etc.). There are other people's time and feelings in play here. It doesn't make sense to prioritize the personal growth of a dumbass friend over the wellbeing of others.","Relationships are not a must. You can live your life without a relationship. \n\nIdeally, getting into a relationship should be about genuinely *liking* the other person, respecting them, and finding value in their presence, existence and companionship. \n\nAnd if someone can only imagine themselves seeing value in, respecting and liking a perfect supermodel with no emotional baggage, a perfect job, and a mansion in the center of London (Paris, New York) who is willing to give them unconditional love and all their time, and the thought of being in a relationship with someone less… fictional… makes them miserable and unhappy, so what? Yes, they are likely to never find a relationship with such individual, but I think that is better than them lowering their standards, finding someone, and resenting them for who they are.\n\nMaybe at some point they will just naturally realise that they can genuinely *enjoy* being with a normal human who understands and relates to them, and who they understand and relate to as well. But that would not be “lowering of standards” - i.e. they would just naturally realise they can find joy in and respect someone who is not unrealistically perfect. But they should not be encouraged to do that by society, they should come to that themselves, and not because they realise they have unrealistic wishes and should settle, but because they realise relationships with non-perfect people can also feel good and be fulfilling. If they never come to that realisation, then a relationship they could have gotten was not something they actually needed at all.","CMV: Even if someone has completely unrealistic standards (for their romantic partners), they should not be asked to lower them.",False,
ltzf2zp,linguisthistorygeek,1gd6cbq,ltze26k,1730020210.0,"Hm. If that is indeed what they are doing, the war crime apologism accusation does feel earned, and is indeed the lesser evil. The crux of the issue I suppose lies in the fact that both sides are accusing the journalists of the opposing side of war crimes/war crime apologism. But I suppose two things can be true at the same time. I'll give you a Δ for your point on comparative morals.","{'created_utc': 1730020210.0, 'body_html': '<div class=""md""><p>Hm. If that is indeed what they are doing, the war crime apologism accusation does feel earned, and is indeed the lesser evil. The crux of the issue I suppose lies in the fact that both sides are accusing the journalists of the opposing side of war crimes/war crime apologism. But I suppose two things can be true at the same time. I&#39;ll give you a Δ for your point on comparative morals.</p>\n</div>', 'edited': False, 'id': 'ltzf2zp', 'is_submitter': True, 'link_id': 't3_1gd6cbq', 'parent_id': 't1_ltze26k', 'permalink': '/r/changemyview/comments/1gd6cbq/cmv_harassing_journalists_historically_makes_you/ltzf2zp/', 'replies': <praw.models.comment_forest.CommentForest object at 0x290584490>, 'saved': False, 'score': -1, 'stickied': False, 'submission': Submission(id='1gd6cbq')}",3,"So just to check, if a journalist is wilfully and knowingly posting articles in support of war crimes, human rights abuses, etc - you would be in the wrong for attacking them for it or for making 100% accurate personal attacks such as ""you are a war crime apologist?""\n\nEven if so, isn't it relatively the lesser evil than not doing so and standing by while someone promotes hatred and war crimes?","For context, I read [this Finnish language article](https://yle.fi/a/74-20083500). I'll try to summarize it correctly although I may misunderstand some things. \n\n    It's essentially reporting that some journalists are giving up on \n    reporting on the situation between Israel and Palestine due to \n    them receiving pressure/feedback from supporters of either \n    side. Some feedback is helpful, but some attack the journalist \n    reporting on a given topic, and speculate on the journalist's  \n    personal views in social media and pressure them more widely. \n    Given the heatedness of the topic, and the long history \n    surrounding the Gaza area, journalists feel more comfortable \n    reporting on the situation between Russia and Ukraine, even \n    though that is also a heated topic.\n\nNow, the topic of this CMV **is not** Israel vs Palestine, but the actions of those (Finnish) supporters harassing and pressuring (Finnish) journalists. I understand that the situation over in Gaza (again, NOT what this CMV is about!) is heated, and supporters of both sides even in Finland believe they are in the right, but my first reaction when reading the article was to think to myself **""if you're trying to pressure/harass journalists, you're just historically in the wrong""**. And even after thinking about it for a while, I just can't get over that idea. Since I haven't researched the topic, and this is my gut reaction, I am prepared to be wrong. I am aware that journalists are humans and can be consciously or unconsciously biased or just mistaken, but given how many dictators have treated journalists badly, I feel some of the people pressuring journalists are aligning themselves with people they wouldn't want to be aligned with.\nTo be clear, I believe the journalists are physically safe here, and they are not quitting being journalists, they simply move onto report on other topics where the people reading them act more civil.\nSo, **CMV: harassing journalists historically makes you a bad person/morally makes you in the wrong**",CMV: Harassing journalists historically makes you a bad person/in the wrong,True,
ltzea44,linguisthistorygeek,1gd6cbq,ltzdzuu,1730019648.0,"In Finland, the journalists are not members of terrorist groups, so it's not relevant for this CMV.","{'created_utc': 1730019648.0, 'body_html': '<div class=""md""><p>In Finland, the journalists are not members of terrorist groups, so it&#39;s not relevant for this CMV.</p>\n</div>', 'edited': False, 'id': 'ltzea44', 'is_submitter': True, 'link_id': 't3_1gd6cbq', 'parent_id': 't1_ltzdzuu', 'permalink': '/r/changemyview/comments/1gd6cbq/cmv_harassing_journalists_historically_makes_you/ltzea44/', 'replies': <praw.models.comment_forest.CommentForest object at 0x2b452df50>, 'saved': False, 'score': -2, 'stickied': False, 'submission': Submission(id='1gd6cbq')}",3,"What if some ""journalists"" belong to a terrorist group too ?","For context, I read [this Finnish language article](https://yle.fi/a/74-20083500). I'll try to summarize it correctly although I may misunderstand some things. \n\n    It's essentially reporting that some journalists are giving up on \n    reporting on the situation between Israel and Palestine due to \n    them receiving pressure/feedback from supporters of either \n    side. Some feedback is helpful, but some attack the journalist \n    reporting on a given topic, and speculate on the journalist's  \n    personal views in social media and pressure them more widely. \n    Given the heatedness of the topic, and the long history \n    surrounding the Gaza area, journalists feel more comfortable \n    reporting on the situation between Russia and Ukraine, even \n    though that is also a heated topic.\n\nNow, the topic of this CMV **is not** Israel vs Palestine, but the actions of those (Finnish) supporters harassing and pressuring (Finnish) journalists. I understand that the situation over in Gaza (again, NOT what this CMV is about!) is heated, and supporters of both sides even in Finland believe they are in the right, but my first reaction when reading the article was to think to myself **""if you're trying to pressure/harass journalists, you're just historically in the wrong""**. And even after thinking about it for a while, I just can't get over that idea. Since I haven't researched the topic, and this is my gut reaction, I am prepared to be wrong. I am aware that journalists are humans and can be consciously or unconsciously biased or just mistaken, but given how many dictators have treated journalists badly, I feel some of the people pressuring journalists are aligning themselves with people they wouldn't want to be aligned with.\nTo be clear, I believe the journalists are physically safe here, and they are not quitting being journalists, they simply move onto report on other topics where the people reading them act more civil.\nSo, **CMV: harassing journalists historically makes you a bad person/morally makes you in the wrong**",CMV: Harassing journalists historically makes you a bad person/in the wrong,False,
lk7mi3a,yetrident,1f22uj0,lk6hzqj,1724781887.0,"OK, multiple people have pointed out similar issues. I was saying that capital gains taxes could be deducted from the estate, but I recognize that is more complicated. Allowing the step-up for assets subject to the estate tax makes sense.\n\nI still think that eliminating the step up for everyone else isn't terrible. Yes, it would hurt upper-middle-class heirs the most, but still only 23.8% *max*, and only when they sell. But it's starting to make the whole plan less attractive.\n\nAt least a partial **Δ**.","{'created_utc': 1724781887.0, 'body_html': '<div class=""md""><p>OK, multiple people have pointed out similar issues. I was saying that capital gains taxes could be deducted from the estate, but I recognize that is more complicated. Allowing the step-up for assets subject to the estate tax makes sense.</p>\n\n<p>I still think that eliminating the step up for everyone else isn&#39;t terrible. Yes, it would hurt upper-middle-class heirs the most, but still only 23.8% <em>max</em>, and only when they sell. But it&#39;s starting to make the whole plan less attractive.</p>\n\n<p>At least a partial <strong>Δ</strong>.</p>\n</div>', 'edited': False, 'id': 'lk7mi3a', 'is_submitter': True, 'link_id': 't3_1f22uj0', 'parent_id': 't1_lk6hzqj', 'permalink': '/r/changemyview/comments/1f22uj0/cmv_the_stepup_in_cost_basis_should_be_eliminated/lk7mi3a/', 'replies': <praw.models.comment_forest.CommentForest object at 0x2c4cb1d90>, 'saved': False, 'score': 1, 'stickied': False, 'submission': Submission(id='1f22uj0')}",3,"The estate tax rate is *way* higher than capital gains rates. Those huge inheritances that actually *matter* economically, and aren't just people passing on what they earned during their life are already taxed heavily...\n\nIt's just naked opportunism to tax those assets more than twice. \n\nThe federal estate tax rate on assets even just 10% above the exemption is *already 40%*. You want to tack on *another* ~24% (including the net asset tax) in *addition* to that 40% estate tax? Those gains are already taxed, and very heavily at that.\n\nIf you said: only eliminate the step up for inherited assets that *aren't* subject to the estate tax, that might be reasonable. \n\nBut even then... you're mostly hurting the upper-middle class in high COLA areas, not the rich by doing that. Most of those people aren't trust fund kids, but earned those assets during their lifetime.","(This is referring the US tax law.)\n\nI don't think it's fair that capital gains are *never* taxed if someone is wealthy enough to not need to spend their investments. They can pass the wealth on to their heirs and the cost basis resets to the value upon death. It's hard for me to imagine a scenario where someone inherent a bunch of money and they end up being worse off by having to pay *at the very most* ~~15-20%~~ 15-23.8% of it in taxes when the heir decides to sell. Even if we did eliminate the step-up, who inherent a modest sum would not have to pay any capital gains taxes at all if their income is low enough.\n\nWhat am I missing? Why is it good to offer a tax expenditure that benefits these heirs?\n\nEDIT: Some seem to be mixing up my proposal with an inheritance tax. I'm not suggesting that the estate or heirs should owe additional taxes at the time of death. Capital gains taxes are only due when the heirs decide to sell the assets they inherited. If they don't sell their farm or small business, they'll never owe any capital gains taxes in my proposal or the status quo. I'm simply proposing that those gains be calculate using the original cost basis, not resetting to the value at the time of death.",cmv: The step-up in cost basis should be eliminated,True,
lk3p76l,yetrident,1f22uj0,lk3nt6v,1724719426.0,"Capital gains taxes are due only when the heir sells, not when they inherent the property. So Farmer B wouldn't be forced to sell any part to pay the taxes. My proposal actually does the precise opposite and encourages the heirs *not* to sell off their farm.","{'created_utc': 1724719426.0, 'body_html': '<div class=""md""><p>Capital gains taxes are due only when the heir sells, not when they inherent the property. So Farmer B wouldn&#39;t be forced to sell any part to pay the taxes. My proposal actually does the precise opposite and encourages the heirs <em>not</em> to sell off their farm.</p>\n</div>', 'edited': False, 'id': 'lk3p76l', 'is_submitter': True, 'link_id': 't3_1f22uj0', 'parent_id': 't1_lk3nt6v', 'permalink': '/r/changemyview/comments/1f22uj0/cmv_the_stepup_in_cost_basis_should_be_eliminated/lk3p76l/', 'replies': <praw.models.comment_forest.CommentForest object at 0x2c4cb3290>, 'saved': False, 'score': 7, 'stickied': False, 'submission': Submission(id='1f22uj0')}",3,"Here's a scenario for you.  Farmer A dies and his son Farmer B inherits the estate.  The land, because some subdivisions have moved in nearby, is now worth $5 mil at ""highest and best use.""  There's no way Farmer B has enough cash to pay the taxes so he has to sell at least part, and now has a smaller farm, possibly too small to economically farm.  If he can't, then he ends up selling the whole thing to some farming conglomerate or mcmansion builder.\n\nAny family business is potentially a similar issue.  It is very difficult to sell 20% of a small business to pay capital gains tax and few will have that sort of cash laying around.  The reality is the owner will probably just sell the entire business, and in general that's not a good thing for the country.","(This is referring the US tax law.)\n\nI don't think it's fair that capital gains are *never* taxed if someone is wealthy enough to not need to spend their investments. They can pass the wealth on to their heirs and the cost basis resets to the value upon death. It's hard for me to imagine a scenario where someone inherent a bunch of money and they end up being worse off by having to pay *at the very most* ~~15-20%~~ 15-23.8% of it in taxes when the heir decides to sell. Even if we did eliminate the step-up, who inherent a modest sum would not have to pay any capital gains taxes at all if their income is low enough.\n\nWhat am I missing? Why is it good to offer a tax expenditure that benefits these heirs?\n\nEDIT: Some seem to be mixing up my proposal with an inheritance tax. I'm not suggesting that the estate or heirs should owe additional taxes at the time of death. Capital gains taxes are only due when the heirs decide to sell the assets they inherited. If they don't sell their farm or small business, they'll never owe any capital gains taxes in my proposal or the status quo. I'm simply proposing that those gains be calculate using the original cost basis, not resetting to the value at the time of death.",cmv: The step-up in cost basis should be eliminated,False,
ls39gi7,furiousdonkey,1g4ez6a,ls2z88p,1729021908.0,"!delta because of the last part: \n\n> Victim blaming isn't bad because it implies that people are imperfect. It's bad because it doesn't help the victim, but causes them distress instead.\n\nI think while logically I still believe in questioning all parties involvement in a situation, I probably haven't given enough thought to whether that's worth the distress it puts on somebody who has just been through an already stressful situation.","{'created_utc': 1729021908.0, 'body_html': '<div class=""md""><p>!delta because of the last part: </p>\n\n<blockquote>\n<p>Victim blaming isn&#39;t bad because it implies that people are imperfect. It&#39;s bad because it doesn&#39;t help the victim, but causes them distress instead.</p>\n</blockquote>\n\n<p>I think while logically I still believe in questioning all parties involvement in a situation, I probably haven&#39;t given enough thought to whether that&#39;s worth the distress it puts on somebody who has just been through an already stressful situation.</p>\n</div>', 'edited': 1729024377.0, 'id': 'ls39gi7', 'is_submitter': True, 'link_id': 't3_1g4ez6a', 'parent_id': 't1_ls2z88p', 'permalink': '/r/changemyview/comments/1g4ez6a/cmv_theres_nothing_wrong_with_victim_blaming_in/ls39gi7/', 'replies': <praw.models.comment_forest.CommentForest object at 0x28d8452d0>, 'saved': False, 'score': 6, 'stickied': False, 'submission': Submission(id='1g4ez6a')}",3,"Here's the thing though. You aren't a therapist or mental health professional of any kind. And if you were, it would not be your place unless you were talking with your client alone in a confidential setting.\n\nYou interrogating someone who went through a bad, potentially traumatizing experience over their role in ""causing"" it doesn't help the victim. In fact, it most likely will isolate the victim and make them more reluctant to seek help. Years later, it will only serve to make them uncomfortable going to you with other things even if you are the person who can help the most.\n\nWhat is the point of trying to figure out exactly what they did? Even after the dust settles, even years later? It's not to help the victim. So is it to help the perpetrator? To satisfy your curiosity? Something else?\n\nVictim blaming isn't bad because it implies that people are imperfect. It's bad because it doesn't help the victim, but causes them distress instead.","People love to accuse each other of victim blaming. We like to see the world in a binary way of ""good people"" and ""bad people"". But that's simply not the case and my CMV opinion which I'm happy to be changed on is that: _often times the victim of a crime is at least partly responsible. And it's ok to question that._\n\nNot in all cases of course. Child abuse is an extreme example, where the victim bears zero fault and it's all on the attacker. Car accidents are another one. If you get hit by a drunk driver when you were driving safely then you deserve all the sympathy. But for I believe the majority of cases it's more nuanced than that, and a person should not be called out for suggesting a victim is also to blame for their situation. It's possible to be both a victim and a perpetrator at the same time. And it's also possible to be both a victim and an idiot.\n\nA good litmus test for my opinion is in instances of aggrevated assault. Consider the extremely common situation where somebody was insulting a person and then they get punched. Legally speaking, physically harming someone is worse than insulting someone. So there is a ""victim"". But it's perfectly acceptable to ask what they did to lead up to them getting a punch. ""Did you do anything to deserve it?"" Is a question that should be allowed to be asked. Maybe they were being racist? Most of us are fine with a racist getting a slap, even though legally speaking that makes them a victim of a crime.\n\nAnother example of where I think victim blaming is okay would be infidelity in relationships. If somebody cheats on their partner it's very very likely that the partner had been behaving in a neglectful way up until that point. Few people cheat in a happy relationship. I think it's ok, in fact I think it's _healthy_ to question somebody on why their partner might have cheated on them. Maybe not right after the fact. But when the dust has settled I think it's ok to say that. Society seems to disagree with me though so CMV...",CMV: There's nothing wrong with victim blaming in principle.,True,
ls3b5xr,furiousdonkey,1g4ez6a,ls2x1c1,1729022432.0,">Do you believe this changes 100% when the 18th birthday hits, or is it a gradient?\n\nIf that's a serious question then yeah I think it downgrades from _extreme_ to _very very bad_.  Hitting a child is worse than hitting an adult. Or is it actually? You tell me what you think.\n\n> But were you driving sufficiently defensively? If you should have been more aware of your surroundings, but still drove ""safely enough"", should you be victim blamed or not?\n\nPossibly in a very very very very small minority of cases but generally no.","{'created_utc': 1729022432.0, 'body_html': '<div class=""md""><blockquote>\n<p>Do you believe this changes 100% when the 18th birthday hits, or is it a gradient?</p>\n</blockquote>\n\n<p>If that&#39;s a serious question then yeah I think it downgrades from <em>extreme</em> to <em>very very bad</em>.  Hitting a child is worse than hitting an adult. Or is it actually? You tell me what you think.</p>\n\n<blockquote>\n<p>But were you driving sufficiently defensively? If you should have been more aware of your surroundings, but still drove &quot;safely enough&quot;, should you be victim blamed or not?</p>\n</blockquote>\n\n<p>Possibly in a very very very very small minority of cases but generally no.</p>\n</div>', 'edited': False, 'id': 'ls3b5xr', 'is_submitter': True, 'link_id': 't3_1g4ez6a', 'parent_id': 't1_ls2x1c1', 'permalink': '/r/changemyview/comments/1g4ez6a/cmv_theres_nothing_wrong_with_victim_blaming_in/ls3b5xr/', 'replies': <praw.models.comment_forest.CommentForest object at 0x28d84be90>, 'saved': False, 'score': 1, 'stickied': False, 'submission': Submission(id='1g4ez6a')}",3,">Child abuse is an extreme example, where the victim bears zero fault and it's all on the attacker.\n\nDo you believe this changes 100% when the 18th birthday hits, or is it a gradient?\n\n>If you get hit by a drunk driver when you were driving safely then you deserve all the sympathy.\n\nBut were you driving sufficiently defensively? If you should have been more aware of your surroundings, but still drove ""safely enough"", should you be victim blamed or not?\n\n>Another example of where I think victim blaming is okay would be infidelity in relationships. If somebody cheats on their partner it's very very likely that the partner had been behaving in a neglectful way up until that point. Few people cheat in a happy relationship. I think it's ok, in fact I think it's healthy to question somebody on why their partner might have cheated on them. Maybe not right after the fact. But when the dust has settled I think it's ok to say that.\n\nI don't think choosing to cheat is ever the right answer, but I do think that the other partner can be doing something even worse that drove the cheater to feel like cheating is a good option. \n\nIn other words, I don't think any amount of abuse or neglect ""justifies"" cheating, and I don't think you should jump to ""but what did the cheated on person do?"" To try to justify it.","People love to accuse each other of victim blaming. We like to see the world in a binary way of ""good people"" and ""bad people"". But that's simply not the case and my CMV opinion which I'm happy to be changed on is that: _often times the victim of a crime is at least partly responsible. And it's ok to question that._\n\nNot in all cases of course. Child abuse is an extreme example, where the victim bears zero fault and it's all on the attacker. Car accidents are another one. If you get hit by a drunk driver when you were driving safely then you deserve all the sympathy. But for I believe the majority of cases it's more nuanced than that, and a person should not be called out for suggesting a victim is also to blame for their situation. It's possible to be both a victim and a perpetrator at the same time. And it's also possible to be both a victim and an idiot.\n\nA good litmus test for my opinion is in instances of aggrevated assault. Consider the extremely common situation where somebody was insulting a person and then they get punched. Legally speaking, physically harming someone is worse than insulting someone. So there is a ""victim"". But it's perfectly acceptable to ask what they did to lead up to them getting a punch. ""Did you do anything to deserve it?"" Is a question that should be allowed to be asked. Maybe they were being racist? Most of us are fine with a racist getting a slap, even though legally speaking that makes them a victim of a crime.\n\nAnother example of where I think victim blaming is okay would be infidelity in relationships. If somebody cheats on their partner it's very very likely that the partner had been behaving in a neglectful way up until that point. Few people cheat in a happy relationship. I think it's ok, in fact I think it's _healthy_ to question somebody on why their partner might have cheated on them. Maybe not right after the fact. But when the dust has settled I think it's ok to say that. Society seems to disagree with me though so CMV...",CMV: There's nothing wrong with victim blaming in principle.,False,
lpz3zv6,Skoldylocks,1fug522,lpz3jof,1727876701.0,"!delta because a much larger lower house I think is probably the most policy-feasible way of achieving better representation, though the point of my post was not about the implementation plan for ending the EC. If I could fiat any government reformation I'd go far beyond just that.","{'created_utc': 1727876701.0, 'body_html': '<div class=""md""><p>!delta because a much larger lower house I think is probably the most policy-feasible way of achieving better representation, though the point of my post was not about the implementation plan for ending the EC. If I could fiat any government reformation I&#39;d go far beyond just that.</p>\n</div>', 'edited': False, 'id': 'lpz3zv6', 'is_submitter': True, 'link_id': 't3_1fug522', 'parent_id': 't1_lpz3jof', 'permalink': '/r/changemyview/comments/1fug522/cmv_small_state_representation_is_not_worth/lpz3zv6/', 'replies': <praw.models.comment_forest.CommentForest object at 0x29efc1950>, 'saved': False, 'score': -4, 'stickied': False, 'submission': Submission(id='1fug522')}",3,"And what happens if Delaware decides that its representation isn't going to be considered valuable enough for them and they decide to not join this new constitutional government. The idea of the original compromise hasn't gone away. And there are enough small population states (under 3 million) that can block this type of amendment.  So you are back to square one because any agreement is going to have to be a compromise to pull in smaller states under 3 million.   \n\nFurther, the ""Wyoming vote is worth more"" issue isn't an issue with the EC anyway. Its with the 1929 the Permanent Apportionment Act which limits the size of chairs in the House to 435. And removing the 1929 law doesn't take an amendment. It just a law. We could remove it at any time. So there is an easy solution to your problem. But I find it funny that no one actually takes it as an option. Almost everyone here goes with ""lets do the almost impossible task"" on principle instead of the task that can get done, can get done quickly, and could even out power (which doesn't exist IMO, but I am using your assumptions).","To put my argument simply: Land does not vote. People vote. I don't care at all about small state representation, because I don't care what individual parcels of land think. I care what the people living inside those parcels of land think. \n\n""Why should we allow big states to rule the country?""\n\nThey wouldn't be under a popular vote system. The people within those states would be a part of the overall country that makes the decision. A voter in Wyoming has 380% of the voting power of a Californian. There are more registered Republicans in California than there are Wyoming. Why should a California Republican's vote count for a fraction of a Wyoming Republican's vote?\n\nThe history of the EC makes sense, it was a compromise. We're well past the point where we need to appease former slave states. Abolish the electoral college, move to a national popular vote, and make people's vote's matter, not arbitrary parcels of land.",CMV: Small State Representation Is Not Worth Maintaining the Electoral College,True,
lpz4539,Skoldylocks,1fug522,lpz3hij,1727876754.0,Land voting is not a strawman. It's the entire premise of the electoral college,"{'created_utc': 1727876754.0, 'body_html': '<div class=""md""><p>Land voting is not a strawman. It&#39;s the entire premise of the electoral college</p>\n</div>', 'edited': False, 'id': 'lpz4539', 'is_submitter': True, 'link_id': 't3_1fug522', 'parent_id': 't1_lpz3hij', 'permalink': '/r/changemyview/comments/1fug522/cmv_small_state_representation_is_not_worth/lpz4539/', 'replies': <praw.models.comment_forest.CommentForest object at 0x29ef0f150>, 'saved': False, 'score': -40, 'stickied': False, 'submission': Submission(id='1fug522')}",3,"The US federal government is similar in scale to the EU, but with decently more centralized power.\n\nUS states and EU countries still have a lot of power for what happens internally, and one of the central government's main responsibilities is mediating between these states/countries. These are not arbitrary voting districts.\n\nThe EU also has some representation that's 1 vote per country.\n\nLand voting is a strawman. In both cases is a compromise where smaller states or countries to join and stay in the union.\n\nThis compromise was also not about appeasing slaves states. You should reread what state proposed fully proportional representation. https://www.senate.gov/civics/common/generic/Virginia_Plan_item.htm","To put my argument simply: Land does not vote. People vote. I don't care at all about small state representation, because I don't care what individual parcels of land think. I care what the people living inside those parcels of land think. \n\n""Why should we allow big states to rule the country?""\n\nThey wouldn't be under a popular vote system. The people within those states would be a part of the overall country that makes the decision. A voter in Wyoming has 380% of the voting power of a Californian. There are more registered Republicans in California than there are Wyoming. Why should a California Republican's vote count for a fraction of a Wyoming Republican's vote?\n\nThe history of the EC makes sense, it was a compromise. We're well past the point where we need to appease former slave states. Abolish the electoral college, move to a national popular vote, and make people's vote's matter, not arbitrary parcels of land.",CMV: Small State Representation Is Not Worth Maintaining the Electoral College,False,
lpxawxv,calvinfoss,1fu55o8,lpx8p3s,1727840487.0,"Yeah your second point touches on the same idea as the other comment where I had a change of view. Essentially, because cycling infrastructure is worse, it forces more cyclists into being assholes. I’m not sure if I’m supposed to, but I would consider this comment to change my view as well.\n\n!delta","{'created_utc': 1727840487.0, 'body_html': '<div class=""md""><p>Yeah your second point touches on the same idea as the other comment where I had a change of view. Essentially, because cycling infrastructure is worse, it forces more cyclists into being assholes. I’m not sure if I’m supposed to, but I would consider this comment to change my view as well.</p>\n\n<p>!delta</p>\n</div>', 'edited': False, 'id': 'lpxawxv', 'is_submitter': True, 'link_id': 't3_1fu55o8', 'parent_id': 't1_lpx8p3s', 'permalink': '/r/changemyview/comments/1fu55o8/cmv_way_more_drivers_are_assholes_than_bicyclists/lpxawxv/', 'replies': <praw.models.comment_forest.CommentForest object at 0x2a63bfc10>, 'saved': False, 'score': 1, 'stickied': False, 'submission': Submission(id='1fu55o8')}",3,"I'm going to make 2 arguments here. One is more tongue and cheek but to the point and the second more serious. \n\nFirst argument:\n\nMost teens ride bikes. The vast majority of teens having not matured and settled into life are in many ways including the ones you describe assholes. as such even if they are not involved in accidents the fact that they are teens and therefore assholes and most likely on bikes, there are more ass holes on bikes then cars. They just graduated to cars later in life. \n\nThe more serious argument:\n\nThe reality is the numbers are not meaningful. And the reason the numbers are not meaningful is because bikes are not as fast as cars. The fact that they move slower allows more reaction time for most dangerous situations on a bike. This added reaction time means that more bike accidents can be reasonably avoided than car accidents. This in turn biases the numbers down for bikes relative to cars. As a result the data available cannot be used to extrapolate if more people on bikes are, or are not assholes, than car drivers. It is likely that realistically the numbers are equal. \n\n\nHowever looking at the nature of bike riding relative to driving. A far greater % of bike riders do so for pleaser vs car drivers who buy in large do so purely for transport. That is not to say there are not people who drive because they like it, so much as the % of drivers who do so because they like it, is smaller than the % of bike riders. I will then put forth that bike riders who ride on the infrastructure meant for cars, for pleasure reasons (including excessive), inherently create a risk of accident due to the nature of their slower movement, lack of visibility, and lower threshold of safety equipment (most bikes lack mirrors for instance so they may not see people and may cut them off). To add to this risk many pleaser bike riders wear headphones while riding, reducing situational awareness and increasing the risk of causing an accident. Based on how you define an asshole, and their creating risk to others and themselves. This means that it is possible that as a % of operators bike riders are more commonly assholes than drivers.","First, an asshole is defined as a stupid, annoying, or detestable person. In my view, someone who, regardless of intent, harms or endangers others is an asshole. So, a driver who drinks alcohol then kills someone while driving is an asshole, and a driver going 90mph on the freeway is also an asshole even if they don’t get in an accident because they pose a danger to everyone else. Likewise, a bicyclist blowing through stop lights and almost causing car accidents or hitting pedestrians is an asshole.\n\nThere are over 200 million registered drivers in the US compared with an estimated ~50 million bicyclists. There are millions of car accidents per year involving tens of thousands of deaths. There are only tens of thousands of bike accidents per year and less than a thousand deaths. So, by the numbers, there are way more drivers harming and endangering other people compared to bicyclists. If you scale the number of accidents/deaths by relative number of drivers/cyclists, the numbers are closer, but that doesn’t account for the difference in severity of driving vs. cycling accidents \n\nBicyclists have less physical capability of harming others compared to drivers. A bicyclist running through a red light can certainly cause harm to others, but the scale of the harm is far less due to the size difference (thousands of pounds vs hundreds of pounds). Not to mention that some states have implemented laws allowing “Idaho stops” where a bicyclist treats a stop sign like a yield sign and a stoplight like a stop and wait until safe sign, which have been shown to be safer for drivers and bicyclists.\n\nI am definitely open to changing my opinion, but I haven’t seen any evidence that bicyclists harm or endanger more than drivers. And I have seen evidence that many drivers think bicyclists are assholes, so I’m curious if anyone that thinks differently from me could show me flaws in my reasoning or change my view. ",CMV: way more drivers are assholes than bicyclists (in US),True,
lpx5q6n,calvinfoss,1fu55o8,lpx29j4,1727838241.0,"I think your comment highlights why I posted this view to start with. If you look at individual circumstances, I think lots of people drive and see cyclists as assholes when they roll through stop signs or stop lights or slow down surrounding cars. But overall, I think it’s clear more drivers are actually assholes than cyclists, and I wish people could wrap their heads around that and maybe try cycling more and driving less…","{'created_utc': 1727838241.0, 'body_html': '<div class=""md""><p>I think your comment highlights why I posted this view to start with. If you look at individual circumstances, I think lots of people drive and see cyclists as assholes when they roll through stop signs or stop lights or slow down surrounding cars. But overall, I think it’s clear more drivers are actually assholes than cyclists, and I wish people could wrap their heads around that and maybe try cycling more and driving less…</p>\n</div>', 'edited': False, 'id': 'lpx5q6n', 'is_submitter': True, 'link_id': 't3_1fu55o8', 'parent_id': 't1_lpx29j4', 'permalink': '/r/changemyview/comments/1fu55o8/cmv_way_more_drivers_are_assholes_than_bicyclists/lpx5q6n/', 'replies': <praw.models.comment_forest.CommentForest object at 0x2a63bd2d0>, 'saved': False, 'score': -1, 'stickied': False, 'submission': Submission(id='1fu55o8')}",3,"Looking at number of drivers or bicyclists isn't a very good way to measure this. Most bicyclists are probably also drivers. What if every asshole driver was also an asshole biker?\n\nBut also, you probably want to know what *percentage* of each category are assholes, not the absolute number. Ie if 95% of bicyclists are assholes, but only 25% of drivers are, it may feel like bicyclists are the bigger assholes, even if there are technically fewer of them. \n\nFurthermore, your stats don't account for usage time. I suspect the average driver spends way more time driving than the average bicyclist spends biking (at least in the US where driving is generally more necessary).\n\nFinally, asshole-ness is very location and usage dependent. Bikers in cities may be trying to get shit done (get to work, deliver food, etc), while drivers may be clogging up the limited space. Whereas bikers in suburbs are typically just using the roads for casual enjoyment, possibly hindering people who are trying to get to work, school, etc. One might have different opinions on who is the asshole depending on the circumstances.","First, an asshole is defined as a stupid, annoying, or detestable person. In my view, someone who, regardless of intent, harms or endangers others is an asshole. So, a driver who drinks alcohol then kills someone while driving is an asshole, and a driver going 90mph on the freeway is also an asshole even if they don’t get in an accident because they pose a danger to everyone else. Likewise, a bicyclist blowing through stop lights and almost causing car accidents or hitting pedestrians is an asshole.\n\nThere are over 200 million registered drivers in the US compared with an estimated ~50 million bicyclists. There are millions of car accidents per year involving tens of thousands of deaths. There are only tens of thousands of bike accidents per year and less than a thousand deaths. So, by the numbers, there are way more drivers harming and endangering other people compared to bicyclists. If you scale the number of accidents/deaths by relative number of drivers/cyclists, the numbers are closer, but that doesn’t account for the difference in severity of driving vs. cycling accidents \n\nBicyclists have less physical capability of harming others compared to drivers. A bicyclist running through a red light can certainly cause harm to others, but the scale of the harm is far less due to the size difference (thousands of pounds vs hundreds of pounds). Not to mention that some states have implemented laws allowing “Idaho stops” where a bicyclist treats a stop sign like a yield sign and a stoplight like a stop and wait until safe sign, which have been shown to be safer for drivers and bicyclists.\n\nI am definitely open to changing my opinion, but I haven’t seen any evidence that bicyclists harm or endanger more than drivers. And I have seen evidence that many drivers think bicyclists are assholes, so I’m curious if anyone that thinks differently from me could show me flaws in my reasoning or change my view. ",CMV: way more drivers are assholes than bicyclists (in US),False,
kpuelac,SteadfastEnd,1anrxjy,kpud8rl,1707604824.0,"This is a valid point. Trumpism has made Republicans behave more like ideological purists. Prior to 2015, though, they were strangely chill and relaxed in comparison.\n\n!delta","{'created_utc': 1707604824.0, 'body_html': '<div class=""md""><p>This is a valid point. Trumpism has made Republicans behave more like ideological purists. Prior to 2015, though, they were strangely chill and relaxed in comparison.</p>\n\n<p>!delta</p>\n</div>', 'edited': False, 'id': 'kpuelac', 'is_submitter': True, 'link_id': 't3_1anrxjy', 'parent_id': 't1_kpud8rl', 'permalink': '/r/changemyview/comments/1anrxjy/cmv_if_you_agree_with_a_conservative_on_90_of_his/kpuelac/', 'replies': <praw.models.comment_forest.CommentForest object at 0x29283e510>, 'saved': False, 'score': 39, 'stickied': False, 'submission': Submission(id='1anrxjy')}",3,"I mean, just look at the current political parties.\n\nIn the Democratic Party, hard-core progressive AOC can work with moderate Joe Biden, who can work with more right-leaning Joe Machin—despite the fact that all three have pretty diverse views.\n\nIn the Republican Party, moderate conservatives like Liz Cheney or Mitt Romney have been ex-communicated and turned into *persona non grata* because they didn’t 100% pass the Trump purity test—despite the fact they were popular only a few short years ago.\n\nYes, there are over-dramatic teenage progressives on Reddit, but they don’t reflect the political realities of the world at large.","Disclaimer: What I am going to say, of course, has lots of broad-brush stroke generalizations. With 332 million people in America, it's impossible to individually sift through and analyze every single liberal and conservative mind on a person-by-person basis.\n\nObama once said that progressives have a circular firing squad, and he would certainly know better, first-hand, than most people, from experience.\n\nIn general, from what I've seen, if one agrees with a conservative on most things, but takes the liberal view on one issue like race, LGBT or feminism, the conservative is grudgingly-okay with that and thinks, ""It's good that this person agrees with me on the *majority* of things."" You are pro-gun, are pro-life, want low taxes, a strong border, want deregulation, but support gay marriage? Okay.\n\nOn the other hand, if you agree with a progressive on most things, but disagree with them on an emotionally-charged subject like abortion, racism, LGBT, feminism or whatnot - you are likely to be shunned despite the fact that you agreed with the majority of their *other* views. As one Redditor pointed out, J.K. Rowling was a darling of the left for many years, but the *one and only issue* which she disagrees with the left on has gotten her vilified. The fact that she's liberal on 99% of other issues doesn't matter to them.\n\nI'm not here to debate whether conservatism or liberalism are good *causes* \- that's a separate issue. Everyone can wave the flag for their preferred party. I'm just stating that that's the different **standard** \- that conservatives generally require you to only meet a fairly low standard (""agree with me on most things"") in order to be good in their eyes, but progressives require a much tougher standard (""agree with me on all, or nearly-all, things"") in order to be good in their eyes.","CMV: If you agree with a conservative on 90% of his views, he'll think that's pretty good. If you agree with a progressive on 90% of his views, he'll think you're a bigot because of the 10%.",True,
kpue02z,SteadfastEnd,1anrxjy,kpuc4oz,1707604585.0,"I'm not sure the ""you're going to Hell"" is so much a statement of ""I hate you"" as it is more of a ""you are a lost soul in need of rescue, like the 95% of other non-saved people in the world.""","{'created_utc': 1707604585.0, 'body_html': '<div class=""md""><p>I&#39;m not sure the &quot;you&#39;re going to Hell&quot; is so much a statement of &quot;I hate you&quot; as it is more of a &quot;you are a lost soul in need of rescue, like the 95% of other non-saved people in the world.&quot;</p>\n</div>', 'edited': False, 'id': 'kpue02z', 'is_submitter': True, 'link_id': 't3_1anrxjy', 'parent_id': 't1_kpuc4oz', 'permalink': '/r/changemyview/comments/1anrxjy/cmv_if_you_agree_with_a_conservative_on_90_of_his/kpue02z/', 'replies': <praw.models.comment_forest.CommentForest object at 0x29293eb10>, 'saved': False, 'score': -10, 'stickied': False, 'submission': Submission(id='1anrxjy')}",3,"If you agree with a conservative Christian on everything but religion, he literally says you’re going to Hell. Not much more bigoted than that. ","Disclaimer: What I am going to say, of course, has lots of broad-brush stroke generalizations. With 332 million people in America, it's impossible to individually sift through and analyze every single liberal and conservative mind on a person-by-person basis.\n\nObama once said that progressives have a circular firing squad, and he would certainly know better, first-hand, than most people, from experience.\n\nIn general, from what I've seen, if one agrees with a conservative on most things, but takes the liberal view on one issue like race, LGBT or feminism, the conservative is grudgingly-okay with that and thinks, ""It's good that this person agrees with me on the *majority* of things."" You are pro-gun, are pro-life, want low taxes, a strong border, want deregulation, but support gay marriage? Okay.\n\nOn the other hand, if you agree with a progressive on most things, but disagree with them on an emotionally-charged subject like abortion, racism, LGBT, feminism or whatnot - you are likely to be shunned despite the fact that you agreed with the majority of their *other* views. As one Redditor pointed out, J.K. Rowling was a darling of the left for many years, but the *one and only issue* which she disagrees with the left on has gotten her vilified. The fact that she's liberal on 99% of other issues doesn't matter to them.\n\nI'm not here to debate whether conservatism or liberalism are good *causes* \- that's a separate issue. Everyone can wave the flag for their preferred party. I'm just stating that that's the different **standard** \- that conservatives generally require you to only meet a fairly low standard (""agree with me on most things"") in order to be good in their eyes, but progressives require a much tougher standard (""agree with me on all, or nearly-all, things"") in order to be good in their eyes.","CMV: If you agree with a conservative on 90% of his views, he'll think that's pretty good. If you agree with a progressive on 90% of his views, he'll think you're a bigot because of the 10%.",False,
l07sm8p,[deleted],1c7fp7w,l07qb8y,1713480301.0,"This is a great answer and the choice between Saudi and Iran is something I didn't consider. It's a very realist lens of approaching geopolitics and it's unfortunate that other people suffer because of it (Yemenis, Sudanese, Qatari workers etc.). Still appreciate the answer !delta","{'created_utc': 1713480301.0, 'body_html': '<div class=""md""><p>This is a great answer and the choice between Saudi and Iran is something I didn&#39;t consider. It&#39;s a very realist lens of approaching geopolitics and it&#39;s unfortunate that other people suffer because of it (Yemenis, Sudanese, Qatari workers etc.). Still appreciate the answer !delta</p>\n</div>', 'edited': False, 'id': 'l07sm8p', 'is_submitter': False, 'link_id': 't3_1c7fp7w', 'parent_id': 't1_l07qb8y', 'permalink': '/r/changemyview/comments/1c7fp7w/cmv_many_of_the_gulf_states_that_are_allied_with/l07sm8p/', 'replies': <praw.models.comment_forest.CommentForest object at 0x2cf6c58d0>, 'saved': False, 'score': 3, 'stickied': False, 'submission': Submission(id='1c7fp7w')}",3,"I'm Iranian American and this is long and complicated but you are mostly right. The one thing here is Iran is absolutely a more destabilizing force with regards to U.S. interests. Read briefly about Ibn Saud and the formation of Saudi Arabia and his deal to cut in U.S. at the beginning in exchange for oil exploration. Look at Iran's nationalization of BP's oil fields in Iran under Mossadeq and the U.S/Brit led coup against him. Then read about petro dollars and also the reserve capacity of Saudi Arabia for crude oil. What you will learn is : \n\nA. the U.S. economy falls apart if we don't control oil trades in dollar currency \n\nB. Saudi Arabia and Iran have the two most plentiful and high quality oil reserves in the world (we have a lot of oil in the states, it just takes a lore more refining and therefor the ability to pump reserves is not so immediate \n\nC. Saudi Arabia is Sunni and Iran is Shia. They are thus already natural enemies \n\nSo essentially the U.S. HAS to back one of those two countries in order to not crumble. Iran has been intentionally anti-U.S. since they overthrew their Shah in the 70's so the choice is kinda made for us. So everything you see U.S. policy wise is basically about backing Saudis for oil and that makes us Iran's enemies. If Iran were to switch and love the U.S. trust me we would have zero qualms doing a 180 to align with them.","American and British politicians love to paint Iran as a great evil of the Middle East, as if it's the only bad actor in town, but I think that a lot of the Gulf States like Saudi Arabia, UAE and Qatar are just as evil as Iran is. Just like Iran, these countries are authoritarian regimes that heavily restrict the freedom of their people. \n\nSaudi Arabia is a theocratic monarchy, and it's dominant from of Islamic interpretation, Wahhabism, is notably conservative amongst all Islamic interpretations. Women are only allowed to drive in 2017, and today women are still under the male guardianship system despite improvements over the years. In the Yemen Civil War, Saudi Arabia has been criticised for indiscriminate bombings and intentionally worsening the humanitarian crisis in Yemen. When it comes to suppressing dissent, they famously assassinated Jamal Khashoggi in Istanbul because he was a known dissident of Saudi Arabia.\n\nQatar is also a monarchy and it's known for abusing it's foreign workforce and can be constitute modern slavery. The relationship between them and their employers opens them to be victims of human trafficking and forced labour. If we want to criticise the Iran-backed Houthis for modern slavery, let's not forget our goverments-backed Qatar for the same crime. \n\nYou may then point out that at least they don't fund proxies. Well, they do! Saudi funds their proxies in Yemen, previously in Afghanistan, Syria, Iraq, Bahrain and Lebanon to contain Iranian influence in the region. Today the UAE is the biggest supporter of RSF, a genocidal militant force in Sudan that is responsible for numerous massacres. \n\nThe point here is American and British governments only call Iran a ""destabilising force"" or an adversary because of their refusal to align with the West, not because of their immoral or evil actions in the Middle East, because if that's the case we won't be aligning ourselves with most of the Gulf States.",CMV: Many of the Gulf States that are allied with the United States are as morally reprehensible as Iran,True,
l07npno,[deleted],1c7fp7w,l07lxul,1713478431.0,"I don't think there is morality in whether to align with the West or not. Indonesia aligned with the US and committed mass atrocities with the supplies they got. UAE is using its alliance with the US to get the West to turn a blind eye to its sponsoring of genocidal groups like the RSF. And would you say that Vietnam was immoral by fighting against a US-backed dictatorship, or in the case of Iran, fighting against a CIA-installed monarchy?","{'created_utc': 1713478431.0, 'body_html': '<div class=""md""><p>I don&#39;t think there is morality in whether to align with the West or not. Indonesia aligned with the US and committed mass atrocities with the supplies they got. UAE is using its alliance with the US to get the West to turn a blind eye to its sponsoring of genocidal groups like the RSF. And would you say that Vietnam was immoral by fighting against a US-backed dictatorship, or in the case of Iran, fighting against a CIA-installed monarchy?</p>\n</div>', 'edited': 1713478818.0, 'id': 'l07npno', 'is_submitter': False, 'link_id': 't3_1c7fp7w', 'parent_id': 't1_l07lxul', 'permalink': '/r/changemyview/comments/1c7fp7w/cmv_many_of_the_gulf_states_that_are_allied_with/l07npno/', 'replies': <praw.models.comment_forest.CommentForest object at 0x2cf6c64d0>, 'saved': False, 'score': 14, 'stickied': False, 'submission': Submission(id='1c7fp7w')}",3,">The point here is American and British governments only call Iran a ""destabilising force"" or an adversary because of their refusal to align with the West, not because of their immoral or evil actions in the Middle East, because if that's the case we won't be aligning ourselves with most of the Gulf States.\n\nBut what if refusing to align with the West *is* immoral?  Not because it's in the West's best interests, but because the path to economic and political stability for the region needs to involve strong relations with the West.  Fucking up those relations by funding terrorist groups and starting proxy wars creates huge set-backs for the region's progress.","American and British politicians love to paint Iran as a great evil of the Middle East, as if it's the only bad actor in town, but I think that a lot of the Gulf States like Saudi Arabia, UAE and Qatar are just as evil as Iran is. Just like Iran, these countries are authoritarian regimes that heavily restrict the freedom of their people. \n\nSaudi Arabia is a theocratic monarchy, and it's dominant from of Islamic interpretation, Wahhabism, is notably conservative amongst all Islamic interpretations. Women are only allowed to drive in 2017, and today women are still under the male guardianship system despite improvements over the years. In the Yemen Civil War, Saudi Arabia has been criticised for indiscriminate bombings and intentionally worsening the humanitarian crisis in Yemen. When it comes to suppressing dissent, they famously assassinated Jamal Khashoggi in Istanbul because he was a known dissident of Saudi Arabia.\n\nQatar is also a monarchy and it's known for abusing it's foreign workforce and can be constitute modern slavery. The relationship between them and their employers opens them to be victims of human trafficking and forced labour. If we want to criticise the Iran-backed Houthis for modern slavery, let's not forget our goverments-backed Qatar for the same crime. \n\nYou may then point out that at least they don't fund proxies. Well, they do! Saudi funds their proxies in Yemen, previously in Afghanistan, Syria, Iraq, Bahrain and Lebanon to contain Iranian influence in the region. Today the UAE is the biggest supporter of RSF, a genocidal militant force in Sudan that is responsible for numerous massacres. \n\nThe point here is American and British governments only call Iran a ""destabilising force"" or an adversary because of their refusal to align with the West, not because of their immoral or evil actions in the Middle East, because if that's the case we won't be aligning ourselves with most of the Gulf States.",CMV: Many of the Gulf States that are allied with the United States are as morally reprehensible as Iran,False,
lms1pzl,dadjokes502,1ff4s7c,lms0cmt,1726154851.0,!delta\n\nI see where you are coming from I guess that if award wanted it stopped they would be able to and it’s probably gets them views and ratings.,"{'created_utc': 1726154851.0, 'body_html': '<div class=""md""><p>!delta</p>\n\n<p>I see where you are coming from I guess that if award wanted it stopped they would be able to and it’s probably gets them views and ratings.</p>\n</div>', 'edited': False, 'id': 'lms1pzl', 'is_submitter': True, 'link_id': 't3_1ff4s7c', 'parent_id': 't1_lms0cmt', 'permalink': '/r/changemyview/comments/1ff4s7c/cmv_its_okay_for_celebrities_to_endorse/lms1pzl/', 'replies': <praw.models.comment_forest.CommentForest object at 0x29f003390>, 'saved': False, 'score': 4, 'stickied': False, 'submission': Submission(id='1ff4s7c')}",3,"> I do draw the line however at going to an award show and going on a rant. That is not the place or time to do that.\n\nSurely that is up to the hosts of the event to decide. If they want to focus the event and the conduct of those invited on something like their artistic performance then fine, but if they want to open the floor to allow guests to talk about other things including politics it is also fine.","Britney Mahomes, Taylor Swift etc all have a right to express themselves as to which candidates they endorse. Taylor can still be friends with Britney if she likes.\n\nIt’s their right as Americans to have a say. If regular Americans can fly flags on the back of trucks and wear shirts. Then celebrities should be able to go on social media and endorse someone.\n\nAlso you shouldn’t vote for a candidate based on a celebrities. We should also stop pressuring celebrities to pick a side. \n\nI do draw the line however at going to an award show and going on a rant. That is not the place or time to do that.\n\nTaylor herself said she did her research, and said to register to vote. \n\n\n\n","CMV: it’s okay for celebrities to endorse candidates, grandstanding at award shows is not. ",True,
lmrz4xi,dadjokes502,1ff4s7c,lmrydhz,1726154007.0,"Because you are holding the time hostage. It’s a non political event a chance to be awarded and thank fans and others for your their support. \n\nIt’s not the time to go off course and make others sit and listen because you have a captive audience. \n\nYou don’t have to sit behind the 9flag guy forever, you can choose a different route.","{'created_utc': 1726154007.0, 'body_html': '<div class=""md""><p>Because you are holding the time hostage. It’s a non political event a chance to be awarded and thank fans and others for your their support. </p>\n\n<p>It’s not the time to go off course and make others sit and listen because you have a captive audience. </p>\n\n<p>You don’t have to sit behind the 9flag guy forever, you can choose a different route.</p>\n</div>', 'edited': False, 'id': 'lmrz4xi', 'is_submitter': True, 'link_id': 't3_1ff4s7c', 'parent_id': 't1_lmrydhz', 'permalink': '/r/changemyview/comments/1ff4s7c/cmv_its_okay_for_celebrities_to_endorse/lmrz4xi/', 'replies': <praw.models.comment_forest.CommentForest object at 0x29f002f50>, 'saved': False, 'score': -4, 'stickied': False, 'submission': Submission(id='1ff4s7c')}",3,"Why is voicing your opinion at an award show not allowed? If you are barred from doing it per your contract, it's not that different. They guy with his biden is a pedophile sticker and 9 flags on the back of his miata didn't ask me if it was okay, i'm just trying to get to work and suddenly i have to see his bullshit. My commute isn't a place or time for this, and yet..\n\nAn award show isn't any different, ahh i was just minding my own business watching this show and suddenly someone expresses a political opinion, there isn't much of a difference there, and you yourself compare these two people doing basically the same thing, one is just during an entertainment program.\n\nedit: r/InfowarriorRides is a fun follow","Britney Mahomes, Taylor Swift etc all have a right to express themselves as to which candidates they endorse. Taylor can still be friends with Britney if she likes.\n\nIt’s their right as Americans to have a say. If regular Americans can fly flags on the back of trucks and wear shirts. Then celebrities should be able to go on social media and endorse someone.\n\nAlso you shouldn’t vote for a candidate based on a celebrities. We should also stop pressuring celebrities to pick a side. \n\nI do draw the line however at going to an award show and going on a rant. That is not the place or time to do that.\n\nTaylor herself said she did her research, and said to register to vote. \n\n\n\n","CMV: it’s okay for celebrities to endorse candidates, grandstanding at award shows is not. ",False,
lpnkopf,MrFenric,1fsp0iy,lpnk5zk,1727706661.0,"!delta\nI hear you here - pets do not have human agency, and often only respond to immediate stimulus - they do not necessarily think of their life as ""free"" or ""imprisoned"", they look at it as ""is this fun now""","{'created_utc': 1727706661.0, 'body_html': '<div class=""md""><p>!delta\nI hear you here - pets do not have human agency, and often only respond to immediate stimulus - they do not necessarily think of their life as &quot;free&quot; or &quot;imprisoned&quot;, they look at it as &quot;is this fun now&quot;</p>\n</div>', 'edited': False, 'id': 'lpnkopf', 'is_submitter': True, 'link_id': 't3_1fsp0iy', 'parent_id': 't1_lpnk5zk', 'permalink': '/r/changemyview/comments/1fsp0iy/cmv_if_your_pet_ran_away_and_didnt_come_back_on/lpnkopf/', 'replies': <praw.models.comment_forest.CommentForest object at 0x2bd377350>, 'saved': False, 'score': 24, 'stickied': False, 'submission': Submission(id='1fsp0iy')}",3,"My friends rottie was an absolute idiot. Dumber than the rocks he tried to eat. Every night he would sleep on his bed and always demanded cuddles (not pets, cuddles) from me when I lived there…. But every time the dog had a chance he would bolt off and explore the neighborhood. Onetime we couldn’t find him all night, found him the next day by the neighborhoods pond just feelin’ himself and splishy splashin’ in the water - you could tell he was bummed to have to go home but immediately demanded cuddles in the car. \n\nDid that dog hate his home life? Highly, highly, highly doubt it imo","An acquaintance of mine's parrot got out and flew into a tree on his property. After calling it to come down for a bit, the parrot flew off and never came back. He then tells me that the parrot was his best friend. If the parrot was his friend, it would have come back. I have heard several similar stories, often with exotic pets, but oddly with cats too. \n\nIf you keep an animal against its will for your own selfish reasons, just be honest with yourself.\n\nIf your pet got out and was injured or killed, this is not about you and I am sorry.\n\n\nEdit: This opinion is meant to exclude scenarios where a pet gets lost or confused after getting out. It is about the mindset of the animal, and whether they consider their owner a friend or a prison warden.","CMV: If your pet ran away and didn't come back on their own, they were your prisoner and not your friend",True,
lpm5fbb,MrFenric,1fsp0iy,lpm55h2,1727678813.0,"I agree that there could be other circumstances preventing a pet from returning.\n\nMy point is that some people keep animals against the animal's will, and then pretend that the animal is their friend so that the human can feel better about themselves.","{'created_utc': 1727678813.0, 'body_html': '<div class=""md""><p>I agree that there could be other circumstances preventing a pet from returning.</p>\n\n<p>My point is that some people keep animals against the animal&#39;s will, and then pretend that the animal is their friend so that the human can feel better about themselves.</p>\n</div>', 'edited': 1727680705.0, 'id': 'lpm5fbb', 'is_submitter': True, 'link_id': 't3_1fsp0iy', 'parent_id': 't1_lpm55h2', 'permalink': '/r/changemyview/comments/1fsp0iy/cmv_if_your_pet_ran_away_and_didnt_come_back_on/lpm5fbb/', 'replies': <praw.models.comment_forest.CommentForest object at 0x2bd377a90>, 'saved': False, 'score': -13, 'stickied': False, 'submission': Submission(id='1fsp0iy')}",3,It could be that the pet meant to return but got lost because everything outside is so new to them.\n\nHow do you know whether the pets mean to escape or explore more than they should? Both would lead to the pet never returning.,"An acquaintance of mine's parrot got out and flew into a tree on his property. After calling it to come down for a bit, the parrot flew off and never came back. He then tells me that the parrot was his best friend. If the parrot was his friend, it would have come back. I have heard several similar stories, often with exotic pets, but oddly with cats too. \n\nIf you keep an animal against its will for your own selfish reasons, just be honest with yourself.\n\nIf your pet got out and was injured or killed, this is not about you and I am sorry.\n\n\nEdit: This opinion is meant to exclude scenarios where a pet gets lost or confused after getting out. It is about the mindset of the animal, and whether they consider their owner a friend or a prison warden.","CMV: If your pet ran away and didn't come back on their own, they were your prisoner and not your friend",False,
lu6mef9,Last-Photo-2618,1ge113y,lu62tqf,1730126926.0,"Yah this is a great point. The best point I’ve seen so far is that politics, especially the presidency, is a long game. Something I hadn’t really considered, and yes probably has to do with my age. \n\nRemember I have no memory of 9/11 even. \n\n!delta \n\nThese sentiments have caused me to sway back for Kamala.","{'created_utc': 1730126926.0, 'body_html': '<div class=""md""><p>Yah this is a great point. The best point I’ve seen so far is that politics, especially the presidency, is a long game. Something I hadn’t really considered, and yes probably has to do with my age. </p>\n\n<p>Remember I have no memory of 9/11 even. </p>\n\n<p>!delta </p>\n\n<p>These sentiments have caused me to sway back for Kamala.</p>\n</div>', 'edited': False, 'id': 'lu6mef9', 'is_submitter': True, 'link_id': 't3_1ge113y', 'parent_id': 't1_lu62tqf', 'permalink': '/r/changemyview/comments/1ge113y/cmv_donald_trump_is_currently_the_best_choice_for/lu6mef9/', 'replies': <praw.models.comment_forest.CommentForest object at 0x2bd8422d0>, 'saved': False, 'score': 1, 'stickied': False, 'submission': Submission(id='1ge113y')}",3,"Dudes in their 20’s and Joe Rogan, lol.\n\nLook, it’s not our job to tell you how to vote, CMV or not. But I’ll say this: \n\nIf you support Trump, you are moving the country toward discourse that is deliberately cruel, mendacious, discriminatory and just plain low-class. I don’t care if he did one interview you liked. He treats people terribly and so do his supporters. You are endorsing that and making it your reality if you vote for it. \n\nSeems like no big deal when you’re young and seemingly invincible. But if he wins and we continue down this path, you’ll regret it when you’re wiser.","I (M28) have been an undecided voter this election. I voted Trump in 2016, and Biden in 2020. I included my age to show that those are the only two presidential elections I have been able to vote in.\n\nI literally just got done telling my mom the other day that I had finally decided to vote for Kamala, and then the Trump interview on Rogan dropped the next day. That officially swayed me away from Kamala toward Trump. \n\nI’ll be honest I don’t know much of the specifics of either’s policies. I have always voted based on relatability, and perceived honesty. \n\nIn 2016, I voted for Trump mainly because I felt so disenfranchised by the “woke-mob” that had begun to infiltrate the Democratic Party. Not to mention he was charismatic, funny, and at least honest that the whole thing was rigged against the common-man. \n\nIn 2020, I voted for Biden mainly because I felt like Trump had become vindictive, and his only goal was to silence opposition, as opposed to making the nation better. Biden was as close as I could get back to Obama, which sounded reassuring. \n\nAfter Biden’s sharp cognitive decline during his presidency, I found myself feeling like the only reasonable choice I had in 2024 was Trump. But then Biden dropped out, and Kamala became a viable option. As it seemed like Trump had become even more vindictive, I fell back into the undecided camp. \n\nUntil Friday when I told my mom I had decided to vote Kamala, because I felt like Trump was just gonna waste time going after people. Then JRE dropped. Trump came off calm, casual, and even kind in my opinion. So I swayed back to him. \n\nI really wish Kamala would do JRE, because I feel like it would sway me back. But alas, she has declined so I’m leaving it to CMV. \n\nThanks for participating, I promise I am open-minded, and am not frozen solid in my desire for a Trump presidency. \n\nEdit: I have decided to vote for Kamala again. This is primarily due to two reasons stated by several people, and one reason stated by one person: \n\n1) I care about universal health care, and while I don’t think Kamala cares about that, it was pointed out to me that the presidency is primarily about the long game. Kamala will get us closer to that reality than Trump will. \n\n2) People older than me have pointed out Trump’s long history as a seeming con-artist. This is not something I had considered, his attitudes prior to 2016. \n\n3) As a drug addict, I have to sympathize with my fellow drug addicts, alive and dead. Trump essentially pardoning Purdue Pharma doesn’t sit well with me.   \n\nOn a side note, I realize why I primarily vote on feelings. As soon as I decided I had been swayed back to Kamala, many commentators came out saying that those things were un true. It’s just exhausting. How do you guys know what information is true and what isn’t? \n\nEdit: I took some your advice and am listening to the Kamala/Stern interview. Will be back to let you know what I think. So I watched the Stern interview and was honestly unimpressed. I’ll still vote for her but she came off so stuffy, so rehearsed. It’s sad that the best choice seems to be a robot of a politician. But alas, here we are. \n\n",CMV: Donald Trump is currently the best choice for President. ,True,
lu6j0le,Last-Photo-2618,1ge113y,lu6elw8,1730125844.0,No this doesn’t bother me at all. I talk bad about my bosses when I don’t get along with them also.,"{'created_utc': 1730125844.0, 'body_html': '<div class=""md""><p>No this doesn’t bother me at all. I talk bad about my bosses when I don’t get along with them also.</p>\n</div>', 'edited': False, 'id': 'lu6j0le', 'is_submitter': True, 'link_id': 't3_1ge113y', 'parent_id': 't1_lu6elw8', 'permalink': '/r/changemyview/comments/1ge113y/cmv_donald_trump_is_currently_the_best_choice_for/lu6j0le/', 'replies': <praw.models.comment_forest.CommentForest object at 0x2bd8439d0>, 'saved': False, 'score': 0, 'stickied': False, 'submission': Submission(id='1ge113y')}",3,"Does it bother you at all that [so many of the people who worked for him at the highest level](https://www.cnn.com/2023/10/03/politics/donald-trump-former-allies-what-matters/index.html) think he's unfit for the job?\n\nPulling just the cabinet-level officials from that list, we have his Vice President, his Attorney General, two of his Secretaries of Defense, his Chairman of the Joint Chiefs, his Secretary of State, his Ambassador to the UN, two of his National Security Advisors, two of his Chiefs of Staff, his Education Secretary, his Transportation Secretary, his Secretary of the Navy, and his Homeland Security Advisor.","I (M28) have been an undecided voter this election. I voted Trump in 2016, and Biden in 2020. I included my age to show that those are the only two presidential elections I have been able to vote in.\n\nI literally just got done telling my mom the other day that I had finally decided to vote for Kamala, and then the Trump interview on Rogan dropped the next day. That officially swayed me away from Kamala toward Trump. \n\nI’ll be honest I don’t know much of the specifics of either’s policies. I have always voted based on relatability, and perceived honesty. \n\nIn 2016, I voted for Trump mainly because I felt so disenfranchised by the “woke-mob” that had begun to infiltrate the Democratic Party. Not to mention he was charismatic, funny, and at least honest that the whole thing was rigged against the common-man. \n\nIn 2020, I voted for Biden mainly because I felt like Trump had become vindictive, and his only goal was to silence opposition, as opposed to making the nation better. Biden was as close as I could get back to Obama, which sounded reassuring. \n\nAfter Biden’s sharp cognitive decline during his presidency, I found myself feeling like the only reasonable choice I had in 2024 was Trump. But then Biden dropped out, and Kamala became a viable option. As it seemed like Trump had become even more vindictive, I fell back into the undecided camp. \n\nUntil Friday when I told my mom I had decided to vote Kamala, because I felt like Trump was just gonna waste time going after people. Then JRE dropped. Trump came off calm, casual, and even kind in my opinion. So I swayed back to him. \n\nI really wish Kamala would do JRE, because I feel like it would sway me back. But alas, she has declined so I’m leaving it to CMV. \n\nThanks for participating, I promise I am open-minded, and am not frozen solid in my desire for a Trump presidency. \n\nEdit: I have decided to vote for Kamala again. This is primarily due to two reasons stated by several people, and one reason stated by one person: \n\n1) I care about universal health care, and while I don’t think Kamala cares about that, it was pointed out to me that the presidency is primarily about the long game. Kamala will get us closer to that reality than Trump will. \n\n2) People older than me have pointed out Trump’s long history as a seeming con-artist. This is not something I had considered, his attitudes prior to 2016. \n\n3) As a drug addict, I have to sympathize with my fellow drug addicts, alive and dead. Trump essentially pardoning Purdue Pharma doesn’t sit well with me.   \n\nOn a side note, I realize why I primarily vote on feelings. As soon as I decided I had been swayed back to Kamala, many commentators came out saying that those things were un true. It’s just exhausting. How do you guys know what information is true and what isn’t? \n\nEdit: I took some your advice and am listening to the Kamala/Stern interview. Will be back to let you know what I think. So I watched the Stern interview and was honestly unimpressed. I’ll still vote for her but she came off so stuffy, so rehearsed. It’s sad that the best choice seems to be a robot of a politician. But alas, here we are. \n\n",CMV: Donald Trump is currently the best choice for President. ,False,
lnayk6b,pyros_it,1fhj5py,lnax3y3,1726431516.0,"!delta\n\nYeah, maybe long form is not necessarily right. The guys from Pod Save America were saying only half joking that they wanted to see her on Hot Ones. I do like the idea of focusing on young voters, where she needs to focus more on turnout than swinging them.","{'created_utc': 1726431516.0, 'body_html': '<div class=""md""><p>!delta</p>\n\n<p>Yeah, maybe long form is not necessarily right. The guys from Pod Save America were saying only half joking that they wanted to see her on Hot Ones. I do like the idea of focusing on young voters, where she needs to focus more on turnout than swinging them.</p>\n</div>', 'edited': False, 'id': 'lnayk6b', 'is_submitter': True, 'link_id': 't3_1fhj5py', 'parent_id': 't1_lnax3y3', 'permalink': '/r/changemyview/comments/1fhj5py/cmv_kamala_harris_should_be_doing_less_rallies/lnayk6b/', 'replies': <praw.models.comment_forest.CommentForest object at 0x2aebdf150>, 'saved': False, 'score': 3, 'stickied': False, 'submission': Submission(id='1fhj5py')}",3,"She already has a good chance to win, but younger voters are more likely to swing the election far in her favor. Young voters do not want long-form anything for content. She would be better off with 5-10s videos posted to tiktok/insta encouraging voters to register and explain how it will help them with house purchases, better pay for youth, etc...\n\nOlder voters already know who they are voting for. Younger voters by and large also do, but they are less likely to actually vote and younger voters lean heavily liberal.","Let me preface that with I'm not American or in the US. But everyone is affected by what happens in this election. Also, I'd vote for most Americans over Trump, for sure. So this is a matter of strategy, what would make a Democratic win more likely?\n\nIn my mind, it's time to do less rallies and more long conversations where she can talk policy and exude charm. I understand rallies in swing states make a big difference, it activates the local base, and the election might come down to a few thousand or even hundreds (gulp) of votes in one of these. But early voting has started and she can't be everywhere at once. It's time to be scheduling more interviews with people who will fawn over her just like Trump does. CNN, MSNBC and the new media like Pod Save America and Brian Tyler Cohen will clip that stuff endlessly. Even people like Lex Friedman and Theo Von would end up being nice to her I'm sure (Theo Von said he'd like to see Bernie and Trump on the same ticket 🤦‍♂️).\n\nI could be wrong. To persuade me of that I would like to hear data/arguments as to why rallies make a big difference or why there's too much risk in going for a mass media strategy.\n\nI also have to say I did advise on a political campaign a few years ago where a female incumbent VP was running against a misogynist autocrat. She ended up spend most of her time doing rallies as well and not only lost badly, but didn't move the needle much from the beginning to the end of the campaign. So I have some PTSD.",CMV: Kamala Harris should be doing less rallies and more long form interviews now to increase her chances of winning,True,
lndcmmr,pyros_it,1fhj5py,lnd6vn3,1726466102.0,"It’s great to know that you hope all US businesses stop operating outside the US. Twitter, Google, Facebook, Amazon, McDonald’s, Kellogg’s, American Airlines should all now operate exclusively within American borders as soon as the big 🍊 becomes president again.","{'created_utc': 1726466102.0, 'body_html': '<div class=""md""><p>It’s great to know that you hope all US businesses stop operating outside the US. Twitter, Google, Facebook, Amazon, McDonald’s, Kellogg’s, American Airlines should all now operate exclusively within American borders as soon as the big 🍊 becomes president again.</p>\n</div>', 'edited': False, 'id': 'lndcmmr', 'is_submitter': True, 'link_id': 't3_1fhj5py', 'parent_id': 't1_lnd6vn3', 'permalink': '/r/changemyview/comments/1fhj5py/cmv_kamala_harris_should_be_doing_less_rallies/lndcmmr/', 'replies': <praw.models.comment_forest.CommentForest object at 0x2b3e28850>, 'saved': False, 'score': 1, 'stickied': False, 'submission': Submission(id='1fhj5py')}",3,"The world should not be invested in the American election. If the American presidency affects you so much, you should consider asking your government to petition Congress to be admitted as a state and work towards that. Otherwise I encourage you to seek actual independence for your country starting with paying for your own defense and not relying on the United States.","Let me preface that with I'm not American or in the US. But everyone is affected by what happens in this election. Also, I'd vote for most Americans over Trump, for sure. So this is a matter of strategy, what would make a Democratic win more likely?\n\nIn my mind, it's time to do less rallies and more long conversations where she can talk policy and exude charm. I understand rallies in swing states make a big difference, it activates the local base, and the election might come down to a few thousand or even hundreds (gulp) of votes in one of these. But early voting has started and she can't be everywhere at once. It's time to be scheduling more interviews with people who will fawn over her just like Trump does. CNN, MSNBC and the new media like Pod Save America and Brian Tyler Cohen will clip that stuff endlessly. Even people like Lex Friedman and Theo Von would end up being nice to her I'm sure (Theo Von said he'd like to see Bernie and Trump on the same ticket 🤦‍♂️).\n\nI could be wrong. To persuade me of that I would like to hear data/arguments as to why rallies make a big difference or why there's too much risk in going for a mass media strategy.\n\nI also have to say I did advise on a political campaign a few years ago where a female incumbent VP was running against a misogynist autocrat. She ended up spend most of her time doing rallies as well and not only lost badly, but didn't move the needle much from the beginning to the end of the campaign. So I have some PTSD.",CMV: Kamala Harris should be doing less rallies and more long form interviews now to increase her chances of winning,False,
kr6kprt,griii2,1aunyvt,kr507s6,1708371715.0,**Δ**. I don't know why the first delta i awarded does not count. here is another.,"{'created_utc': 1708371715.0, 'body_html': '<div class=""md""><p><strong>Δ</strong>. I don&#39;t know why the first delta i awarded does not count. here is another.</p>\n</div>', 'edited': False, 'id': 'kr6kprt', 'is_submitter': True, 'link_id': 't3_1aunyvt', 'parent_id': 't1_kr507s6', 'permalink': '/r/changemyview/comments/1aunyvt/cmv_every_act_of_affirmative_action_positive/kr6kprt/', 'replies': <praw.models.comment_forest.CommentForest object at 0x2ae9e9450>, 'saved': False, 'score': 0, 'stickied': False, 'submission': Submission(id='1aunyvt')}",3,"If 2 people end up at the same place in race but one started 50 yards ahead, who travelled a greater distance?","Affirmative action, also called positive discrimination or positive action (in the EU) is an act where a person competing for a scarce resource receives some kind of artificial advantage solely on the basis of their race, gender, age, sexual orientation or other immutable characteristic.\n\nThis is usually done with the intent to achieve equal outcome in distribution of said scarce resource, typically a job offer, job promotion or school admission.\n\nI argue, that every such act of positive discrimination inevitably results in equally big act of negative discrimination against anyone deprived of said scarce resource solely on the basis of their race, gender, etc.\n\nNote, I do not dispute whether the desired outcome in distribution of said scarce resource morally outweighs the evil of the negative discrimination against the person that was harmed.",CMV: Every act of affirmative action (positive discrimination) results in equally big act of (negative) discrimination,True,
kr5mia0,griii2,1aunyvt,kr5kdop,1708360400.0,>I think this made social life a lot better for all the students involved. \n\nExcept for the 25% of males that were not admitted because of their gender. Do you consider them in your analysis? Why not?,"{'created_utc': 1708360400.0, 'body_html': '<div class=""md""><blockquote>\n<p>I think this made social life a lot better for all the students involved.\xa0</p>\n</blockquote>\n\n<p>Except for the 25% of males that were not admitted because of their gender. Do you consider them in your analysis? Why not?</p>\n</div>', 'edited': False, 'id': 'kr5mia0', 'is_submitter': True, 'link_id': 't3_1aunyvt', 'parent_id': 't1_kr5kdop', 'permalink': '/r/changemyview/comments/1aunyvt/cmv_every_act_of_affirmative_action_positive/kr5mia0/', 'replies': <praw.models.comment_forest.CommentForest object at 0x2acc88210>, 'saved': False, 'score': 8, 'stickied': False, 'submission': Submission(id='1aunyvt')}",3,"I guess this doesn't directly break your argument but I would like to argue that in the context I usually hear about affirmative action, college applications, there are benefits that are not just about ""fairness"".\n\n\nMy college did significant affirmative action to achieve a 50/50 male/female ratio in the CS department. I assume without it the ratio would be more like 75/25. I think this made social life a lot better for all the students involved. Many of my friends and I ended up dating other people in our program and are thinking about marriage soon. As a bunch of socially awkward nerds, I don't think this would have happened with a much less even ratio. I also think a bad ratio makes it harder for the female students. It's harder for them to find friends and especially harder for them to find people to confide to. A friend broke up with her boyfriend and he became kind of stalker-ish. Because she had a lot of female friends she was able to sleep at their place for a few weeks so that she could feel safe.\n\n\nMy college did not do much racial affirmative action and as a result was largely white/asian. I also grew up in a largely white/asian neighborhood and work in a largely white/asian workplace. I think as a result, though I consciously know it is wrong, I am definitely slightly more nervous around black people. As i move to a point in my career where the things I say might affect other people's careers, I am afraid that this implicit racism might be unfairly affecting people. I try to account for this but I don't know how well this works. I think some racial affirmative action at my school/other programs could have helped with this.\n\n\nCollege applications are not just optimizing for fairness. I think it makes sense for them to balance that with trying to make a class of students who will perform the best and become well-adjusted members of society. I think affirmative action helps with that sort of thing.","Affirmative action, also called positive discrimination or positive action (in the EU) is an act where a person competing for a scarce resource receives some kind of artificial advantage solely on the basis of their race, gender, age, sexual orientation or other immutable characteristic.\n\nThis is usually done with the intent to achieve equal outcome in distribution of said scarce resource, typically a job offer, job promotion or school admission.\n\nI argue, that every such act of positive discrimination inevitably results in equally big act of negative discrimination against anyone deprived of said scarce resource solely on the basis of their race, gender, etc.\n\nNote, I do not dispute whether the desired outcome in distribution of said scarce resource morally outweighs the evil of the negative discrimination against the person that was harmed.",CMV: Every act of affirmative action (positive discrimination) results in equally big act of (negative) discrimination,False,
ku3r3kz,[deleted],1bagbcg,ku3fsb9,1710008131.0,">I wouldn't propose it as a magic fix to what is largely an irrational conflict, but Israel taking Palestinian land over time should make Palestine more eager for a peace to end it, not less.\n\nI will say that while the settlements will incentivise the Palestinians to come to the table, they also make the peace process longer. But I can see how the balance favours the likelihood of achieving peace. It is a point I didn't consider before, so !delta.","{'created_utc': 1710008131.0, 'body_html': '<div class=""md""><blockquote>\n<p>I wouldn&#39;t propose it as a magic fix to what is largely an irrational conflict, but Israel taking Palestinian land over time should make Palestine more eager for a peace to end it, not less.</p>\n</blockquote>\n\n<p>I will say that while the settlements will incentivise the Palestinians to come to the table, they also make the peace process longer. But I can see how the balance favours the likelihood of achieving peace. It is a point I didn&#39;t consider before, so !delta.</p>\n</div>', 'edited': False, 'id': 'ku3r3kz', 'is_submitter': False, 'link_id': 't3_1bagbcg', 'parent_id': 't1_ku3fsb9', 'permalink': '/r/changemyview/comments/1bagbcg/cmv_israels_settlement_expansion_in_the_west_bank/ku3r3kz/', 'replies': <praw.models.comment_forest.CommentForest object at 0x2e0321b50>, 'saved': False, 'score': 14, 'stickied': False, 'submission': Submission(id='1bagbcg')}",3,"Israel taking some of Palestine's land in reaction to attacks from Palestine is standard geopolitics and doesn't preclude an overall peace. Indeed, the Palestinians should feel pressured to make peace because the longer they wait the more land they will lose.\n\nTheoretically, taking Palestinian land in the West Bank in response to Palestinian attacks should disincentivize such attacks, and Palestinians continuing to lose land without peace is a strong pressure on them to surrender and cut their losses. At least in the case of border towns that can be annexed directly. The smaller scattered settlements would have to be exchanged to keep the West Bank coherent. Past Israeli government have exchanged land for peace and withdrawn Israeli civilians. \n\nI wouldn't propose it as a magic fix to what is largely an irrational conflict, but Israel taking Palestinian land over time should make Palestine more eager for a peace to end it, not less.\n\nIf your argument is about the near future, I think it's obvious there will be no real peace anytime soon, and that the current Israeli government is not interested. Netanyahu especially needs a forever war to distract from his own issues of possibly going to jail when the war is over.","A few days ago, Israel has approved [plans](https://www.bbc.co.uk/news/world-middle-east-68490034) for 3,400 new homes in West Bank settlements. This is obviously provocative, especially given the conflict in Gaza and the upcoming Ramadan. These settlements are illegal and widely condemned by Israel's allies and critics alike. It's well known that these settlements are a major roadblock to a cohesive Palestinian state and a significant detriment to any kind of peaceful solution in the region. I had the hope that with how sensitive the conflict is right now, they might pull back on the settlements to give a peaceful solution a chance. But this recent move is further proof that Israel is only willing to pursue a violent solution to the problem, by further aggravating the Palestinian population and using its military might to force Palestinians out of the West Bank. \n\nCan someone show how this latest act is consistent with the belief that Israel has the intention to pursue a peaceful solution to the conflict?",CMV: Israel's settlement expansion in the West Bank shows that they have no intention to pursue a peaceful solution to the Israel/Palestine conflict,True,
ku2uy1g,[deleted],1bagbcg,ku2sxtm,1709997120.0,Arab _Israelis_ living in Israel is a fundamentally different thing than Israelis (mostly Jews) living in Palestinian land.,"{'created_utc': 1709997120.0, 'body_html': '<div class=""md""><p>Arab <em>Israelis</em> living in Israel is a fundamentally different thing than Israelis (mostly Jews) living in Palestinian land.</p>\n</div>', 'edited': False, 'id': 'ku2uy1g', 'is_submitter': False, 'link_id': 't3_1bagbcg', 'parent_id': 't1_ku2sxtm', 'permalink': '/r/changemyview/comments/1bagbcg/cmv_israels_settlement_expansion_in_the_west_bank/ku2uy1g/', 'replies': <praw.models.comment_forest.CommentForest object at 0x2e04a90d0>, 'saved': False, 'score': 21, 'stickied': False, 'submission': Submission(id='1bagbcg')}",3,"There are Cities and towns in the West Bank which are growing because people have kids, it’s only natural that there are more houses being built adjacent to the cities. Same goes for Arab towns in Israel proper, people have kids and build new houses and thus there are building permits issued for new housing. This seems natural.\n\nThere actually haven’t been new Israeli settlements created in the West Bank for a long time all they do is build houses on empty land in already established towns.\n\nThe only problem with the settlements is that there are Jews living there, nobody says that Arabs living in Israel are an obstacle for peace but somehow Jews living in Palestinian land is obstructing peace?","A few days ago, Israel has approved [plans](https://www.bbc.co.uk/news/world-middle-east-68490034) for 3,400 new homes in West Bank settlements. This is obviously provocative, especially given the conflict in Gaza and the upcoming Ramadan. These settlements are illegal and widely condemned by Israel's allies and critics alike. It's well known that these settlements are a major roadblock to a cohesive Palestinian state and a significant detriment to any kind of peaceful solution in the region. I had the hope that with how sensitive the conflict is right now, they might pull back on the settlements to give a peaceful solution a chance. But this recent move is further proof that Israel is only willing to pursue a violent solution to the problem, by further aggravating the Palestinian population and using its military might to force Palestinians out of the West Bank. \n\nCan someone show how this latest act is consistent with the belief that Israel has the intention to pursue a peaceful solution to the conflict?",CMV: Israel's settlement expansion in the West Bank shows that they have no intention to pursue a peaceful solution to the Israel/Palestine conflict,False,
lrsddfa,Mysterious-Law-60,1g2y1ep,lrs6l7o,1728857063.0,"!delta \n\nYou made a lot of good points and cites evidence so you definitely deserve it. \n\n>  \nA coefficient lower than that would suggest extensive government intervention, lack of innovation, etc. A coefficient higher than that would suggest wealth concentration, lot of poor people, etc.\n\nPrimarily on many countries with gini coefficient in 0.25 to 0.35 range like Germany, Sweden, France have a better development opportunities, equal opportunities for people, etc and countries with high like South Africa, Brazil have many problematics parts in their economy, economic unrest, etc.\n\n>  \nA wealth tax would be good as it will help take part of the money they have and the government will be able to use it for better use.\n\nThe billionaires and 100+millionaires use a lot of their money on relatively risky investments and they decide what to do with their money and there is no form of supervision or control over them. They have too much power with this amount of financial power. The government is not correct but they have many different branches and departments and there is a democratic creation of the budget. So I would rather trust the government with the money than the billionaire. It is more of a I have more trust in the process than would be comfortable with the billionaire having so much power. \n\n>  \nIt's not just 5% of them once. It's 5% of those assets on a yearly basis. Assets that you are devaluing by virtue of putting a needless government surcharge on them, and assets that will continue to spiral and lose money as time progresses - you take $2.5 billion of that $50 billion this year, and next year the asset is already down to $47.5 billion. You only get $2.375 assuming the value of the asset doesn't drop even more due to the wealth tax.\n\n>Eventually, what's left?\n\n  \nThe wealth tax will only be applicable to wealth over 100 million so ideally we will not be having people over 100 million after a long enough time. Even 100 million gives a lot of financial flexibility to the rich. The rich would then be people who have 10-100 million and middle class would 1-10 million and the poor would have 100,000 to 1 million. It just significantly decreases the gap between rich and poor. Also the government can use this money to help the average citizen in a way the billionaires do not. \n\n  \n\n\nI realize that there are other ways to decrease income inequality but this is the most direct method. Most people are concerned that the billionaires will just leave but they will not atleast not for a tax as minor as 5% on amount higher than 100 million, is an important point. I want to say. But I do agree some of the other method like what were mentioned in the Haas institute should be implemented.","{'created_utc': 1728857063.0, 'body_html': '<div class=""md""><p>!delta </p>\n\n<p>You made a lot of good points and cites evidence so you definitely deserve it. </p>\n\n<blockquote>\n<p>A coefficient lower than that would suggest extensive government intervention, lack of innovation, etc. A coefficient higher than that would suggest wealth concentration, lot of poor people, etc.</p>\n</blockquote>\n\n<p>Primarily on many countries with gini coefficient in 0.25 to 0.35 range like Germany, Sweden, France have a better development opportunities, equal opportunities for people, etc and countries with high like South Africa, Brazil have many problematics parts in their economy, economic unrest, etc.</p>\n\n<blockquote>\n<p>A wealth tax would be good as it will help take part of the money they have and the government will be able to use it for better use.</p>\n</blockquote>\n\n<p>The billionaires and 100+millionaires use a lot of their money on relatively risky investments and they decide what to do with their money and there is no form of supervision or control over them. They have too much power with this amount of financial power. The government is not correct but they have many different branches and departments and there is a democratic creation of the budget. So I would rather trust the government with the money than the billionaire. It is more of a I have more trust in the process than would be comfortable with the billionaire having so much power. </p>\n\n<blockquote>\n<p>It&#39;s not just 5% of them once. It&#39;s 5% of those assets on a yearly basis. Assets that you are devaluing by virtue of putting a needless government surcharge on them, and assets that will continue to spiral and lose money as time progresses - you take $2.5 billion of that $50 billion this year, and next year the asset is already down to $47.5 billion. You only get $2.375 assuming the value of the asset doesn&#39;t drop even more due to the wealth tax.</p>\n\n<p>Eventually, what&#39;s left?</p>\n</blockquote>\n\n<p>The wealth tax will only be applicable to wealth over 100 million so ideally we will not be having people over 100 million after a long enough time. Even 100 million gives a lot of financial flexibility to the rich. The rich would then be people who have 10-100 million and middle class would 1-10 million and the poor would have 100,000 to 1 million. It just significantly decreases the gap between rich and poor. Also the government can use this money to help the average citizen in a way the billionaires do not. </p>\n\n<p>I realize that there are other ways to decrease income inequality but this is the most direct method. Most people are concerned that the billionaires will just leave but they will not atleast not for a tax as minor as 5% on amount higher than 100 million, is an important point. I want to say. But I do agree some of the other method like what were mentioned in the Haas institute should be implemented.</p>\n</div>', 'edited': False, 'id': 'lrsddfa', 'is_submitter': True, 'link_id': 't3_1g2y1ep', 'parent_id': 't1_lrs6l7o', 'permalink': '/r/changemyview/comments/1g2y1ep/cmv_a_wealth_tax_to_reduce_the_income_inequality/lrsddfa/', 'replies': <praw.models.comment_forest.CommentForest object at 0x28c72ced0>, 'saved': False, 'score': -3, 'stickied': False, 'submission': Submission(id='1g2y1ep')}",3,"> Part 1 is pretty straightforward, an economy where the gini coefficient is between 0.25 and 0.35 is ideal.\n\nWhy?  What makes this ideal and not between 0.05 and 0.15, or 0.50 and 0.70?\n\n> A coefficient lower than that would suggest extensive government intervention, lack of innovation, etc. A coefficient higher than that would suggest wealth concentration, lot of poor people, etc. \n\nWhat are you basing this on, exactly?\n\n> A wealth tax would be good as it will help take part of the money they have and the government will be able to use it for better use. \n\nWhen has this ever been true?  What is the evidence you're using to support this?\n\nWhy does the government know better than the people who it represents?\n\n> The primary reason why I support the wealth tax ideology is because it targets the assets which the very rich people have and they are forced to pay taxes on them. \n\nWhy do you want to target assets?  If your goal is to reduce inequality, how does the government reducing market investment achieve that goal?  If the government is taking 5% off the top of any investment, how will that not lower the value of that investment?  How will that not negatively impact the poorest in the country who rely on that investment for jobs, for goods, and so on?\n\n>  Also this will specifically target the ultra rich like people with more than 100 million because I think those are the people who own so much in investments and stuff that they have just an insane amount of money \n\nDefine ""insane amount of money.""  You use Amazon as an example, but they have very small profit margins despite their valuation.  Who benefits from reducing Amazon's value?\n\n> If they have like 50 billion in assets, they would not be willing to uproot their lives and move to another country if they have to be pay 5 or even 10% of them as taxes is my belief. \n\nIt's not just 5% of them once.  It's 5% of those assets on a yearly basis.  Assets that you are devaluing by virtue of putting a needless government surcharge on them, and assets that will continue to spiral and lose money as time progresses - you take $2.5 billion of that $50 billion this year, and next year the asset is already down to $47.5 billion. You only get $2.375 assuming the value of the asset doesn't drop even more due to the wealth tax.\n\nEventually, what's left?\n\n\n> Complications with the calculation - It is not that straightforward to calculate the assets of these ultra rich people. We will have to assign government officials or someone to make valuations on assets which are not very clear with respect to their value. We can also look into how countries with existing wealth taxes have implemented this. \n\nOnly five countries currently have a wealth tax, which is down from twelve 30 years ago.  \n\nWe know what happens when a wealth tax goes into effect: money flees from the country that implements it.  This happened in [France] (https://papers.ssrn.com/sol3/papers.cfm?abstract_id=1268381):\n\n> Capital flight since the ISF wealth tax’s creation in 1988 amounts to ca. €200 billion; The ISF causes an annual fiscal shortfall of €7 billion, or about twice what it yields; The ISF wealth tax has probably reduced GDP growth by 0.2% per annum, or around 3.5 billion (roughly the same as it yields); In an open world, the ISF wealth tax impoverishes France, shifting the tax burden from wealthy taxpayers leaving the country onto other taxpayers. \n\n[Here's a broader EU-based study] (https://onlinelibrary.wiley.com/doi/pdf/10.1111/1475-5890.12278):\n\n> Among these justifications, the most common economic arguments (i.e. the negative impact\non wealth accumulation and international migration effects) have found little empirical support.94\nRegarding wealth accumulation, studies point to limited real effects, and greater effects on wealth\nreporting and tax avoidance and evasion, which is partly a consequence of how wealth taxes were\ndesigned and the ease with which they could be avoided or evaded. Regarding migration effects, very\nfew studies exist and these generally focus on within-country mobility. The limited empirical evidence\nbacking these arguments against wealth taxes suggests that political economy factors, including the\nrole of special interests and shifts in ideas, played an important role in the way in which – and the\nextent to which – these economic justifications were used.\n\n> The arguments emphasising widespread avoidance and evasion, however, have been corroborated\nby significant evidence. Wealth tax bases have been narrowed virtually everywhere by tax exemptions\nand reliefs, and there is evidence that these have been used by wealthy taxpayers to minimise\ntheir wealth tax burden. Importantly, however, the design of wealth taxes was partly the result of\npolitical economy dynamics, with evidence that interest groups were influential in obtaining special\nexemptions, for instance. There has also been evidence of significant tax evasion, particularly by the\nwealthiest households, largely permitted by the lack of measures to ensure tax transparency.\n\n> Finally, the administrative and compliance costs that wealth taxes have involved have indeed been\nsignificant, in particular in relation to regular asset valuation, and have been higher than in the case of\ntaxes on wealth transfers, which are only levied once, or income taxes. However, this section has also\nhighlighted how some of these issues could have been addressed through better tax design\n\nThey fail at handling income inequality in a meaningful way, they fail at providing major government revenue boosts, they're expensive to implement, and they increase avoidance and capital flight.\n\n> But my main argument is that it is a vital step in the correct direction of the economy.\n\nHere's the problem: you *appear* to have a specific goal of reducing income inequality.  Let's put aside all other arguments here (whether income inequality is a problem, whether it needs to be reduced, whether it's currently too high, etc.) and look solely at this result: Income inequality is X, and you want it to be <X.  The Haas Institute at UC Berkeley, which is a group focused primarily on a ""fair and inclusive society,"" [details six ways to reduce income inequality] (https://belonging.berkeley.edu/six-policies-reduce-economic-inequality).  Do you know what policy *doesn't* get proposed?  A wealth tax. They instead look at things like the Earned Income Tax Credit and higher minimum wages (things that put more dollars in the hands of the bottom), and higher capital gains and tax progressivity (which doesn't harm the value of assets along the way).  \n\nIf your goal is to address income inequality, there are many better tools in the toolbox.  While income inequality should not be an issue for you in part because you have no real justification for believing it should be an issue, a wealth tax is probably the worst way to go about it if you insist on caring anyway.","2 main parts - income inequality is wrong, wealth tax is the best way to reduce it \n\nI will be using the Lorenz curve and Gini coefficient to measure income inequality so search them up. I will also be using US as a standard for some calculations. \n\nPart 1 \n\nPart 1 is pretty straightforward, an economy where the gini coefficient is between 0.25 and 0.35 is ideal. A coefficient lower than that would suggest extensive government intervention, lack of innovation, etc. A coefficient higher than that would suggest wealth concentration, lot of poor people, etc. There are different countries with slight variations but this is the general standard. \n\nI believe this to be well established fact but if you want to discuss about this, I am open to it\n\nPart 2\n\nThere are many different ways to approach this problem and I am not saying this alone would be enough but a wealth tax is probably the most important step. \n\nThe main ways would be progressive income taxes, capital gains reform, increasing the minimum wage and a few others. \n\nProgressive income taxes - I do think progressive income taxes are important and countries with flat taxes should move to this format and even countries with no income tax should move to them. I also agree that there are people who work at McDonalds and earn 15$/hour which leads to maybe 30k per year and there are people who earn a million a year. The current tax bracket for the highest earners of 600/700k or more per year is 37% and for the 12k or below earners is 10%. Making the tax brackets more progressive and increasing the tax rate for the highest earners any more than 37% is not a good option. Because 37% is already a lot and increasing it more than that will be counterproductive. The people who fall into this earning greater than 600k per year bracket are not just the superrich billionaires but rather some people like doctors, lawyers, engineers, who would consider changing their job if the entire education process to getting to where they were did not pay them more than someone who got a job out of school. My point is there increased effort merits the increased salary. Another problem is that for many superrich people like billionaires, it is not like they had salaries of 1 million or 100 million a year which led to them becoming billionaires but rather it was their investments which increased in value. So the solution of progressive income taxes is a good idea generally speaking, it is does not target the main source of the problem which is the billionaires not the millionaires\n\nIncreasing the minimum wage - The minimum wage in some states is too low and the salary which is provided is as low as 25k per year. While increasing the minimum wage, is something which should be done, it will lead to an overall increase in cost of all the goods. My point is the impact it would have on the purchasing power of the people is not as much as most people expect. For example, if the government increases the minimum wage by 10%, most companies would increase their selling price by 10% or will fire a lot of people because a lot of companies are not that profitable and doing this will cause a very large number of industries to collapse. Also the main people it will impact will be the people in a 1million - 100million range. They are rich but the bigger issue is people who have more than that like the ultrafiche people. And their money needs to be decreased \n\nCapital Gains Reform - Whenever you have investments and you convert them to money, then you have to pay taxes on them depending on your income level. For example if you have a million shares of Apple then you don’t pay any taxes on owning them but you do pay taxes when you convert them to money. The tax rates on this are lower than income but are 0,15% and 20% based on your income which are significant. This is a generally good idea but the issue is that most people at least the ultrafiche do not convert their investments to money unless it is like an emergence or something and even then, they would not really need like a billion dollars in cash. \n\nThe main problem with all 3 methods according to me is that it harms the moderately rich like the ones in 1-100million range. They are not the main problem of the economy. The main problem are the 10,000 or so individuals with a net value of more than 100 million. \n\nA wealth tax would be good as it will help take part of the money they have and the government will be able to use it for better use. There are many different forms of wealth taxes like the one implemented in Spain, Norway, Switzerland, etc. Personally some of Biden’s wealth tax seem excessive like the Billionaire tax rate of 25% for people over 100million is a bit too high so more realistic versions of them like something like 5-10% would even have a big impact. Even the wealth tax plans implemented in Norway, Switzerland are pretty effective. I am not very sure which would be the best tax plan and there definitely needs to be research done by people in the financial world regarding this.\n\nThe primary reason why I support the wealth tax ideology is because it targets the assets which the very rich people have and they are forced to pay taxes on them. For example if I own 1 billion dollars of Amazon then I would only have to pay tax on them when I convert them to money but the wealth tax would get a valuation on all the assets of individuals and they will be forced to pay taxes on them separate from the other taxes. Also this will specifically target the ultra rich like people with more than 100 million because I think those are the people who own so much in investments and stuff that they have just an insane amount of money \n\nSome disadvantages of this method that I would acknowledge - \n\nPossibility of some rich people moving to a country where they do not have to pay this tax - While it is true that if a tax rate of 25% is implemented on their assets above 100 million, it is probable that a number of them would consider moving to other countries which is why I think the amount should be reduce to 5-10%. If they have like 50 billion in assets, they would not be willing to uproot their lives and move to another country if they have to be pay 5 or even 10% of them as taxes is my belief. There might be a few who still choose to leave but a vast majority would stay. The wealth tax needs to be structured to avoid major capital flight.\n\nComplications with the calculation - It is not that straightforward to calculate the assets of these ultra rich people. We will have to assign government officials or someone to make valuations on assets which are not very clear with respect to their value. We can also look into how countries with existing wealth taxes have implemented this. \n\nI am not saying the wealth tax is like a magic solution which will solve all the problems. And there are issues which arise because of it. The solutions are being investigated and need to be discussed further. Also by itself it will not change the entire economy and everything. Other changes are definitely required. But my main argument is that it is a vital step in the correct direction of the economy.",CMV: A wealth tax to reduce the income inequality is integral in improving the current economy,True,
lrs5o34,Mysterious-Law-60,1g2y1ep,lrrzwko,1728854372.0,"He would still have like 100+ billion dollars left in 10 years. My argument is that people should not have net worth or wealth above 100 million because that is an insane amount of money. \n\nEven if he chooses to move to another country, Amazon still has offices here and his investments are here. If he wants to move the entire company headquarters, everything to another country, the amount of financial investment that is in the short term is not worth it. Also he would have to pay a lot of taxes in this process which is also not that bad an option for US","{'created_utc': 1728854372.0, 'body_html': '<div class=""md""><p>He would still have like 100+ billion dollars left in 10 years. My argument is that people should not have net worth or wealth above 100 million because that is an insane amount of money. </p>\n\n<p>Even if he chooses to move to another country, Amazon still has offices here and his investments are here. If he wants to move the entire company headquarters, everything to another country, the amount of financial investment that is in the short term is not worth it. Also he would have to pay a lot of taxes in this process which is also not that bad an option for US</p>\n</div>', 'edited': False, 'id': 'lrs5o34', 'is_submitter': True, 'link_id': 't3_1g2y1ep', 'parent_id': 't1_lrrzwko', 'permalink': '/r/changemyview/comments/1g2y1ep/cmv_a_wealth_tax_to_reduce_the_income_inequality/lrs5o34/', 'replies': <praw.models.comment_forest.CommentForest object at 0x28c17b010>, 'saved': False, 'score': -2, 'stickied': False, 'submission': Submission(id='1g2y1ep')}",3,">If they have like 50 billion in assets, they would not be willing to uproot their lives and move to another country if they have to be pay 5 or even 10% of them as taxes is my belief.\n\nAt 10% people definitely would, because you're overlooking the compounding effect of this. After 10 years a 10% wealth tax would equate to losing 65% of your wealth and a 5% would reduce it by 40%. Like yeah Jeff bezo wouldn't uproot everything for 10 billion dollars but he would for 70 billion dollars.","2 main parts - income inequality is wrong, wealth tax is the best way to reduce it \n\nI will be using the Lorenz curve and Gini coefficient to measure income inequality so search them up. I will also be using US as a standard for some calculations. \n\nPart 1 \n\nPart 1 is pretty straightforward, an economy where the gini coefficient is between 0.25 and 0.35 is ideal. A coefficient lower than that would suggest extensive government intervention, lack of innovation, etc. A coefficient higher than that would suggest wealth concentration, lot of poor people, etc. There are different countries with slight variations but this is the general standard. \n\nI believe this to be well established fact but if you want to discuss about this, I am open to it\n\nPart 2\n\nThere are many different ways to approach this problem and I am not saying this alone would be enough but a wealth tax is probably the most important step. \n\nThe main ways would be progressive income taxes, capital gains reform, increasing the minimum wage and a few others. \n\nProgressive income taxes - I do think progressive income taxes are important and countries with flat taxes should move to this format and even countries with no income tax should move to them. I also agree that there are people who work at McDonalds and earn 15$/hour which leads to maybe 30k per year and there are people who earn a million a year. The current tax bracket for the highest earners of 600/700k or more per year is 37% and for the 12k or below earners is 10%. Making the tax brackets more progressive and increasing the tax rate for the highest earners any more than 37% is not a good option. Because 37% is already a lot and increasing it more than that will be counterproductive. The people who fall into this earning greater than 600k per year bracket are not just the superrich billionaires but rather some people like doctors, lawyers, engineers, who would consider changing their job if the entire education process to getting to where they were did not pay them more than someone who got a job out of school. My point is there increased effort merits the increased salary. Another problem is that for many superrich people like billionaires, it is not like they had salaries of 1 million or 100 million a year which led to them becoming billionaires but rather it was their investments which increased in value. So the solution of progressive income taxes is a good idea generally speaking, it is does not target the main source of the problem which is the billionaires not the millionaires\n\nIncreasing the minimum wage - The minimum wage in some states is too low and the salary which is provided is as low as 25k per year. While increasing the minimum wage, is something which should be done, it will lead to an overall increase in cost of all the goods. My point is the impact it would have on the purchasing power of the people is not as much as most people expect. For example, if the government increases the minimum wage by 10%, most companies would increase their selling price by 10% or will fire a lot of people because a lot of companies are not that profitable and doing this will cause a very large number of industries to collapse. Also the main people it will impact will be the people in a 1million - 100million range. They are rich but the bigger issue is people who have more than that like the ultrafiche people. And their money needs to be decreased \n\nCapital Gains Reform - Whenever you have investments and you convert them to money, then you have to pay taxes on them depending on your income level. For example if you have a million shares of Apple then you don’t pay any taxes on owning them but you do pay taxes when you convert them to money. The tax rates on this are lower than income but are 0,15% and 20% based on your income which are significant. This is a generally good idea but the issue is that most people at least the ultrafiche do not convert their investments to money unless it is like an emergence or something and even then, they would not really need like a billion dollars in cash. \n\nThe main problem with all 3 methods according to me is that it harms the moderately rich like the ones in 1-100million range. They are not the main problem of the economy. The main problem are the 10,000 or so individuals with a net value of more than 100 million. \n\nA wealth tax would be good as it will help take part of the money they have and the government will be able to use it for better use. There are many different forms of wealth taxes like the one implemented in Spain, Norway, Switzerland, etc. Personally some of Biden’s wealth tax seem excessive like the Billionaire tax rate of 25% for people over 100million is a bit too high so more realistic versions of them like something like 5-10% would even have a big impact. Even the wealth tax plans implemented in Norway, Switzerland are pretty effective. I am not very sure which would be the best tax plan and there definitely needs to be research done by people in the financial world regarding this.\n\nThe primary reason why I support the wealth tax ideology is because it targets the assets which the very rich people have and they are forced to pay taxes on them. For example if I own 1 billion dollars of Amazon then I would only have to pay tax on them when I convert them to money but the wealth tax would get a valuation on all the assets of individuals and they will be forced to pay taxes on them separate from the other taxes. Also this will specifically target the ultra rich like people with more than 100 million because I think those are the people who own so much in investments and stuff that they have just an insane amount of money \n\nSome disadvantages of this method that I would acknowledge - \n\nPossibility of some rich people moving to a country where they do not have to pay this tax - While it is true that if a tax rate of 25% is implemented on their assets above 100 million, it is probable that a number of them would consider moving to other countries which is why I think the amount should be reduce to 5-10%. If they have like 50 billion in assets, they would not be willing to uproot their lives and move to another country if they have to be pay 5 or even 10% of them as taxes is my belief. There might be a few who still choose to leave but a vast majority would stay. The wealth tax needs to be structured to avoid major capital flight.\n\nComplications with the calculation - It is not that straightforward to calculate the assets of these ultra rich people. We will have to assign government officials or someone to make valuations on assets which are not very clear with respect to their value. We can also look into how countries with existing wealth taxes have implemented this. \n\nI am not saying the wealth tax is like a magic solution which will solve all the problems. And there are issues which arise because of it. The solutions are being investigated and need to be discussed further. Also by itself it will not change the entire economy and everything. Other changes are definitely required. But my main argument is that it is a vital step in the correct direction of the economy.",CMV: A wealth tax to reduce the income inequality is integral in improving the current economy,False,
kvd0bkb,saintlybead,1bhbzuy,kvczj6u,1710721957.0,"sure, it’s not anti-democratic, thats fair. i’ll give you a !delta because i shouldn’t have said that.","{'created_utc': 1710721957.0, 'body_html': '<div class=""md""><p>sure, it’s not anti-democratic, thats fair. i’ll give you a !delta because i shouldn’t have said that.</p>\n</div>', 'edited': False, 'id': 'kvd0bkb', 'is_submitter': True, 'link_id': 't3_1bhbzuy', 'parent_id': 't1_kvczj6u', 'permalink': '/r/changemyview/comments/1bhbzuy/cmv_conservatives_running_on_the_platform_of/kvd0bkb/', 'replies': <praw.models.comment_forest.CommentForest object at 0x2eaf9a250>, 'saved': False, 'score': 0, 'stickied': False, 'submission': Submission(id='1bhbzuy')}",3,"I’m specifically disagreeing with your claim that it’s anti-Democratic. There’s nothing anti-Democratic about having faith oriented leaders, so long as those leaders were elected. I want to challenge you more specifically on that point, what about a mild to moderate lack of separation between church and state is anti-Democratic?","These days we often hear conservatives who are running for office or are in office speak about how what the country needs is to have Christian values, for God to be in the schools, and essentially for the country to be led by god.\n\nFor a country that is supposed to be founded upon religious/spiritual freedom and separation of the state and the church, this is not what should be happening.\n\nI think it's absolutely fine for a candidate to run with Christian values in mind and have their choices informed by their faith, but for politicians to actively profess they're seeking to effectively put the rest of the country under this same faith is unjust.\n\nHow is this any different from other nations that run under religious law, which conservatives so regularly demonize?",CMV: Conservatives running on the platform of Christianity and imposing those belief's in law is inherently anti-Democratic and un-American.,True,
kvg23yk,saintlybead,1bhbzuy,kvfi3a1,1710779153.0,why did we remove it if nobody wanted it removed?,"{'created_utc': 1710779153.0, 'body_html': '<div class=""md""><p>why did we remove it if nobody wanted it removed?</p>\n</div>', 'edited': False, 'id': 'kvg23yk', 'is_submitter': True, 'link_id': 't3_1bhbzuy', 'parent_id': 't1_kvfi3a1', 'permalink': '/r/changemyview/comments/1bhbzuy/cmv_conservatives_running_on_the_platform_of/kvg23yk/', 'replies': <praw.models.comment_forest.CommentForest object at 0x2eafa17d0>, 'saved': False, 'score': 2, 'stickied': False, 'submission': Submission(id='1bhbzuy')}",3,The Bible used to be im the schools before LJB removed it 60 years ago and back then no one whined for it to be removed. So what‘s wrong with it now?,"These days we often hear conservatives who are running for office or are in office speak about how what the country needs is to have Christian values, for God to be in the schools, and essentially for the country to be led by god.\n\nFor a country that is supposed to be founded upon religious/spiritual freedom and separation of the state and the church, this is not what should be happening.\n\nI think it's absolutely fine for a candidate to run with Christian values in mind and have their choices informed by their faith, but for politicians to actively profess they're seeking to effectively put the rest of the country under this same faith is unjust.\n\nHow is this any different from other nations that run under religious law, which conservatives so regularly demonize?",CMV: Conservatives running on the platform of Christianity and imposing those belief's in law is inherently anti-Democratic and un-American.,False,
kso8rxl,Significant-Ebb7333,1b2cwhj,ksng518,1709199119.0,I agree with this. Maybe it's silly to focus on porn. It's more about us wanting quick gratification and a culture of hyper sexuality. \n\n!delta,"{'created_utc': 1709199119.0, 'body_html': '<div class=""md""><p>I agree with this. Maybe it&#39;s silly to focus on porn. It&#39;s more about us wanting quick gratification and a culture of hyper sexuality. </p>\n\n<p>!delta</p>\n</div>', 'edited': False, 'id': 'kso8rxl', 'is_submitter': True, 'link_id': 't3_1b2cwhj', 'parent_id': 't1_ksng518', 'permalink': '/r/changemyview/comments/1b2cwhj/cmv_porn_should_not_be_so_normalised/kso8rxl/', 'replies': <praw.models.comment_forest.CommentForest object at 0x29663c110>, 'saved': False, 'score': 64, 'stickied': False, 'submission': Submission(id='1b2cwhj')}",3,"I’d like to flip this argument and say that it’s not the porn itself that normalized objectification, it’s the culture that shaped porn. Sex between people can be beautiful and tender with mutual respect and sensuality, even when filmed. Porn was just a representation of the issues we’ve already had in our society in its most visceral form. Society influenced porn prior to porn influencing society.","Porn messes with intimacy, sets men up to objectify women, and wrecks relationships. It sets up unrealistic expectations, making real-life love seem bland by comparison. By treating people like commodities and reinforcing stereotypes, it just makes everything more complicated. Not to mention the darker side—porn fuels human trafficking and often leaves its actors traumatized.\n\nPersonally, I came across porn when I was 11, and it changed my sexuality. I believed being hurt during sex was normal and that made me more blind towards abuse. Porn groomed me. \n\nSo, with my personal experience and the really dark sides of the industry, I can't see why it is so normalised. Not only normalised in people watching but also encouraging women and girls to join the industry.\n\nSo, why is it good that it is normal?",Cmv: Porn should not be so normalised,True,
ksl5mtm,Significant-Ebb7333,1b2cwhj,ksl5kpi,1709151435.0,Porn IS cringe,"{'created_utc': 1709151435.0, 'body_html': '<div class=""md""><p>Porn IS cringe</p>\n</div>', 'edited': False, 'id': 'ksl5mtm', 'is_submitter': True, 'link_id': 't3_1b2cwhj', 'parent_id': 't1_ksl5kpi', 'permalink': '/r/changemyview/comments/1b2cwhj/cmv_porn_should_not_be_so_normalised/ksl5mtm/', 'replies': <praw.models.comment_forest.CommentForest object at 0x28d3835d0>, 'saved': False, 'score': 1, 'stickied': False, 'submission': Submission(id='1b2cwhj')}",3,Porn is cringe.,"Porn messes with intimacy, sets men up to objectify women, and wrecks relationships. It sets up unrealistic expectations, making real-life love seem bland by comparison. By treating people like commodities and reinforcing stereotypes, it just makes everything more complicated. Not to mention the darker side—porn fuels human trafficking and often leaves its actors traumatized.\n\nPersonally, I came across porn when I was 11, and it changed my sexuality. I believed being hurt during sex was normal and that made me more blind towards abuse. Porn groomed me. \n\nSo, with my personal experience and the really dark sides of the industry, I can't see why it is so normalised. Not only normalised in people watching but also encouraging women and girls to join the industry.\n\nSo, why is it good that it is normal?",Cmv: Porn should not be so normalised,False,
lb5oa8m,No-Body8448,1dswvgx,lb5gvgo,1719855346.0,"Major points to you for bringing receipts, this post is exactly what I was looking for! Thank you for taking the time to share. Δ","{'created_utc': 1719855346.0, 'body_html': '<div class=""md""><p>Major points to you for bringing receipts, this post is exactly what I was looking for! Thank you for taking the time to share. Δ</p>\n</div>', 'edited': 1719859358.0, 'id': 'lb5oa8m', 'is_submitter': True, 'link_id': 't3_1dswvgx', 'parent_id': 't1_lb5gvgo', 'permalink': '/r/changemyview/comments/1dswvgx/cmv_project_2025_is_overblown_fearmongering/lb5oa8m/', 'replies': <praw.models.comment_forest.CommentForest object at 0x2b9a98b10>, 'saved': False, 'score': 31, 'stickied': False, 'submission': Submission(id='1dswvgx')}",3,"That’s part of the plan. And I could go on about how firing two thirds of the experienced people in government and replacing them with people more loyal to Trump than the country is problematic. I could rant about how it creates more bloat rather than reduces. I could warn about how it eliminates most of the resistance to Trump’s insane whims… but that’s not even the whole plan.\n\nThere are other parts of the plan that are also insane but much more straightforwardly so.\n\nMaking discrimination legal, for one. Under project 2025, it will be legal to discriminate against someone for being gay or bi OR even your gender.\n\n“The president should direct agencies to rescind regulations interpreting sex discrimination provisions as prohibiting discrimination on the basis of sexual orientation, gender identity […], sex characteristics, etc.”\n\nThen going a step further, they want to enable all businesses to do the same.\n\nOh, and they want to make all pornography illegal\n\n“Pornography, manifested today in the omnipresent propagation of transgender ideology and sexualization of children, for instance, is not a political Gordian knot inextricably binding up disparate claims about free speech, property rights, sexual liberation, and child welfare. It has no claim to First Amendment protection. Its purveyors are child predators and misogynistic exploiters of women. Their product is as addictive as any illicit drug and as psychologically destructive as any crime. Pornography should be outlawed. The people who produce and distribute it should be imprisoned. Educators and public librarians who purvey it should be classed as registered sex offenders. And telecommunications and technology firms that facilitate its spread should be shuttered.”\n\nAnd gut the EPA to allow more dumping in residential areas. They’re real serious about this one, mentioning it over 90 times.\n\nAnd criminalize sending abortion pills via mail… and pull out of the UN completely… and build the rest of that ridiculously easily climbable border wall… remove the portion of the IRS that audits wealthy people…\n\nIt also plans to bring multiple agencies under the banner of “national security”, which means 6-8 months of simply paying for operation but doing nothing while everyone gets their new security clearances… but longer than that because 2/3 of the security clearance staff is being replaced. And, most of all, it means the elimination of any transparency from those agencies.\n\nThere’s sooooo much more.\n\nThe insertion of loyalists has a lot of aspects to it. One is that it makes everything else easier because anyone who objects simply gets fired. Or rather, they’re pre-fired because they might object. It also sets the insane precedent of restarting the government every 4 or 8 years, which is unbelievably costly and disrupts all services, as well as removing any experience and expertise, making things even less efficient and far more bloated. Imagine if everyone at your job were suddenly replaced with new hires. How would things run?\n\nI think I’ve ranted enough…","For reference, I'm a social centrist, fiscal conservative. I was part of the Tea Party when I thought it was about small government rather than race, and I left the Republican party years ago because they focus on emotion-driven social issues  rather than effective governance. And by centrist, I don't mean I'm wishy-washy. I'm firm in my beliefs, and neither party shares most of them. Oh, and most importantly, I'm *adamantly* anti-Trump. The bloated prick has destroyed the minds of all my friends with this weird cult worship.\n\nHere's the thing. I keep seeing Project 2025 brought up as the right-wing bogeyman, sort of the way conservatives bring up the Green New Deal. They keep saying that it's a blueprint for fascism, that everything will end if Trump gets the White House, the normal leftist fear-mongering that I've gotten bored with.\n\nI would normally ignore it, but I do believe Trump is an enormous threat. So I looked up Project 2025 to see what the deal is. From what I could tell, it looks like a plan to gut the governmental administration.\n\nThat seems to be as far as the argument goes, and that's enough to send people into a panic. But I personally believe that the government IS too bloated and inefficient, and that it's full of unelected people wielding too much power too irresponsibly. Saying that Bob the Democrat  IRS agent is going to be replaced by Steve the Republican IRS agent doesn't fill me with existential dread. It feels like just more politics, and the left-leaning people who staffed all those federal jobs don't want to lose their sycophants.\n\nSo what am I missing? Why should I be so afraid? And please, no broad statements or appeals to emotion. Please show me the actual parts of the proposed plan that have you afraid.",CMV: Project 2025 is overblown fear-mongering.,True,
lb5n4am,No-Body8448,1dswvgx,lb5gj9e,1719854971.0,Fair.,"{'created_utc': 1719854971.0, 'body_html': '<div class=""md""><p>Fair.</p>\n</div>', 'edited': False, 'id': 'lb5n4am', 'is_submitter': True, 'link_id': 't3_1dswvgx', 'parent_id': 't1_lb5gj9e', 'permalink': '/r/changemyview/comments/1dswvgx/cmv_project_2025_is_overblown_fearmongering/lb5n4am/', 'replies': <praw.models.comment_forest.CommentForest object at 0x2b9ab39d0>, 'saved': False, 'score': 1, 'stickied': False, 'submission': Submission(id='1dswvgx')}",3,"""Saying that Bob the Democrat IRS agent is going to be replaced by Steve the Republican IRS agent doesn't fill me with existential dread""\n\nSteve the Republican is going to do what the executive says, not what the laws governing his position say. That's the fear.","For reference, I'm a social centrist, fiscal conservative. I was part of the Tea Party when I thought it was about small government rather than race, and I left the Republican party years ago because they focus on emotion-driven social issues  rather than effective governance. And by centrist, I don't mean I'm wishy-washy. I'm firm in my beliefs, and neither party shares most of them. Oh, and most importantly, I'm *adamantly* anti-Trump. The bloated prick has destroyed the minds of all my friends with this weird cult worship.\n\nHere's the thing. I keep seeing Project 2025 brought up as the right-wing bogeyman, sort of the way conservatives bring up the Green New Deal. They keep saying that it's a blueprint for fascism, that everything will end if Trump gets the White House, the normal leftist fear-mongering that I've gotten bored with.\n\nI would normally ignore it, but I do believe Trump is an enormous threat. So I looked up Project 2025 to see what the deal is. From what I could tell, it looks like a plan to gut the governmental administration.\n\nThat seems to be as far as the argument goes, and that's enough to send people into a panic. But I personally believe that the government IS too bloated and inefficient, and that it's full of unelected people wielding too much power too irresponsibly. Saying that Bob the Democrat  IRS agent is going to be replaced by Steve the Republican IRS agent doesn't fill me with existential dread. It feels like just more politics, and the left-leaning people who staffed all those federal jobs don't want to lose their sycophants.\n\nSo what am I missing? Why should I be so afraid? And please, no broad statements or appeals to emotion. Please show me the actual parts of the proposed plan that have you afraid.",CMV: Project 2025 is overblown fear-mongering.,False,
lmaevla,AConcernedCoder,1fc5i4f,lm7e70r,1725895402.0,"Responding to your response here first in the order that I received them, I think you're onto something.  In collaborative filtering, you need an efficient way to classify users, but that seems to be a bit tricky for a site like Reddit.  Content isn't cleanly categorized via genre as it may be for something like a streaming movie service, and so finding other users with similar interests may be a real challenge -- if you upvote a post, determining the areas of interest that content applies to may not be the most efficient operation and, while not impossible, it may pose a real challenge to perform at the scale of the user base at Reddit.  !delta for bringing up the challenges local to social media.\n\nBut I do think there may be other ways, which would probably involve a departure or significant variation on collaborative filtering.  It would be a shame if nothing is tried because, you know, it's too innovative.","{'created_utc': 1725895402.0, 'body_html': '<div class=""md""><p>Responding to your response here first in the order that I received them, I think you&#39;re onto something.  In collaborative filtering, you need an efficient way to classify users, but that seems to be a bit tricky for a site like Reddit.  Content isn&#39;t cleanly categorized via genre as it may be for something like a streaming movie service, and so finding other users with similar interests may be a real challenge -- if you upvote a post, determining the areas of interest that content applies to may not be the most efficient operation and, while not impossible, it may pose a real challenge to perform at the scale of the user base at Reddit.  !delta for bringing up the challenges local to social media.</p>\n\n<p>But I do think there may be other ways, which would probably involve a departure or significant variation on collaborative filtering.  It would be a shame if nothing is tried because, you know, it&#39;s too innovative.</p>\n</div>', 'edited': False, 'id': 'lmaevla', 'is_submitter': True, 'link_id': 't3_1fc5i4f', 'parent_id': 't1_lm7e70r', 'permalink': '/r/changemyview/comments/1fc5i4f/cmv_social_media_feed_curation_engines_should_be/lmaevla/', 'replies': <praw.models.comment_forest.CommentForest object at 0x29d942690>, 'saved': False, 'score': 1, 'stickied': False, 'submission': Submission(id='1fc5i4f')}",3,"the issue with purely crowdsourcing it is in trying to define the ""crowd"" that is deciding the feed for any given user, as many different users have many different tastes. for instance, a nude selfie with 20k likes is not going to reliably be the ""best"" option to show on someone's feed compared to a meme about a niche video game with 2k likes. and that's where the algorithm comes in to play. it looks at what **you** have been browsing, and then sorts the content based on what other people who have similar patterns to you seem to engage with more.","Today I was browsing through my Reddit profile and randomly chose to review my ""upvoted"" and ""downvoted"" pages for the first time in a long time, and I was struck by the realization that comparing the two were like night and day -- everything on my upvote page was an absolute joy to review, whereas the downvote page was filled with absolute rubbish.  It was like an exercize in remembering how great my home feed used to be as compared to what it has become, or envisioning the potential of how good it could be.  Regardless, I'm left with the obvious fact that something about the way that content is promoted to my feed is unsatisfactory, as what the algorithm(s) decide what is ""best"" is far from it, from my perspective, and if only there were algorithms which relied on input from users who were actually good at curating content, then my home feed might actually resemble my upvote page a little more closely.\n\nYou could argue that most social media allows you to filter by upvotes/karma/likes already, but there's a problem.  Most of the content from both upvoted and downvoted collections *were* filtered through an algorithmic process, which presumably classifies the content under a ""best"" category, and yet a large majority of the content is either uninteresting or subpar.\n\nML is remarkably stupid.  Spooky pattern recognition isn't a substitute for quality, and at the end of the day these are only ever machines subject to garbage in garbage out.  Further, ML among other algorithms can be manipulated, perhaps even more easily than people.\n\nSurely, ML is not the end of the road for social media's quest to provide quality, engaging content to their users.  Why not develop algorithms that derive from users' own personal curation efforts in providing content that others may actually agree to be ""best""?",CMV: Social media feed curation engines should be based more on crowdsourcing than ML,True,
lmawb7h,AConcernedCoder,1fc5i4f,lm7mebo,1725901401.0,"Not to say you're entirely wrong here but as your response is admittedly kind of an elaboration of u/SeparateDraft_4887's, it doesn't really convince me, but only because of the ""best"" label of the filter in question.\n\nIf Google's algorithms optimize for engagement, if it's not labeled as ""best"", my argument doesn't really apply, even though I still think it's in the best interest of companies in a broader sense to prioritize quality for the simple fact that if they're terrible at making recommendations, there must be a point where it makes sense to stop using their services.","{'created_utc': 1725901401.0, 'body_html': '<div class=""md""><p>Not to say you&#39;re entirely wrong here but as your response is admittedly kind of an elaboration of <a href=""/u/SeparateDraft_4887"">u/SeparateDraft_4887</a>&#39;s, it doesn&#39;t really convince me, but only because of the &quot;best&quot; label of the filter in question.</p>\n\n<p>If Google&#39;s algorithms optimize for engagement, if it&#39;s not labeled as &quot;best&quot;, my argument doesn&#39;t really apply, even though I still think it&#39;s in the best interest of companies in a broader sense to prioritize quality for the simple fact that if they&#39;re terrible at making recommendations, there must be a point where it makes sense to stop using their services.</p>\n</div>', 'edited': 1725904875.0, 'id': 'lmawb7h', 'is_submitter': True, 'link_id': 't3_1fc5i4f', 'parent_id': 't1_lm7mebo', 'permalink': '/r/changemyview/comments/1fc5i4f/cmv_social_media_feed_curation_engines_should_be/lmawb7h/', 'replies': <praw.models.comment_forest.CommentForest object at 0x29d996790>, 'saved': False, 'score': 0, 'stickied': False, 'submission': Submission(id='1fc5i4f')}",3,"Unfortunately, nothing is that simple.\n\nFirst, I'd like to argue that *all* ""ML"" is crowdsourced, and that all algorithmic feeds are as well. Machine learning (ML) is such a broad concept, but I'm assuming you're referring to the more complex models we are having to navigate today (CNNs, LLMs, etc). I'll set aside my terminology pedantry.\n\nNow, at their simplest, these algorithms are producing their results for you fed from a model that is built on the choices of others before you. Sure, there's plenty of other junk now too, like how long you dwell on a link, how quickly you upvote, and numerous other metrics that my imagination will fail to predict. But at its core, it's based on what the fingerprint of ""you"" wants based on the fingerprint of ""people like you."" I'm having trouble finding a line between your description of more social ""crowdsourcing"" and what we have today.\n\nWe can come at this another way, also. YouTube and Facebook in the last ~decade or so had to deal with the results of recommending to you what people like you also liked. Unsurprisingly in retrospect, this ultimately caused the most emotionally-charged, extreme things to bubble up into feeds. This was socially, and *politically* unstable not just in the US or the western world, but even moreso in other areas. Search for ""facebook myanmar"" in your search engine of choice.\n\nThe social media companies had an opportunity to build things that would play to your interests and benefit, but none of them did so. As /u/Separate_Draft4887 said, profit became the motivating metric, nothing else. A good example of this is Google, who have verifiably, measurably worsened their search results because it allowed their ""engagement"" metrics to go up. Unfortunately ""engagement"" was the same as ""spending time on the page"" which meant worse search results were better for engagement and therefore better for profit (because ads).\n\nAn algorithm that was simple and only matched your likes with, say, other users with similar likes would work well sometimes, but it would also require subtle filtering and adjustments to make sure you didn't keep seeing the same handful of things over and over. And once that happens, we're back in ""ML"" land.\n\nI feel as though I'm rambling at you, but I guess the points I'm trying to make are:\n1) Focusing on ""crowdsourcing"" is not going to solve the problems we see, because\n2) the entire industry is focused on profit and attention capture, because\n3) social media feeds were never about your enjoyment or benefit, and even if it were,\n4) social dynamics are complex and would require complex algorithms to provide a fresh, safe, curated experience. If such an experience is even possible to create for a whole userbase.","Today I was browsing through my Reddit profile and randomly chose to review my ""upvoted"" and ""downvoted"" pages for the first time in a long time, and I was struck by the realization that comparing the two were like night and day -- everything on my upvote page was an absolute joy to review, whereas the downvote page was filled with absolute rubbish.  It was like an exercize in remembering how great my home feed used to be as compared to what it has become, or envisioning the potential of how good it could be.  Regardless, I'm left with the obvious fact that something about the way that content is promoted to my feed is unsatisfactory, as what the algorithm(s) decide what is ""best"" is far from it, from my perspective, and if only there were algorithms which relied on input from users who were actually good at curating content, then my home feed might actually resemble my upvote page a little more closely.\n\nYou could argue that most social media allows you to filter by upvotes/karma/likes already, but there's a problem.  Most of the content from both upvoted and downvoted collections *were* filtered through an algorithmic process, which presumably classifies the content under a ""best"" category, and yet a large majority of the content is either uninteresting or subpar.\n\nML is remarkably stupid.  Spooky pattern recognition isn't a substitute for quality, and at the end of the day these are only ever machines subject to garbage in garbage out.  Further, ML among other algorithms can be manipulated, perhaps even more easily than people.\n\nSurely, ML is not the end of the road for social media's quest to provide quality, engaging content to their users.  Why not develop algorithms that derive from users' own personal curation efforts in providing content that others may actually agree to be ""best""?",CMV: Social media feed curation engines should be based more on crowdsourcing than ML,False,
m5jebw7,MelonDoodle,1hu9kqs,m5jc601,1736093462.0,!delta\n\nThis is the perspective that resonates with me the most.\n\nThe idea that people have real frustrations with healthcare so they will view any action that is taken in opposition to it - however drastic and meaningless - positively makes sense to me.\n\nWhat comes next in your opinion then tho?\n\nMore CEO killings?,"{'created_utc': 1736093462.0, 'body_html': '<div class=""md""><p>!delta</p>\n\n<p>This is the perspective that resonates with me the most.</p>\n\n<p>The idea that people have real frustrations with healthcare so they will view any action that is taken in opposition to it - however drastic and meaningless - positively makes sense to me.</p>\n\n<p>What comes next in your opinion then tho?</p>\n\n<p>More CEO killings?</p>\n</div>', 'edited': False, 'id': 'm5jebw7', 'is_submitter': True, 'link_id': 't3_1hu9kqs', 'parent_id': 't1_m5jc601', 'permalink': '/r/changemyview/comments/1hu9kqs/cmv_luigis_killing_of_the_uhc_healthcare_ceo_will/m5jebw7/', 'replies': <praw.models.comment_forest.CommentForest object at 0x77338fb722a0>, 'saved': False, 'score': 110, 'stickied': False, 'submission': Submission(id='1hu9kqs')}",3,"It’s symbolic. “That one slave that rose up and killed his master isn’t going to change anything,” said an absolute fool. \n\nIt’s about the dignity of the act itself. Not its outcome.","UHC's new CEO who was replaced almost immediately with no disruption to business have stated that they will stay the course.\n\nAn example of change(Anthem's reversal of their policy to pay less for anesthesia) that was spurred by the killing that is often brought up, was a move in the wrong direction if you look into it.\n\nLink to [Vox Article](https://www.vox.com/policy/390031/anthem-blue-cross-blue-shield-anesthesia-limits-insurance?gad_source=1&gclid=Cj0KCQiAvbm7BhC5ARIsAFjwNHtmbUPqvQCAq7-CFLCd1FEjXjc-RGaA4I2EM2CzIrVMRcWGsP7Hl8MaAj8BEALw_wcB) that briefly explains why.\n\nPeople online seem to be claiming that the Luigi has bipartisan support(which could be true).\n\nHowever, more than 50% of voters in the US voted for a felon who had a 'concept of a plan' about healthcare rather than [Kamala's policies](https://www.statnews.com/2024/11/04/kamala-harris-election-win-could-bring-health-care-policy-changes/) which would be a move in the direction of Germany's public healthcare system.\n\nAs long as the public's fascination is with the killing of the CEO and not with any centralized, specific legislative plan, nothing will change.",CMV: Luigi's killing of the UHC healthcare CEO will change nothing about the US healthcare system. ,True,19608.0
m5jbu3y,MelonDoodle,1hu9kqs,m5jafg6,1736092666.0,Maybe I should add on to my post then.\n\nI've seen countless opinions on reddit of how we need more Luigis.\n\nPresumably people believe that more Luigi's will eventually lead to their desired outcome being realized; be it in healthcare or otherwise.,"{'created_utc': 1736092666.0, 'body_html': '<div class=""md""><p>Maybe I should add on to my post then.</p>\n\n<p>I&#39;ve seen countless opinions on reddit of how we need more Luigis.</p>\n\n<p>Presumably people believe that more Luigi&#39;s will eventually lead to their desired outcome being realized; be it in healthcare or otherwise.</p>\n</div>', 'edited': False, 'id': 'm5jbu3y', 'is_submitter': True, 'link_id': 't3_1hu9kqs', 'parent_id': 't1_m5jafg6', 'permalink': '/r/changemyview/comments/1hu9kqs/cmv_luigis_killing_of_the_uhc_healthcare_ceo_will/m5jbu3y/', 'replies': <praw.models.comment_forest.CommentForest object at 0x77338fb79bb0>, 'saved': False, 'score': 4, 'stickied': False, 'submission': Submission(id='1hu9kqs')}",3,"Well yeah, did anyone say otherwise?","UHC's new CEO who was replaced almost immediately with no disruption to business have stated that they will stay the course.\n\nAn example of change(Anthem's reversal of their policy to pay less for anesthesia) that was spurred by the killing that is often brought up, was a move in the wrong direction if you look into it.\n\nLink to [Vox Article](https://www.vox.com/policy/390031/anthem-blue-cross-blue-shield-anesthesia-limits-insurance?gad_source=1&gclid=Cj0KCQiAvbm7BhC5ARIsAFjwNHtmbUPqvQCAq7-CFLCd1FEjXjc-RGaA4I2EM2CzIrVMRcWGsP7Hl8MaAj8BEALw_wcB) that briefly explains why.\n\nPeople online seem to be claiming that the Luigi has bipartisan support(which could be true).\n\nHowever, more than 50% of voters in the US voted for a felon who had a 'concept of a plan' about healthcare rather than [Kamala's policies](https://www.statnews.com/2024/11/04/kamala-harris-election-win-could-bring-health-care-policy-changes/) which would be a move in the direction of Germany's public healthcare system.\n\nAs long as the public's fascination is with the killing of the CEO and not with any centralized, specific legislative plan, nothing will change.",CMV: Luigi's killing of the UHC healthcare CEO will change nothing about the US healthcare system. ,False,19765.0
lsllnpz,Active-Control7043,1g6t5ad,lslig5t,1729290473.0,"okay, I'll try and add this again so it gets counted !delta because that is at least an internally consistent way around the issue.  I wasn't trying to give myself anything, bot.  I just couldn't get the update to work.","{'created_utc': 1729290473.0, 'body_html': '<div class=""md""><p>okay, I&#39;ll try and add this again so it gets counted !delta because that is at least an internally consistent way around the issue.  I wasn&#39;t trying to give myself anything, bot.  I just couldn&#39;t get the update to work.</p>\n</div>', 'edited': False, 'id': 'lsllnpz', 'is_submitter': True, 'link_id': 't3_1g6t5ad', 'parent_id': 't1_lslig5t', 'permalink': '/r/changemyview/comments/1g6t5ad/cmv_if_you_say_that_wasnt_my_intention_but_dont/lsllnpz/', 'replies': <praw.models.comment_forest.CommentForest object at 0x28c22ecd0>, 'saved': False, 'score': 3, 'stickied': False, 'submission': Submission(id='1g6t5ad')}",3,"What about the possibility that the person who said the allegedly “racist/sexist/whatever” thing does not trust the other person’s response when the other person claims that the statement is offensive? In such a case, the speaker could continue to do x while believing its result is y by not believing that the result is actually z.","I'm specifically thinking here about rasism/sexism/whatever and generally language, though can be other actions too.\n\nOne thing I hear all the time when someone says ""hey, that word/action/whatever has a racist/sexist effect on my life"" is something on the lines of ""that wasn't my intention.""  And as far as it goes, I don't think the person saying it thinks that's untrue. However, once you find out that x thing was accomplishing the opposite of your professed intention and don't change it. . . you're lying to yourself about your intention.  If I intend one result and my actions give me the opposite one. . . I need to do something different.  If I'm knowingly doing things that bring y result. . . I intend y, whether I admit it or not.\n\nI would be honestly interested to hear reasons behind counterexamples and how and why they happened.\n\n  \nEdited-as one bit of clarification: I'm not saying the intentions are ALWAYS malicious.  Just that they're not whatever was being claimed.  \n\n""don't attribute to malice what can be attributed to stupidity"" doesn't challenge or change my view here-as stated earlier malice isn't required, and stupidity is an entirely common reason to lie to yourself.  ","CMV: If you say ""that wasn't my intention"" but don't change your actions when you find out they did something different, you are lying to yourself about your intentions. ",True,
lslkbaw,Active-Control7043,1g6t5ad,lslg6lz,1729289983.0,"It's absolutely possible to have the intention and fail, which is why I put the part about changing your actions when you find out.  Sometimes you'll try something different and that'll fail too.  My criteria here is change more than absolute success.  Because yeah, some intentions might just not be possible.","{'created_utc': 1729289983.0, 'body_html': '<div class=""md""><p>It&#39;s absolutely possible to have the intention and fail, which is why I put the part about changing your actions when you find out.  Sometimes you&#39;ll try something different and that&#39;ll fail too.  My criteria here is change more than absolute success.  Because yeah, some intentions might just not be possible.</p>\n</div>', 'edited': False, 'id': 'lslkbaw', 'is_submitter': True, 'link_id': 't3_1g6t5ad', 'parent_id': 't1_lslg6lz', 'permalink': '/r/changemyview/comments/1g6t5ad/cmv_if_you_say_that_wasnt_my_intention_but_dont/lslkbaw/', 'replies': <praw.models.comment_forest.CommentForest object at 0x1150753d0>, 'saved': False, 'score': 0, 'stickied': False, 'submission': Submission(id='1g6t5ad')}",3,"Is it possible to have an intention and fail to meet that intention, not because of a lack of knowledge but because the things you're trying to do are difficult?","I'm specifically thinking here about rasism/sexism/whatever and generally language, though can be other actions too.\n\nOne thing I hear all the time when someone says ""hey, that word/action/whatever has a racist/sexist effect on my life"" is something on the lines of ""that wasn't my intention.""  And as far as it goes, I don't think the person saying it thinks that's untrue. However, once you find out that x thing was accomplishing the opposite of your professed intention and don't change it. . . you're lying to yourself about your intention.  If I intend one result and my actions give me the opposite one. . . I need to do something different.  If I'm knowingly doing things that bring y result. . . I intend y, whether I admit it or not.\n\nI would be honestly interested to hear reasons behind counterexamples and how and why they happened.\n\n  \nEdited-as one bit of clarification: I'm not saying the intentions are ALWAYS malicious.  Just that they're not whatever was being claimed.  \n\n""don't attribute to malice what can be attributed to stupidity"" doesn't challenge or change my view here-as stated earlier malice isn't required, and stupidity is an entirely common reason to lie to yourself.  ","CMV: If you say ""that wasn't my intention"" but don't change your actions when you find out they did something different, you are lying to yourself about your intentions. ",False,
lh4d6ra,cheeseop,1en7ucd,lh49iho,1723130740.0,"Δ That's fair. My use of the word ""massive"" was probably a bit of an overstatement. It seems to me that leftists are more prevalent now than they have been in the past, but it's also entirely possible that I'm just more active in leftist spaces than I was in the past. Without any concrete numbers, it's hard to say what the true scale of the impact is.","{'created_utc': 1723130740.0, 'body_html': '<div class=""md""><p>Δ That&#39;s fair. My use of the word &quot;massive&quot; was probably a bit of an overstatement. It seems to me that leftists are more prevalent now than they have been in the past, but it&#39;s also entirely possible that I&#39;m just more active in leftist spaces than I was in the past. Without any concrete numbers, it&#39;s hard to say what the true scale of the impact is.</p>\n</div>', 'edited': False, 'id': 'lh4d6ra', 'is_submitter': True, 'link_id': 't3_1en7ucd', 'parent_id': 't1_lh49iho', 'permalink': '/r/changemyview/comments/1en7ucd/cmv_leftist_single_issue_voters_are_a_massive/lh4d6ra/', 'replies': <praw.models.comment_forest.CommentForest object at 0x291e8f6d0>, 'saved': False, 'score': 93, 'stickied': False, 'submission': Submission(id='1en7ucd')}",3,"The easiest rebuttal is simply to point out that this has been a problem for Democrats for a very long time, and yet we've had presidents like Clinton, Obama, and Biden. When President Clinton famously said ""Democrats fall in love, Republicans fall in line"" he's talking about basically the same phenomenon you're talking about. There has always been a constituency of left-leaning voters who care more about having their ego stroked than being part of a diverse coalition to advance pragmatic causes. And yet, Clinton won, Obama won, and Biden won. So are these people are problem? Sure. Are they a *massive* problem? I don't think history indicates that they are.","For context, I am a leftist, by American standards at least, and have seriously considered not voting in the upcoming election because of the Anti-Palestine stance taken by the Democrats. That said, I have realized how harmful of an idea that is for the future of our country and for progressive politics in general. The core issue with Single Issue Voters is that they will almost always either vote Republican or not vote at all, both of which hurt Democrats. \n\nSomeone who is pro-life, but otherwise uninterested in politics, will vote Republican, even if they don't like Trump, because their belief system does not allow them to vote for someone they believe is killing babies. There's not really anything you can do about that as a democrat. You're not winning them over unless you change that stance, which would then alienate your core voters.\n\nLeftists who are pro-Palestine or anti-police, on the other hand, will simply not vote, or waste a vote on a candidate with no chance of winning. They're more concerned with making a statement than they are taking steps to actually fix this country. We're not going to get an actual leftist candidate unless the Overton Window is pushed back to the left, which will require multiple election cycles of Democrat dominance. We can complain about how awful those things are, and how the two-party system fails to properly represent leftists, but we still need to vote to get things at least a little closer to where we want them to be. People who refuse to do so are actively hurting their own chances at getting what they want in the future.\n\nConsidering that I used to believe that withholding my vote was a good idea, I could see my view being changed somewhat, but currently, I think that the big picture is far more important given the opposition.",CMV: Leftist Single Issue Voters are a massive problem for Democrats.,True,
lh4hj03,cheeseop,1en7ucd,lh4ghu7,1723132077.0,"I get that concern, but also, I think that this is not an election cycle that we can afford to worry about that. If the Republicans were running a more moderate candidate, then I'd be more worried about pushing Harris left, but with Trump as the opposition, that needs to take a back seat for the time being. I really wish there was more that could be done, but I don't know what else you could realistically do.","{'created_utc': 1723132077.0, 'body_html': '<div class=""md""><p>I get that concern, but also, I think that this is not an election cycle that we can afford to worry about that. If the Republicans were running a more moderate candidate, then I&#39;d be more worried about pushing Harris left, but with Trump as the opposition, that needs to take a back seat for the time being. I really wish there was more that could be done, but I don&#39;t know what else you could realistically do.</p>\n</div>', 'edited': False, 'id': 'lh4hj03', 'is_submitter': True, 'link_id': 't3_1en7ucd', 'parent_id': 't1_lh4ghu7', 'permalink': '/r/changemyview/comments/1en7ucd/cmv_leftist_single_issue_voters_are_a_massive/lh4hj03/', 'replies': <praw.models.comment_forest.CommentForest object at 0x291eaed90>, 'saved': False, 'score': 4, 'stickied': False, 'submission': Submission(id='1en7ucd')}",3,What is the incentive for politicians to fix the issue you care about if you’re gonna vote for them regardless?,"For context, I am a leftist, by American standards at least, and have seriously considered not voting in the upcoming election because of the Anti-Palestine stance taken by the Democrats. That said, I have realized how harmful of an idea that is for the future of our country and for progressive politics in general. The core issue with Single Issue Voters is that they will almost always either vote Republican or not vote at all, both of which hurt Democrats. \n\nSomeone who is pro-life, but otherwise uninterested in politics, will vote Republican, even if they don't like Trump, because their belief system does not allow them to vote for someone they believe is killing babies. There's not really anything you can do about that as a democrat. You're not winning them over unless you change that stance, which would then alienate your core voters.\n\nLeftists who are pro-Palestine or anti-police, on the other hand, will simply not vote, or waste a vote on a candidate with no chance of winning. They're more concerned with making a statement than they are taking steps to actually fix this country. We're not going to get an actual leftist candidate unless the Overton Window is pushed back to the left, which will require multiple election cycles of Democrat dominance. We can complain about how awful those things are, and how the two-party system fails to properly represent leftists, but we still need to vote to get things at least a little closer to where we want them to be. People who refuse to do so are actively hurting their own chances at getting what they want in the future.\n\nConsidering that I used to believe that withholding my vote was a good idea, I could see my view being changed somewhat, but currently, I think that the big picture is far more important given the opposition.",CMV: Leftist Single Issue Voters are a massive problem for Democrats.,False,
ks1tmcb,Square-Dragonfruit76,1azih5f,ks1qy5b,1708856923.0,"I would say that anything that causes harm without reason is objectively not good. Eating meat is debatable because there is a reason. There's no reason to give babies cancer.\n\n> Who is to say keeping humankind alive and comfortable is a good thing on the universal scale? What if we are the livestock, or worse, what if we are the pests? \n\nI will give you a !delta because you are right: there is a third option besides God not being good or all powerful: He just doesn't care about us, or thinks of us as insignificant. I will post andl edit to the post as well.","{'created_utc': 1708856923.0, 'body_html': '<div class=""md""><p>I would say that anything that causes harm without reason is objectively not good. Eating meat is debatable because there is a reason. There&#39;s no reason to give babies cancer.</p>\n\n<blockquote>\n<p>Who is to say keeping humankind alive and comfortable is a good thing on the universal scale? What if we are the livestock, or worse, what if we are the pests? </p>\n</blockquote>\n\n<p>I will give you a !delta because you are right: there is a third option besides God not being good or all powerful: He just doesn&#39;t care about us, or thinks of us as insignificant. I will post andl edit to the post as well.</p>\n</div>', 'edited': False, 'id': 'ks1tmcb', 'is_submitter': True, 'link_id': 't3_1azih5f', 'parent_id': 't1_ks1qy5b', 'permalink': '/r/changemyview/comments/1azih5f/cmv_if_any_kind_of_god_or_deity_exists_they_are/ks1tmcb/', 'replies': <praw.models.comment_forest.CommentForest object at 0x2f71219d0>, 'saved': False, 'score': 10, 'stickied': False, 'submission': Submission(id='1azih5f')}",3,"The problem with our mortal “goodness” is that it is confined by our subjective experiences. Different people have different definitions of goodness. For example, a vegan would think the killing of animals is amoral, but other will think that killing thousands of animals to feed thousands of people is a net positive action because enjoyment of humans can be deemed to be more valuable than lives of livestock. There is no objective correct belief of what is right thing to do. Who has the authority to decide what objective morality is for everyone? Who is to say keeping humankind alive and comfortable is a good thing on the universal scale? What if we are the livestock, or worse, what if we are the pests? \n\nThe introduction of God comes with the added feature of moral absolutism. By definition of an absolute being, whatever God desires is goodness, even it may appear to be the opposite from the mortal’s perspective, this includes giving children cancers or natural disasters. If the universe is created to serve the will of its creator, then if God wants to wipe out half of humanity, then achieving so becomes the righteous thing to do, because the universe is doing what it’s created to do.","The world as it is now does not does not make sense if God is kind. Too many bad things happen, unrelated to human intervention, for God to be good. For example:\n\nNatural disasters\n\nChildhood cancer\n\nA lot of the birth process (why design people so that they poop themselves and often rip from their v to their a?)\n\nRabies\n\nDementia\n\nTrue, some if these things are more common because of human intervention, but we only play a part.\n\nI imagine a possible counter argument might be that people get stronger from encountering adversity. Except that they don't always.  Sometimes people die, and sometimes people are left in so much pain that they never recover.\n\nI also imagine that some people might say people have these things happen to them because they deserve it. If you believe that, you have never seen a baby die.\n\nEdit: There is also a third option God not being good or not all powerful: He just doesn't care about us, or thinks of us as insignificant. \n\nEdit: If your argument is that ""God is unknowable"" then how do you know what ""good"" means? You can't say that He is unknowable on the one hand, but then say that it makes sense calling him ""good"".\n\nHoly cr*p you guys, there are so many responses. I will try to answer as many as possible, but it might take a few days.","CMV: if any kind of God or deity exists, they are either not all powerful or they're not good/kind.",True,
ks1izgc,Square-Dragonfruit76,1azih5f,ks1hm55,1708849295.0,"That's not really my argument since many religions believe in an all-powerful God but not the same concept of the afterlife, but I see your point.","{'created_utc': 1708849295.0, 'body_html': '<div class=""md""><p>That&#39;s not really my argument since many religions believe in an all-powerful God but not the same concept of the afterlife, but I see your point.</p>\n</div>', 'edited': False, 'id': 'ks1izgc', 'is_submitter': True, 'link_id': 't3_1azih5f', 'parent_id': 't1_ks1hm55', 'permalink': '/r/changemyview/comments/1azih5f/cmv_if_any_kind_of_god_or_deity_exists_they_are/ks1izgc/', 'replies': <praw.models.comment_forest.CommentForest object at 0x2ebc06050>, 'saved': False, 'score': 35, 'stickied': False, 'submission': Submission(id='1azih5f')}",3,"I want to sidestep your point about whether or not god is good/kind. Assuming he’s real, and the whole heaven/hell bit is real, does it matter how good he is? If he makes the rules, then those are the rules. Shitty, but that would just be how it is, goodness having nothing to do with it.","The world as it is now does not does not make sense if God is kind. Too many bad things happen, unrelated to human intervention, for God to be good. For example:\n\nNatural disasters\n\nChildhood cancer\n\nA lot of the birth process (why design people so that they poop themselves and often rip from their v to their a?)\n\nRabies\n\nDementia\n\nTrue, some if these things are more common because of human intervention, but we only play a part.\n\nI imagine a possible counter argument might be that people get stronger from encountering adversity. Except that they don't always.  Sometimes people die, and sometimes people are left in so much pain that they never recover.\n\nI also imagine that some people might say people have these things happen to them because they deserve it. If you believe that, you have never seen a baby die.\n\nEdit: There is also a third option God not being good or not all powerful: He just doesn't care about us, or thinks of us as insignificant. \n\nEdit: If your argument is that ""God is unknowable"" then how do you know what ""good"" means? You can't say that He is unknowable on the one hand, but then say that it makes sense calling him ""good"".\n\nHoly cr*p you guys, there are so many responses. I will try to answer as many as possible, but it might take a few days.","CMV: if any kind of God or deity exists, they are either not all powerful or they're not good/kind.",False,
ky68n2s,[deleted],1bwhsq0,ky66h87,1712326181.0,">  I often find it weird that the focus is solely on women's products. Diapers, toilet paper, soap, toothbrushes, bandages and many other necessary sanitary products aren't sales tax exempt in almost all US states.\n\nThis is a valid point, and you are right that menstrual products are taxed not because it's a women's product, but because it's a sanitary products like those you have listed, so !delta. However, I do think that because it's an essential item that only women use, it's discriminatory in principle and should not be taxed. There is also a wider conversation of whether sanitary products should be taxed, but I'm uncertain how much that's going to cost so I'll reserve judgement on that.","{'created_utc': 1712326181.0, 'body_html': '<div class=""md""><blockquote>\n<p>I often find it weird that the focus is solely on women&#39;s products. Diapers, toilet paper, soap, toothbrushes, bandages and many other necessary sanitary products aren&#39;t sales tax exempt in almost all US states.</p>\n</blockquote>\n\n<p>This is a valid point, and you are right that menstrual products are taxed not because it&#39;s a women&#39;s product, but because it&#39;s a sanitary products like those you have listed, so !delta. However, I do think that because it&#39;s an essential item that only women use, it&#39;s discriminatory in principle and should not be taxed. There is also a wider conversation of whether sanitary products should be taxed, but I&#39;m uncertain how much that&#39;s going to cost so I&#39;ll reserve judgement on that.</p>\n</div>', 'edited': False, 'id': 'ky68n2s', 'is_submitter': False, 'link_id': 't3_1bwhsq0', 'parent_id': 't1_ky66h87', 'permalink': '/r/changemyview/comments/1bwhsq0/cmv_menstrual_hygiene_products_are_essential/ky68n2s/', 'replies': <praw.models.comment_forest.CommentForest object at 0x2dd912d90>, 'saved': False, 'score': -22, 'stickied': False, 'submission': Submission(id='1bwhsq0')}",3,">but menstrual hygiene products like pads and tampons are often not classed as that. \n\nWhile I mostly agree with the argument you are making. I often find it weird that the focus is solely on women's products. Diapers, toilet paper, soap, toothbrushes, bandages and many other necessary sanitary products aren't sales tax exempt in almost all US states. \n\nThere are only 2 US states that specifically exempt certain types of sanitary products from tax. \n\n>It's just another way to tax an essential item when this category of products are usually exempted from tax.\n\nThis really isn't true. Like I stated above, most sanitary products, which I agree are essential are taxed.\n\nMy main argument here is that you aren't correct that this is specific to women's products, and the whole umbrella of necessary sanitary products should be exempt from tax.","Generally speaking, essential goods like groceries, prescriptions and sometimes clothings are not subjected to sales tax, but menstrual hygiene products like pads and tampons are often not classed as that. In the US it's often classed as ""tangible individual products"", even though the use of pads and tampons are absolutely a necessity for women and girls. Just because the product is not used by men doesn't mean it's not essential. If there is an essential product that only men use that it should be tax exempted as well.\n\nAdditionally, federally assistance programs should be allowed to use their funds to purchase these products, because as it stands women cannot buy them with pre-tax dollars at all. It's just another way to tax an essential item when this category of products are usually exempted from tax.\n\nWill it going to be game-changer for women and girls? Probably not, but it only takes a simple administrative correction to fix this inequality.","CMV: Menstrual hygiene products are essential products and, like other essential products, should not be subjected to sales tax",True,
ky69orr,[deleted],1bwhsq0,ky67f6u,1712326557.0,"I think I'm referring to places where essentials are not taxed. If a jurisdiction taxes essentials, I think that belongs to a separate conversation because the impact on tax revenue is different. For the record, I don't think food should be taxed and the shortfall should be covered by higher taxes on other non-essential products.","{'created_utc': 1712326557.0, 'body_html': '<div class=""md""><p>I think I&#39;m referring to places where essentials are not taxed. If a jurisdiction taxes essentials, I think that belongs to a separate conversation because the impact on tax revenue is different. For the record, I don&#39;t think food should be taxed and the shortfall should be covered by higher taxes on other non-essential products.</p>\n</div>', 'edited': False, 'id': 'ky69orr', 'is_submitter': False, 'link_id': 't3_1bwhsq0', 'parent_id': 't1_ky67f6u', 'permalink': '/r/changemyview/comments/1bwhsq0/cmv_menstrual_hygiene_products_are_essential/ky69orr/', 'replies': <praw.models.comment_forest.CommentForest object at 0x2dd901c50>, 'saved': False, 'score': 1, 'stickied': False, 'submission': Submission(id='1bwhsq0')}",3,13 US states have food taxes. ,"Generally speaking, essential goods like groceries, prescriptions and sometimes clothings are not subjected to sales tax, but menstrual hygiene products like pads and tampons are often not classed as that. In the US it's often classed as ""tangible individual products"", even though the use of pads and tampons are absolutely a necessity for women and girls. Just because the product is not used by men doesn't mean it's not essential. If there is an essential product that only men use that it should be tax exempted as well.\n\nAdditionally, federally assistance programs should be allowed to use their funds to purchase these products, because as it stands women cannot buy them with pre-tax dollars at all. It's just another way to tax an essential item when this category of products are usually exempted from tax.\n\nWill it going to be game-changer for women and girls? Probably not, but it only takes a simple administrative correction to fix this inequality.","CMV: Menstrual hygiene products are essential products and, like other essential products, should not be subjected to sales tax",False,
lpq03c2,maybemorningstar69,1ft0zso,lpog6dv,1727735012.0,"Fair enough, I found the video kinda funny, but despite my enjoyment of the ""Hawk Tuah complex"", I'm not gonna go watch the podcast on any given day, here's a Δ.","{'created_utc': 1727735012.0, 'body_html': '<div class=""md""><p>Fair enough, I found the video kinda funny, but despite my enjoyment of the &quot;Hawk Tuah complex&quot;, I&#39;m not gonna go watch the podcast on any given day, here&#39;s a Δ.</p>\n</div>', 'edited': False, 'id': 'lpq03c2', 'is_submitter': True, 'link_id': 't3_1ft0zso', 'parent_id': 't1_lpog6dv', 'permalink': '/r/changemyview/comments/1ft0zso/cmv_i_unironically_love_hawk_tuah/lpq03c2/', 'replies': <praw.models.comment_forest.CommentForest object at 0x2bf7d4690>, 'saved': False, 'score': 6, 'stickied': False, 'submission': Submission(id='1ft0zso')}",3,"What you describe here is not liking it in a vacuum  - e.g. if you'd seen it without the context of the responses to it you'd not have loved it, or loved it as much.  You love what it's done.\n\nOne of the descriptions of ironic love is exactly this - the enjoyment of your superiority to the others who have opinions about a thing.  That seems exactly what you're doing here - your love is rooted in the affect on others, not on the thing itself.\n\nTL;DR:  You're loving it ironically.","I promise this isn't a troll post, and I'll be able to sum up my reasoning pretty quickly. So for those unaware, following the ""Hawk Tuah"" clip becoming famous online, the girl involved (Hailey Welch) started a podcast called Talk Tuah which is currently the third most popular podcast on Spotify. I love this.\n\nFirst off, props to Hailey Welch for capitalizing on a seemingly meaningless fifteen minutes of fame type thing, I thought the clip was kinda funny, but I would've forgotten about it instantly had it not become a podcast. For some reason she became famous and she's riding the wave, props. But that's not the main purpose of this post, or my love for Hawk Tuah.\n\nI love Hawk Tuah because its exposed a lot of people for being unnecessarily bitter, bitter towards the world very broadly speaking. I don't want to get too anecdotal, but the amount of people who get so mad about something this stupid gaining online fame is really hilarious, and forgetting Hawk Tuah for a second, there are so many people who just have a lot of hatred in their hearts for the 21st century world. They hate the existence of social media, they think that people enjoying random memes somehow equates to the complete degeneracy of Western society.\n\nTo be honest, I get some peoples' concerns about being addicted to social media, but any ""addiction"" that isn't chemical is a choice, people have free will and if they want to waste away their whole lives on Instagram, X, Tiktok, or god forbid Reddit (lol), they're free to do that. But there exists a happy medium between being chronically online and time travelling to before 1995, and I think that medium is the ideal world. I think that largely due to introduction of rapid global connectivity we live in what is by far the best part of human existence that has yet come to pass.\n\nI'm ranting, so I'll try and condense all that into a TL;DR, a random meme has quickly resulted in the creation of online fame, there's a lot of people that spend a lot of time utterly hating that fact, and I'm glad they're being exposed for what they are. We live in the best time in human history, the existence of memes to laugh at doesn't hinder humanity in any way.","CMV: I unironically love ""Hawk Tuah""",True,
lpp3mwo,maybemorningstar69,1ft0zso,lponzco,1727724348.0,It's better than Apple Music,"{'created_utc': 1727724348.0, 'body_html': '<div class=""md""><p>It&#39;s better than Apple Music</p>\n</div>', 'edited': False, 'id': 'lpp3mwo', 'is_submitter': True, 'link_id': 't3_1ft0zso', 'parent_id': 't1_lponzco', 'permalink': '/r/changemyview/comments/1ft0zso/cmv_i_unironically_love_hawk_tuah/lpp3mwo/', 'replies': <praw.models.comment_forest.CommentForest object at 0x2bf7d44d0>, 'saved': False, 'score': 3, 'stickied': False, 'submission': Submission(id='1ft0zso')}",3,Why does Spotify get so much clout?,"I promise this isn't a troll post, and I'll be able to sum up my reasoning pretty quickly. So for those unaware, following the ""Hawk Tuah"" clip becoming famous online, the girl involved (Hailey Welch) started a podcast called Talk Tuah which is currently the third most popular podcast on Spotify. I love this.\n\nFirst off, props to Hailey Welch for capitalizing on a seemingly meaningless fifteen minutes of fame type thing, I thought the clip was kinda funny, but I would've forgotten about it instantly had it not become a podcast. For some reason she became famous and she's riding the wave, props. But that's not the main purpose of this post, or my love for Hawk Tuah.\n\nI love Hawk Tuah because its exposed a lot of people for being unnecessarily bitter, bitter towards the world very broadly speaking. I don't want to get too anecdotal, but the amount of people who get so mad about something this stupid gaining online fame is really hilarious, and forgetting Hawk Tuah for a second, there are so many people who just have a lot of hatred in their hearts for the 21st century world. They hate the existence of social media, they think that people enjoying random memes somehow equates to the complete degeneracy of Western society.\n\nTo be honest, I get some peoples' concerns about being addicted to social media, but any ""addiction"" that isn't chemical is a choice, people have free will and if they want to waste away their whole lives on Instagram, X, Tiktok, or god forbid Reddit (lol), they're free to do that. But there exists a happy medium between being chronically online and time travelling to before 1995, and I think that medium is the ideal world. I think that largely due to introduction of rapid global connectivity we live in what is by far the best part of human existence that has yet come to pass.\n\nI'm ranting, so I'll try and condense all that into a TL;DR, a random meme has quickly resulted in the creation of online fame, there's a lot of people that spend a lot of time utterly hating that fact, and I'm glad they're being exposed for what they are. We live in the best time in human history, the existence of memes to laugh at doesn't hinder humanity in any way.","CMV: I unironically love ""Hawk Tuah""",False,
lmhne4x,Atticus104,1fdo64a,lmhjcjf,1725997895.0,"!delta.\n\nI think your example of white people being treated as the default consumer base of most products and industries is an example of a unique experience afforded to white people that's not feasible to continue for every race and ethnic group simultaneously.\n\nWhile I still think white privilege is not the most fitting term for a lot of phenomenon attributed to the term, including the examples I gave, I do agree it's an apt term here.","{'created_utc': 1725997895.0, 'body_html': '<div class=""md""><p>!delta.</p>\n\n<p>I think your example of white people being treated as the default consumer base of most products and industries is an example of a unique experience afforded to white people that&#39;s not feasible to continue for every race and ethnic group simultaneously.</p>\n\n<p>While I still think white privilege is not the most fitting term for a lot of phenomenon attributed to the term, including the examples I gave, I do agree it&#39;s an apt term here.</p>\n</div>', 'edited': 1725998664.0, 'id': 'lmhne4x', 'is_submitter': True, 'link_id': 't3_1fdo64a', 'parent_id': 't1_lmhjcjf', 'permalink': '/r/changemyview/comments/1fdo64a/cmv_white_privilege_would_be_better_discussed_if/lmhne4x/', 'replies': <praw.models.comment_forest.CommentForest object at 0x29f56f890>, 'saved': False, 'score': 26, 'stickied': False, 'submission': Submission(id='1fdo64a')}",3,"The issue for me with your suggestion is that 'white privilege' is applicable to a whole host of, well, privileges, that go a lot farther than just basic rights.\n\nFor example, white culture is the 'default' culture in many communities. If you go to the grocery store, you'll find ten aisles of 'white food' and maybe one 'ethnic aisle' with ingredients from a variety of different cultures. White language is the 'default' language in most communities. AAVE developed due to black communities being denied access to the same educational opportunities as whites over large swaths of our nation's history, but is now considered less educated or respected. In most areas, black people are a minority, which means they are surrounded by people who at baseline can be assumed to not understand their culture, and at worst may be actively hostile to it. Until very recently, if someone needed a Band-Aid to cover a cut, the 'flesh toned' option was clearly a beige color intended with white skin in mind. Crayons weren't intentionally to represent a wide variety of skin tones until 2020.\n\nThere are definitely some racial disparities that involve basic rights, but there are MANY that deal with comfort and ease of living that white people don't have to worry about or consider. \n\nI would argue that if we reduced the terminology to only acknowledge the actual rights that are denied or granted based on race, we run the risk of continuing to ignore all of the other non-life-or-death privileges that white people benefit from on a daily basis.","Before I start, want to make this clear I am not here to debate the existence of racial disparities. They exist and are a damaging element of our society.\n\nThis is a question about how they are framed. \n\nI don't believe ""white privilege"" is the most fitting title for the term to describes things like the ability to walk down a street without being seen as a criminal, to have access to safe utilities, or to apply for a job without fear that your name would bar you from consideration. I don't see these as privilege, rather I see that is those capabilities as things I believe everyone inherently deserve.\n\nA privilege, something like driving, is something that can be taken away, and I think framing it as such may to some sound like you are trying to take away these capabilities from white people, which I don't believe is the intent. \n\nRather, I think the goal is to remove these barriers of hindrances so that all people may be able to enjoy these capabilities, so I think the phenomenon would be better deacribed as ""black barriers"" or ""minority hinderences"". I am not fixed on the name but you get the gist.\n\nI think to change my mind you would have to convince me that the capabilities ascribed to white privilege are not something we want to expand access to all people as a basic expectation.","CMV: ""white privilege"" would be better discussed if the termed was named something else.",True,
lmhh0mf,Atticus104,1fdo64a,lmhd4zv,1725995906.0,"I have had similar conversations with my wife and other friends regarding running at night. \n\nI love night jogging, but I understand why they don't feel safe running at night. \n\nBut I do think like the ability to not be hassled by the police, women should be able to go about their day (or njght) without fear of being assaulted. \n\nSo I see ""male privilege"" the same was I do ""white privilege"", in that I believe it should be treated as something accessible to all. \n\n I see looking as these disparities as ""hinderences"" marks their existence as a failure of society that should be corrected. \n\nI can see the issue off operating the definitions off of an ""ideal"" society rather than society where it is now, but I lean toward thinking in terms of the intended outcome.","{'created_utc': 1725995906.0, 'body_html': '<div class=""md""><p>I have had similar conversations with my wife and other friends regarding running at night. </p>\n\n<p>I love night jogging, but I understand why they don&#39;t feel safe running at night. </p>\n\n<p>But I do think like the ability to not be hassled by the police, women should be able to go about their day (or njght) without fear of being assaulted. </p>\n\n<p>So I see &quot;male privilege&quot; the same was I do &quot;white privilege&quot;, in that I believe it should be treated as something accessible to all. </p>\n\n<p>I see looking as these disparities as &quot;hinderences&quot; marks their existence as a failure of society that should be corrected. </p>\n\n<p>I can see the issue off operating the definitions off of an &quot;ideal&quot; society rather than society where it is now, but I lean toward thinking in terms of the intended outcome.</p>\n</div>', 'edited': False, 'id': 'lmhh0mf', 'is_submitter': True, 'link_id': 't3_1fdo64a', 'parent_id': 't1_lmhd4zv', 'permalink': '/r/changemyview/comments/1fdo64a/cmv_white_privilege_would_be_better_discussed_if/lmhh0mf/', 'replies': <praw.models.comment_forest.CommentForest object at 0x2bad01f50>, 'saved': False, 'score': 30, 'stickied': False, 'submission': Submission(id='1fdo64a')}",3,"Got it, thanks for clarifying.\n\n> Rather, I think the goal is to remove these barriers of hindrances so that all people may be able to enjoy these capabilities, so I think the phenomenon would be better deacribed as ""black barriers"" or ""minority hinderences"". \n\nSo it seems to me that you're actually arguing two different things:\n\n1. That ""privilege"" isn't the right word for what white people have.\n\n2. That we should change the direction of our terminology entirely, and instead of having a word to describe what white people have, we should have a word to describe what minorities don't have.\n\nThe first point is not one I'm particularly interested in challenging.  If someone wanted to come up with a different word than ""privilege"", I might not really object.\n\nBut in respect to point 2, I do think it's valuable for us to have some terminology on both sides.\n\nWe can talk about minority obstacles, but we can also talk about the fact that white people take what they have for granted.  I think that's one of the purposes of the ""privilege"" conversation.\n\nI'll use myself as an example here.  \n\nA woman once called me out on my (in this case male, not white) privilege because I was talking about how I didn't understand why people were afraid of walking alone at night.  \n\nAnd in calling me out, she had two goals:\n\n1. Explain that women have additional obstacles that I don't have to think about as much as a man.\n\n2. Point out that my view was inherently centered on my own experience, and did not take into account the experiences of people with less ""privilege"".\n\nAnd that second point was a valid one to make.  It did help shift my perspective and teach me to ask questions about my own experiences.\n\nAnd I think that's part of the point of the privilege conversation.  It's two sides of the same coin, but I think it's valuable to have terminology for both.\n\n""Minorities have obstacles"" and ""majority members have _____"" both provide useful context.  \n\nWhat we fill in the blank with is a valid discussion, but I think it's good to have a word for it.  Right now, privilege rolls off the tongue better than ""rights-everyone-should-have-but-currently-doesn't"".","Before I start, want to make this clear I am not here to debate the existence of racial disparities. They exist and are a damaging element of our society.\n\nThis is a question about how they are framed. \n\nI don't believe ""white privilege"" is the most fitting title for the term to describes things like the ability to walk down a street without being seen as a criminal, to have access to safe utilities, or to apply for a job without fear that your name would bar you from consideration. I don't see these as privilege, rather I see that is those capabilities as things I believe everyone inherently deserve.\n\nA privilege, something like driving, is something that can be taken away, and I think framing it as such may to some sound like you are trying to take away these capabilities from white people, which I don't believe is the intent. \n\nRather, I think the goal is to remove these barriers of hindrances so that all people may be able to enjoy these capabilities, so I think the phenomenon would be better deacribed as ""black barriers"" or ""minority hinderences"". I am not fixed on the name but you get the gist.\n\nI think to change my mind you would have to convince me that the capabilities ascribed to white privilege are not something we want to expand access to all people as a basic expectation.","CMV: ""white privilege"" would be better discussed if the termed was named something else.",False,
lmdvutp,Cablepussy,1fd7kqr,lmdqq21,1725938421.0,"This didn't change my initial view per say but it did change/make me think about how social media affects this particular issue and how the internet allows us to see stuff like this more prevalently now, consequently it probably also means it's fairly blown out of proportion everything being equal; we won't truly know unless extensive research is done and it might just be a possible bias affecting my views.\n\n!delta","{'created_utc': 1725938421.0, 'body_html': '<div class=""md""><p>This didn&#39;t change my initial view per say but it did change/make me think about how social media affects this particular issue and how the internet allows us to see stuff like this more prevalently now, consequently it probably also means it&#39;s fairly blown out of proportion everything being equal; we won&#39;t truly know unless extensive research is done and it might just be a possible bias affecting my views.</p>\n\n<p>!delta</p>\n</div>', 'edited': False, 'id': 'lmdvutp', 'is_submitter': True, 'link_id': 't3_1fd7kqr', 'parent_id': 't1_lmdqq21', 'permalink': '/r/changemyview/comments/1fd7kqr/cmv_victims_of_the_chase_bank_money_glitch_are_a/lmdvutp/', 'replies': <praw.models.comment_forest.CommentForest object at 0x2a1262ed0>, 'saved': False, 'score': 82, 'stickied': False, 'submission': Submission(id='1fd7kqr')}",3,"It might not be the society is declining, but that society has always been at this level. Since the dawn of time, people have done stupid things. Since the dawn of time, people have tried to gain benefit in fraudulent ways.\n\nThe difference here is that it is public. Everyone got to see them committing fraud. It does not mean that society as sunken to a new low, but rather the low is more visible than it used to be. In the past, this type of stuff would still happen, but would go unnoticed to most people.\n\nI guarantee you that if someone from a couple hundred years ago left the door to a bank vault open and completely unguarded, many people would go in take money. Those who took money would probably try to argue that they thought an open bank vault was implied consent to go an take the money. The only difference is that they would not be able to post it on TikTok.","Preface:  Society has come to far, people who shouldn't have made it past childhood are now adults because they've managed to slip away from the consequences of nature.\n\nI don't know if it was the no child left behind policy or something else but how is it that you can reach the age where you can make a bank account, write and deposit a cheque but you're somehow so mentally handicapped that you don't understand you're committing fraud, let alone think you're somehow going to be able to take money from a bank and they aren't going to take it back.\n\nThen everything above put aside how can you have the gall to then go make videos about it like we're supposed to feel sorry when you generally should not have made it past childhood with that level of critical thinking.\n\nMy view, the victims of the chase bank money glitch are a sign of societal & intellectual decline either from schooling, parenting, genes, community, country, oppression, etc.\n\n**EDIT:**\n\nI'm going to think on this some more and while my view isn't completely changed (because that stuff doesn't happen over night) some people have done a good job giving me different and unique angles to look at this from.\n\nWhile I tend to think I'm fairly internet savvy and don't believe everything I see on the internet is real maybe this one just hit the right buttons and was affected by my bias.\n\nThanks for all the replies there were a lot I wanted to respond to and give delta's to but I couldn't justify it since my view wasn't necessarily changed at all even if it was a good reply.","cmv: ""Victims"" of the ""Chase Bank money glitch"" are a sign of societal decline",True,
lmdxp07,Cablepussy,1fd7kqr,lmdvfbi,1725939246.0,You know I had very similar feelings about that situation as I do with this one I'll have to think on it some more.\n\nThanks for bringing it up.,"{'created_utc': 1725939246.0, 'body_html': '<div class=""md""><p>You know I had very similar feelings about that situation as I do with this one I&#39;ll have to think on it some more.</p>\n\n<p>Thanks for bringing it up.</p>\n</div>', 'edited': False, 'id': 'lmdxp07', 'is_submitter': True, 'link_id': 't3_1fd7kqr', 'parent_id': 't1_lmdvfbi', 'permalink': '/r/changemyview/comments/1fd7kqr/cmv_victims_of_the_chase_bank_money_glitch_are_a/lmdxp07/', 'replies': <praw.models.comment_forest.CommentForest object at 0x2a12642d0>, 'saved': False, 'score': 7, 'stickied': False, 'submission': Submission(id='1fd7kqr')}",3,"How prevalent was this, though? A few years ago it was Tide Pods, which was actually a very rare occurrence. Until I see numbers, I've gotta assume this is super rare as well. A few morons isn't a sign of societal anything. There have always been morons and there always will be.","Preface:  Society has come to far, people who shouldn't have made it past childhood are now adults because they've managed to slip away from the consequences of nature.\n\nI don't know if it was the no child left behind policy or something else but how is it that you can reach the age where you can make a bank account, write and deposit a cheque but you're somehow so mentally handicapped that you don't understand you're committing fraud, let alone think you're somehow going to be able to take money from a bank and they aren't going to take it back.\n\nThen everything above put aside how can you have the gall to then go make videos about it like we're supposed to feel sorry when you generally should not have made it past childhood with that level of critical thinking.\n\nMy view, the victims of the chase bank money glitch are a sign of societal & intellectual decline either from schooling, parenting, genes, community, country, oppression, etc.\n\n**EDIT:**\n\nI'm going to think on this some more and while my view isn't completely changed (because that stuff doesn't happen over night) some people have done a good job giving me different and unique angles to look at this from.\n\nWhile I tend to think I'm fairly internet savvy and don't believe everything I see on the internet is real maybe this one just hit the right buttons and was affected by my bias.\n\nThanks for all the replies there were a lot I wanted to respond to and give delta's to but I couldn't justify it since my view wasn't necessarily changed at all even if it was a good reply.","cmv: ""Victims"" of the ""Chase Bank money glitch"" are a sign of societal decline",False,
kvcndf9,bartthetr0ll,1bhb4vo,kvcn2wz,1710716752.0,"!delta\nThis is also a valid point to look at, the resale price of old appliances doesn't reflect inflation adjusted market norms today.","{'created_utc': 1710716752.0, 'body_html': '<div class=""md""><p>!delta\nThis is also a valid point to look at, the resale price of old appliances doesn&#39;t reflect inflation adjusted market norms today.</p>\n</div>', 'edited': False, 'id': 'kvcndf9', 'is_submitter': True, 'link_id': 't3_1bhb4vo', 'parent_id': 't1_kvcn2wz', 'permalink': '/r/changemyview/comments/1bhb4vo/cmv_quality_has_taken_a_nosedive_in_favor_of/kvcndf9/', 'replies': <praw.models.comment_forest.CommentForest object at 0x31d33ac10>, 'saved': False, 'score': 5, 'stickied': False, 'submission': Submission(id='1bhb4vo')}",3,"A large part of this is consumer behaviour. When most people buy home appliances they buy the cheapest thing that meets their bare minimum standards. This has lead to manufacturers prioritizing lowering the prices of their products before any other consideration. \n\nI think the best way to illustrate this point is to look at the [inflation rate of home appliances](https://www.in2013dollars.com/Appliances/price-inflation)\n\nA Washing machine that cost $500 in 1997 would actually only cost $429 today, despite the fact that the value of the dollar basically doubled in that time period. So if you make washing machines and you haven't figured out how to half the cost of your machine one the past 25 years then your washing machines are going to have double the price tag of your competition.","It seems like the ratio of quality/effort/ money put into a product compared to its resale value has taken a nose dive in the last few decades. A pair of slippers that would last 3 or 4 years 2 years ago is lucky to make it a year today. The basic home upkeep tools I use were mostly made 50-75 years ago, because any new ones I buy would break in a year, but I inherited my grandpa's ~60 year old tool set 6 years ago and nothing has broken. Smartphones seem to lag up and freeze after software updates when they are only a few years old, but my first smartphone lasted for 7 years. I spent 2500 on a new fridge a few years ago only to have it fail, all while my 30 year old garage fridge keeps on trucking. It seems like things are built to fail these days, I understand the marketing and profit based motive for this, but it seems wasteful to build items to fail, and I don't understand why consumer just accept this?! I would rather spend 3X on something that will last 20 years than spending X on something that will last 3 years, this trend seems to permeate most consumer goods. Is there a reason outside of greed why this is good? It doesn't make sense to me, but it seems to be the new normal, so I'd love it if someone can elucidate me?","CMV: Quality has taken a nosedive in favor of quickly needing to repurchase an item, profit explains why, but why do consumers accept this",True,
kvcxkqw,bartthetr0ll,1bhb4vo,kvcpxiu,1710720826.0,"Fair point, I guess I have objects like tables and fridges sidelined into one class of goods, but things like attire into another. In order for the good to be repairable a baseline of quality does need to be there however. Inflation and the relatively higher base wages 60 years ago could factor in, in 2008 I had a 200 euro pair of shoes I bought from a mom and pop cobbler in Italy that lasted me nearly 800 miles of backpacking in Europe and then a few years of fairly regular wear back in the states, but the 240 dollar pair of shoes I bought a few years ago and have worn 2-3x a week is already crapping out.","{'created_utc': 1710720826.0, 'body_html': '<div class=""md""><p>Fair point, I guess I have objects like tables and fridges sidelined into one class of goods, but things like attire into another. In order for the good to be repairable a baseline of quality does need to be there however. Inflation and the relatively higher base wages 60 years ago could factor in, in 2008 I had a 200 euro pair of shoes I bought from a mom and pop cobbler in Italy that lasted me nearly 800 miles of backpacking in Europe and then a few years of fairly regular wear back in the states, but the 240 dollar pair of shoes I bought a few years ago and have worn 2-3x a week is already crapping out.</p>\n</div>', 'edited': False, 'id': 'kvcxkqw', 'is_submitter': True, 'link_id': 't3_1bhb4vo', 'parent_id': 't1_kvcpxiu', 'permalink': '/r/changemyview/comments/1bhb4vo/cmv_quality_has_taken_a_nosedive_in_favor_of/kvcxkqw/', 'replies': <praw.models.comment_forest.CommentForest object at 0x31d3443d0>, 'saved': False, 'score': 0, 'stickied': False, 'submission': Submission(id='1bhb4vo')}",3,"Are you willing to spend more money to *repair and maintain* an item after it’s been purchased, even if new features are rolled out? \n\nI have a $10 watch that I’ve basically paid $50 to maintain over the past 15 years as that’s what it’s cost for me to pay for battery replacements, gaskets, and the like. \n\nAt some point, it makes tons of sense for me to just pay $60 for a newer watch, but it’s not like the industry will breakdown while I’m on the watch sidelines. \n\nI also pay $50-$100 every few years to repair most of my pants/jeans; it adds to the cost of ownership but my style doesn’t get updated in the meantime.","It seems like the ratio of quality/effort/ money put into a product compared to its resale value has taken a nose dive in the last few decades. A pair of slippers that would last 3 or 4 years 2 years ago is lucky to make it a year today. The basic home upkeep tools I use were mostly made 50-75 years ago, because any new ones I buy would break in a year, but I inherited my grandpa's ~60 year old tool set 6 years ago and nothing has broken. Smartphones seem to lag up and freeze after software updates when they are only a few years old, but my first smartphone lasted for 7 years. I spent 2500 on a new fridge a few years ago only to have it fail, all while my 30 year old garage fridge keeps on trucking. It seems like things are built to fail these days, I understand the marketing and profit based motive for this, but it seems wasteful to build items to fail, and I don't understand why consumer just accept this?! I would rather spend 3X on something that will last 20 years than spending X on something that will last 3 years, this trend seems to permeate most consumer goods. Is there a reason outside of greed why this is good? It doesn't make sense to me, but it seems to be the new normal, so I'd love it if someone can elucidate me?","CMV: Quality has taken a nosedive in favor of quickly needing to repurchase an item, profit explains why, but why do consumers accept this",False,
l14zshp,GateGuardian165,1ccaldn,l1414fh,1714009384.0,"I'm torn apart on this. If I had a child, I would prefer him/her to pursue decentralized privacy-protecting alternatives to our current social media landscape. But on the other hand I would feel like a monster by restricting his/her freedoms. I still think that parents should be able to post their children on social media as long as it is with the kid's permission but I also agree with your point that Big Tech is not our friend and does not have our (or our children's) best interests in mind.\n\n(Weak) !delta","{'created_utc': 1714009384.0, 'body_html': '<div class=""md""><p>I&#39;m torn apart on this. If I had a child, I would prefer him/her to pursue decentralized privacy-protecting alternatives to our current social media landscape. But on the other hand I would feel like a monster by restricting his/her freedoms. I still think that parents should be able to post their children on social media as long as it is with the kid&#39;s permission but I also agree with your point that Big Tech is not our friend and does not have our (or our children&#39;s) best interests in mind.</p>\n\n<p>(Weak) !delta</p>\n</div>', 'edited': 1714012054.0, 'id': 'l14zshp', 'is_submitter': True, 'link_id': 't3_1ccaldn', 'parent_id': 't1_l1414fh', 'permalink': '/r/changemyview/comments/1ccaldn/cmv_parents_should_ask_their_children_for/l14zshp/', 'replies': <praw.models.comment_forest.CommentForest object at 0x31b6f1fd0>, 'saved': False, 'score': -1, 'stickied': False, 'submission': Submission(id='1ccaldn')}",3,"I’d like to change your view to an even harder position on the topic. \n\nParents should not post their children on social media, period. Maybe a group photo at a family function or something along those lines, not more than that. \n\nChildren do not have the context or life experience to give informed consent to being posted on social media. They don’t know what the risks and potential harms are. Even if they love being the center of attention, do we really think it’s healthy to enable them to feed that part of their brain with the supercharged dopamine rush of social media while it’s still forming? \n\nIt’s inherently exploitative to post your children on SM, even if they consent.","I don't want my life to be made public in front of hundreds of thousands of people *especially* if I am not the one in control. But if I was born in 2024 and my parents were TikTok influencers then I wouldn't have had the choice. I wouldn't publish detailed intricate stories of my friends or coworkers including their private information, likes and dislikes, and most embarrassing moments without their permission.\n\nAt the very least, it should be taboo to post pictures/videos of children until they are about 3-5 years old and can speak in full sentences (Ideally I think the age should be more like 7 because even if a 3 year old can speak, they are unlikely to understand the implications of the Internet and social media). Before that they cannot agree to whether they want their lives public on the Internet or not. Children are people not belongings and should be able to exercise their right to privacy until they are old enough to speak and have their own opinions.\n\nOne of my friends is a mother who is the parent of two young boys (13 and 11). But if you saw her social media profiles, you would think that she only had one son (the 11 year old). The 13 year old is an introvert who is *very* camera shy and doesn't like to be the center of attention. The 11 year old loves being on camera and making vlogs. I absolutely love how she waited until her boys could develop their own personalities and respected their individual choices instead of sharing everything from the get-go.",CMV: Parents should ask their children for permission before posting them on social media,True,
l158w4j,GateGuardian165,1ccaldn,l14hofh,1714013018.0,"Most of them don't think about it. They just see ""oh a cute baby"", send a like, and move on. But the cumulative impact on the kid could be significant depending on how exploitative the parents are.\n\nI admit I'm guilty of this myself. And realistically speaking, most of the kids will probably turn out fine. But even if 1 out of 10 end up having issues with their online fame then it's still something to consider.","{'created_utc': 1714013018.0, 'body_html': '<div class=""md""><p>Most of them don&#39;t think about it. They just see &quot;oh a cute baby&quot;, send a like, and move on. But the cumulative impact on the kid could be significant depending on how exploitative the parents are.</p>\n\n<p>I admit I&#39;m guilty of this myself. And realistically speaking, most of the kids will probably turn out fine. But even if 1 out of 10 end up having issues with their online fame then it&#39;s still something to consider.</p>\n</div>', 'edited': False, 'id': 'l158w4j', 'is_submitter': True, 'link_id': 't3_1ccaldn', 'parent_id': 't1_l14hofh', 'permalink': '/r/changemyview/comments/1ccaldn/cmv_parents_should_ask_their_children_for/l158w4j/', 'replies': <praw.models.comment_forest.CommentForest object at 0x31b6f32d0>, 'saved': False, 'score': 2, 'stickied': False, 'submission': Submission(id='1ccaldn')}",3,The amount of times I go on Twitter and see the amount of bookmarks photo's of children have make me think it should just be illegal to view children on the internet without a psychological evaluation.,"I don't want my life to be made public in front of hundreds of thousands of people *especially* if I am not the one in control. But if I was born in 2024 and my parents were TikTok influencers then I wouldn't have had the choice. I wouldn't publish detailed intricate stories of my friends or coworkers including their private information, likes and dislikes, and most embarrassing moments without their permission.\n\nAt the very least, it should be taboo to post pictures/videos of children until they are about 3-5 years old and can speak in full sentences (Ideally I think the age should be more like 7 because even if a 3 year old can speak, they are unlikely to understand the implications of the Internet and social media). Before that they cannot agree to whether they want their lives public on the Internet or not. Children are people not belongings and should be able to exercise their right to privacy until they are old enough to speak and have their own opinions.\n\nOne of my friends is a mother who is the parent of two young boys (13 and 11). But if you saw her social media profiles, you would think that she only had one son (the 11 year old). The 13 year old is an introvert who is *very* camera shy and doesn't like to be the center of attention. The 11 year old loves being on camera and making vlogs. I absolutely love how she waited until her boys could develop their own personalities and respected their individual choices instead of sharing everything from the get-go.",CMV: Parents should ask their children for permission before posting them on social media,False,
lt7ydpz,Scary-Ad-1345,1g9pgvq,lt7uix5,1729624835.0,Δ I get what you’re saying and I agree. It’s not productive to fight over who’s more oppressed & maybe it’s not okay to use basic examples of like 4 hours of work vs 8 hours doing the exact same job and I understand the dehumanizing aspect of SA. I would say though if your objective is to hurt someone you could have a disagreeable justification for that as well no? \n\n\nI would prefer not to expose myself too much here because this is a private account lol but I saw some things that affected me in a mental way which is not really permanent. The person I saw it happen to will deal with it for the rest of their life in a physical way. Like let’s just say they went blind. What happened to them was worse than what happened to me. My trauma is not comparable to their disability.\n\nEdit: I don’t think you’re the person who mentioned being able to justify certain things 😂 I’ll come back and reread this soon,"{'created_utc': 1729624835.0, 'body_html': '<div class=""md""><p>Δ I get what you’re saying and I agree. It’s not productive to fight over who’s more oppressed &amp; maybe it’s not okay to use basic examples of like 4 hours of work vs 8 hours doing the exact same job and I understand the dehumanizing aspect of SA. I would say though if your objective is to hurt someone you could have a disagreeable justification for that as well no? </p>\n\n<p>I would prefer not to expose myself too much here because this is a private account lol but I saw some things that affected me in a mental way which is not really permanent. The person I saw it happen to will deal with it for the rest of their life in a physical way. Like let’s just say they went blind. What happened to them was worse than what happened to me. My trauma is not comparable to their disability.</p>\n\n<p>Edit: I don’t think you’re the person who mentioned being able to justify certain things 😂 I’ll come back and reread this soon</p>\n</div>', 'edited': False, 'id': 'lt7ydpz', 'is_submitter': True, 'link_id': 't3_1g9pgvq', 'parent_id': 't1_lt7uix5', 'permalink': '/r/changemyview/comments/1g9pgvq/cmv_sa_is_constantly_regarded_as_the_absolute/lt7ydpz/', 'replies': <praw.models.comment_forest.CommentForest object at 0x2905bf490>, 'saved': False, 'score': -1, 'stickied': False, 'submission': Submission(id='1g9pgvq')}",3,"Well first off, you're not wrong that people can use different axes of privilege as means of shutting down conversations.  If you google ""white feminism"" or ""liberal feminism"" you'll see critiques of how feminism that is totally focused on the axis of oppression of women... ignores the intersectionality of race, economic privilege, and more.\n\nSo first off, you're coming from an alright place but just with a little more nuance needed.  It's not that we ""can't compare shit"" it's more that:\n\n1. Comparison isn't the right term.  It's not like people should be fighting over ""who is more oppressed.""  It's that in any scenario we should look at how multivariable the harm done to them is.  So don't compare, just look at all the facets.\n2. Even still, some individual acts show different disregard for the basic humanity of a person, even when that person does have relative privilege in many aspects in their life.  And that is the case, broadly, in sexual assault.\n\nSexual Assault is considered ""so bad"" because it's dehumanizing.  While crimes of violence are also awful, and can be dehumanizing (extremely so at times), sexual assault is inherently that.  And the fact that many people can so casually slip into that dehumanizing mindset of ""taking what they want"" is part of the trauma.  It's hard to trust people when you've seen that side of people.\n\nAnd that's because it's taking something that a person wants to do, something that is part of their personal agency to desire and do, and twisting it into something taken by force or coercion.  And the trauma of that can deny that person the ability to be the person they were, lacking trust or being triggered when people genuinely care about them try to be intimate.\n\nIt's a lasting harm.  When people get punched in the face, it sucks for sure, but at least (for most people) getting punched in the face is something you always want to avoid.  Not the case with being sexually assaulted and still having your sexuality afterwards.","Before you guys take my head off, I think it’s terrible thing and it should never happen to anybody. I’m not justifying it, I’m just confused about a few things. This is gonna have a couple of parts and really I just need it to be explained to me in a way that makes sense. There’s so many ways you could actually change my mindset by just basically disproving one of many contradictions I come across in this conversation. \n\nI’m a black man, I’m often told that comparing struggles is not actually productive and that’s why I should never say something is worse for me than someone else. This is most commonly an issue I come across with white women (specifically privileged white women).\n\nI grew up poor and I’ve witnessed extreme violence, face things like sexual assault and face discrimination on a regular basis. I think my life is harder than the life of a privileged white woman but if I’m not just flat out rejected the other thing is just “oh well don’t compare because it’s not productive.” Okay. You can’t compare jobs, a desk job or manual labor or whatever can’t be compared. They’re hard in different ways. Even if you work 12 hours someone who works from home also works hard don’t compare. Okay. \n\nWhen it comes to issues that a woman deals with, it’s perfectly acceptable to compare. They say “what I deal with is worse.” And that’s fine. This is especially true when we talk about like abortion rights or sexual assault. What I find extremely odd is that we are sure to specifically say like sexual problems that are dealt with by like adult women are worse than other things or we put it on the same level as trauma dealt with by a child. I realized something. I dealt with extremely traumatic experiences as a child including different forms of sexual assault and for me… the things that really stuck with me was the violence I experienced and witnessed. I also realized something. Experiencing these things as an adult, even at like 18 year old would’ve been much less traumatic. So why is it so common to hear “SA IS THE WORST THING THAT COULD HAPPEN TO SOMEONE (completely ignoring the male experience).” But then ignoring the fact that as an adult you at least have the emotional capabilities to deal with that better than things that could possibly be even much less traumatic experiences but they could be happening to a 12 year old. \n\nI’m not saying everyone is so delusional to think something terrible happening to a 23 year old is worse than something terrible (possibly even less terrible) happening to a 12 year old. But it’s something I come across a lot. \n\nBasically what I’m saying is you can prove me wrong but you could also just explain the stance of “we can’t compare shit” but then hypocrite turning around and comparing things when it’s convenient or really I think just explaining one part of this in a way that makes sense would really just make me understand this all \n\nEdit: \n\nTLDR: I’m not saying sexual assault isn’t terrible, but I find it contradictory that people reject “oppression Olympics” (comparing struggles) and then turn around and say things like “rape is worse than murder” or that certain traumas, like those faced by adult women, are automatically worse than other experiences. I’ve faced extreme violence, discrimination, and sexual assault, and for me, the violence I experienced as a child was much more traumatic than if it had happened to me as an adult. So why is it okay to make certain comparisons when convenient but not in other situations?\n\nPeople seem to be skimming? Or just not reading at all? Hopefully this helps explain what I’m trying to understand. \n\nSomeone suggested I add this\n\nI’m simply saying that women will openly say rape is worse than murder and that is a COMPARATIVE statement. That’s minimizing the experiences of families of murder victims no? So why isn’t that a controversial statement? Don’t tell me you’ve never heard someone say rape is worse than murder\n\n“I think this is an interesting question, and one that I didn't get from the CMV post. I would recommend adding it, as I think it makes your point clearer than several paragraphs of the CMV.”",CMV: SA is constantly regarded as the absolute worst thing that could happen to someone (an adult woman) and I disagree. ,True,
lt81f9r,Scary-Ad-1345,1g9pgvq,lt7znej,1729625770.0,"It’s not about me, I’m just saying like making the statement that something like that is worse than let’s say a child who was a victim of a school shooting whether the child was a witness someone who died or someone who was harmed is absolutely insane to me 😂 like it’s only bad if it’s something that happens primarily to adult women?","{'created_utc': 1729625770.0, 'body_html': '<div class=""md""><p>It’s not about me, I’m just saying like making the statement that something like that is worse than let’s say a child who was a victim of a school shooting whether the child was a witness someone who died or someone who was harmed is absolutely insane to me 😂 like it’s only bad if it’s something that happens primarily to adult women?</p>\n</div>', 'edited': False, 'id': 'lt81f9r', 'is_submitter': True, 'link_id': 't3_1g9pgvq', 'parent_id': 't1_lt7znej', 'permalink': '/r/changemyview/comments/1g9pgvq/cmv_sa_is_constantly_regarded_as_the_absolute/lt81f9r/', 'replies': <praw.models.comment_forest.CommentForest object at 0x2905bca10>, 'saved': False, 'score': 0, 'stickied': False, 'submission': Submission(id='1g9pgvq')}",3,"Your sob ""whoo me so hard life"" is not going to change my opinion.\n\nIt's kind of a disgusting option, definitely from a man.","Before you guys take my head off, I think it’s terrible thing and it should never happen to anybody. I’m not justifying it, I’m just confused about a few things. This is gonna have a couple of parts and really I just need it to be explained to me in a way that makes sense. There’s so many ways you could actually change my mindset by just basically disproving one of many contradictions I come across in this conversation. \n\nI’m a black man, I’m often told that comparing struggles is not actually productive and that’s why I should never say something is worse for me than someone else. This is most commonly an issue I come across with white women (specifically privileged white women).\n\nI grew up poor and I’ve witnessed extreme violence, face things like sexual assault and face discrimination on a regular basis. I think my life is harder than the life of a privileged white woman but if I’m not just flat out rejected the other thing is just “oh well don’t compare because it’s not productive.” Okay. You can’t compare jobs, a desk job or manual labor or whatever can’t be compared. They’re hard in different ways. Even if you work 12 hours someone who works from home also works hard don’t compare. Okay. \n\nWhen it comes to issues that a woman deals with, it’s perfectly acceptable to compare. They say “what I deal with is worse.” And that’s fine. This is especially true when we talk about like abortion rights or sexual assault. What I find extremely odd is that we are sure to specifically say like sexual problems that are dealt with by like adult women are worse than other things or we put it on the same level as trauma dealt with by a child. I realized something. I dealt with extremely traumatic experiences as a child including different forms of sexual assault and for me… the things that really stuck with me was the violence I experienced and witnessed. I also realized something. Experiencing these things as an adult, even at like 18 year old would’ve been much less traumatic. So why is it so common to hear “SA IS THE WORST THING THAT COULD HAPPEN TO SOMEONE (completely ignoring the male experience).” But then ignoring the fact that as an adult you at least have the emotional capabilities to deal with that better than things that could possibly be even much less traumatic experiences but they could be happening to a 12 year old. \n\nI’m not saying everyone is so delusional to think something terrible happening to a 23 year old is worse than something terrible (possibly even less terrible) happening to a 12 year old. But it’s something I come across a lot. \n\nBasically what I’m saying is you can prove me wrong but you could also just explain the stance of “we can’t compare shit” but then hypocrite turning around and comparing things when it’s convenient or really I think just explaining one part of this in a way that makes sense would really just make me understand this all \n\nEdit: \n\nTLDR: I’m not saying sexual assault isn’t terrible, but I find it contradictory that people reject “oppression Olympics” (comparing struggles) and then turn around and say things like “rape is worse than murder” or that certain traumas, like those faced by adult women, are automatically worse than other experiences. I’ve faced extreme violence, discrimination, and sexual assault, and for me, the violence I experienced as a child was much more traumatic than if it had happened to me as an adult. So why is it okay to make certain comparisons when convenient but not in other situations?\n\nPeople seem to be skimming? Or just not reading at all? Hopefully this helps explain what I’m trying to understand. \n\nSomeone suggested I add this\n\nI’m simply saying that women will openly say rape is worse than murder and that is a COMPARATIVE statement. That’s minimizing the experiences of families of murder victims no? So why isn’t that a controversial statement? Don’t tell me you’ve never heard someone say rape is worse than murder\n\n“I think this is an interesting question, and one that I didn't get from the CMV post. I would recommend adding it, as I think it makes your point clearer than several paragraphs of the CMV.”",CMV: SA is constantly regarded as the absolute worst thing that could happen to someone (an adult woman) and I disagree. ,False,
l1y211k,[deleted],1cgst6x,l1xzlzu,1714487900.0,"So what you're saying that conservatives do care about LGBT and women's rights, but just not in ways feminists or LGBT advocates care about? Fair enough! !delta","{'created_utc': 1714487900.0, 'body_html': '<div class=""md""><p>So what you&#39;re saying that conservatives do care about LGBT and women&#39;s rights, but just not in ways feminists or LGBT advocates care about? Fair enough! !delta</p>\n</div>', 'edited': False, 'id': 'l1y211k', 'is_submitter': False, 'link_id': 't3_1cgst6x', 'parent_id': 't1_l1xzlzu', 'permalink': '/r/changemyview/comments/1cgst6x/cmv_conservatives_generally_do_not_care_about/l1y211k/', 'replies': <praw.models.comment_forest.CommentForest object at 0x292ac6710>, 'saved': False, 'score': 2, 'stickied': False, 'submission': Submission(id='1cgst6x')}",3,"I have a lot of conservatives in my family, and in a lot of ways i am a conservative.  Its hard for any one person to speak for conservatives, but I'll try.\n\nThe abortion debate focuses on either the rights of the fetus (right to life) or the rights of the mother(right to bodily autonomy).  Its a conflicts between rights, with people disagreeing about which right is more important.  Some people believe that the fetus is not really human and does not deserve a right to live.  Some people believe that that the fetus is human and regular laws against murder should protect it.  And some people believe that the right to bodily autonomy is so important that it doesn't matter if the fetus has a right to life or not.  If you support women's suffrages, women's right to work, to free speech, to freedom of religion etc, but side with the fetus, then i don't think its fair to say you don't support women's rights.  You support almost all women's rights.  \n\nMy mom is anti-abortion conservative, but she cares about women's rights.  I know she does.  She just cares about unborn babies more.\n\nthere is a special kind of union that two people can engage in which produces children and creates a long term 2 parent household in which those children can be raised.   If you want to create some special laws for those kinds of unions, I'd be open to it.  That is a unique kind of situation and maybe some unique laws make sense.  For every other union (including childless heterosexual relationships) i don't think it makes any sense to have any special laws.  You should be able to name someone who can visit you in the hospital, inherit your stuff if you die, who has power of attorney if you are incapacitated etc.  You should be able to sign contracts with people and the state should enforce those contracts, and we might have a standard civilian union contract the same way we have standard NDA or other standard types of contracts.\n\nif you just take out the word marriage.  I think you'll find conservatives (and probably liberals) support some special treatment for parents, and equality for everyone else.  EXCEPT for religious beliefs.  I think most conservatives believe that their church should not be forced to perform same sex marriages, because that is is an issue of religious rights not LBGT rights.","A common talking point within conservatives, both European and American, is that minorities or specific groups treat women and LGBT folks horribly therefore they must not be let into the country or be politically isolated. But I find this talking point rather moot because it's not like they themselves care about LGBT or women's rights either. American conservatives are rolling back hard on abortion rights, the Italian government is notoriously anti-LGBT, with their recent move of removing lesbian mothers name from birth certificates, the German AFD openly opposes same-sex marriage, etc. The only context which I hear conservatives move to advance or protect LGBT and women's rights is when they can use that pretence to attack minority groups, be it non-white ethnicities or Muslims.",CMV: Conservatives generally do not care about LGBT or women's rights unless it can be used to smear other minorities,True,
l1xvfn2,[deleted],1cgst6x,l1xur9x,1714485523.0,>you're trying to convince someone of anything you have to appeal to their world view or specific consequences so in that vain they appeal to a potential harm of the groups advocating against whatever they want.\n\nDo you mind expanding on this a bit? What is the world view/consequences/potential harm you're talking about. I'm struggling to see how that's related to this post.,"{'created_utc': 1714485523.0, 'body_html': '<div class=""md""><blockquote>\n<p>you&#39;re trying to convince someone of anything you have to appeal to their world view or specific consequences so in that vain they appeal to a potential harm of the groups advocating against whatever they want.</p>\n</blockquote>\n\n<p>Do you mind expanding on this a bit? What is the world view/consequences/potential harm you&#39;re talking about. I&#39;m struggling to see how that&#39;s related to this post.</p>\n</div>', 'edited': False, 'id': 'l1xvfn2', 'is_submitter': False, 'link_id': 't3_1cgst6x', 'parent_id': 't1_l1xur9x', 'permalink': '/r/changemyview/comments/1cgst6x/cmv_conservatives_generally_do_not_care_about/l1xvfn2/', 'replies': <praw.models.comment_forest.CommentForest object at 0x292ac48d0>, 'saved': False, 'score': -2, 'stickied': False, 'submission': Submission(id='1cgst6x')}",3,"Everyone cares about the thing they want to get done, but when you're trying to convince someone of anything you have to appeal to their world view or specific consequences so in that vain they appeal to a potential harm of the groups advocating against whatever they want. \n\nSame thing with universal Healthcare, people try to appeal to reduction in cost to get conservatives to go along with it.\n\nIt's all rhetoric, start with the base assumption that principles usually come second to outcomes and you'll be right more often than not.","A common talking point within conservatives, both European and American, is that minorities or specific groups treat women and LGBT folks horribly therefore they must not be let into the country or be politically isolated. But I find this talking point rather moot because it's not like they themselves care about LGBT or women's rights either. American conservatives are rolling back hard on abortion rights, the Italian government is notoriously anti-LGBT, with their recent move of removing lesbian mothers name from birth certificates, the German AFD openly opposes same-sex marriage, etc. The only context which I hear conservatives move to advance or protect LGBT and women's rights is when they can use that pretence to attack minority groups, be it non-white ethnicities or Muslims.",CMV: Conservatives generally do not care about LGBT or women's rights unless it can be used to smear other minorities,False,
lrx4fg0,Livid_Lengthiness_69,1g3kn6o,lrx18ey,1728932394.0,"!delta for taking my idea and pushing it even further in my own mind. I would love to see a world where you simply had to prove you were capable of doing something in order to do it rather than waiting for the earth to revolve around the sun.\n\n>Given the prevalence of ebikes, there might be a far higher than expected passing rate, simply because at least some of them already know how to ride what's effectively a very small motorcycle.\n\nIt just recently became illegal in my state for anyone under 16 to ride an e-bike. A 15yo was hit by a car and died riding one and the law was passed shortly thereafter. This is the way it works for the youth over and over again. Some random tragedy befalls one of them and and then an entire state or nation of young people all lose the liberty to do something.\n\nIt is that which I push against so fiercely. It has led to a complete and total marginalization of young people.","{'created_utc': 1728932394.0, 'body_html': '<div class=""md""><p>!delta for taking my idea and pushing it even further in my own mind. I would love to see a world where you simply had to prove you were capable of doing something in order to do it rather than waiting for the earth to revolve around the sun.</p>\n\n<blockquote>\n<p>Given the prevalence of ebikes, there might be a far higher than expected passing rate, simply because at least some of them already know how to ride what&#39;s effectively a very small motorcycle.</p>\n</blockquote>\n\n<p>It just recently became illegal in my state for anyone under 16 to ride an e-bike. A 15yo was hit by a car and died riding one and the law was passed shortly thereafter. This is the way it works for the youth over and over again. Some random tragedy befalls one of them and and then an entire state or nation of young people all lose the liberty to do something.</p>\n\n<p>It is that which I push against so fiercely. It has led to a complete and total marginalization of young people.</p>\n</div>', 'edited': False, 'id': 'lrx4fg0', 'is_submitter': True, 'link_id': 't3_1g3kn6o', 'parent_id': 't1_lrx18ey', 'permalink': '/r/changemyview/comments/1g3kn6o/cmv_if_a_14yo_can_drive_in_south_dakota_a_14yo/lrx4fg0/', 'replies': <praw.models.comment_forest.CommentForest object at 0x2915c3090>, 'saved': False, 'score': 1, 'stickied': False, 'submission': Submission(id='1g3kn6o')}",3,"There is no reason to have an age restriction on drivers licenses, as all lowering that age would do is increase the failure rate of the test, and pass more younger drivers if they can actually manage it. Given the prevalence of ebikes, there might be a far higher than expected passing rate, simply because at least some of them already know how to ride what's effectively a very small motorcycle.","Take a look at [this.](https://www.parents.com/driving-age-by-state-8607683) It might surprise you. It certainly surprised me.\n\nA 14yo can get a restricted license to drive in South Dakota. Those restrictions are exactly the same as the ones on my license when I was 16 in California (restrictions on passengers and driving at night). In addition, there are also five states in which a minor can get a license at 15 (Idaho, Montana, New Mexico, North Dakota, South Carolina).\n\nI have driven all over this country. If a 14yo can drive in South Dakota, a 14yo can certainly drive in any of those states in which they can currently be licensed at 15 as well as Kansas, Nebraska, and basically everywhere that comes to mind other than San Francisco and New York City and perhaps some of our other larger metropolises. Of note however, is that once a person is licensed to drive in South Dakota, their license is valid anywhere in the country just like the rest of ours, so it would be perfectly legal for 14yos from South Dakota to roadtrip their asses straight into downtown Los Angeles if they felt like it.\n\nAlso of note is this:\n\n>South Dakota's annual snowfall varies by region, with the average ranging from 30 inches in the east to nearly 200 inches in the west. The Black Hills National Forest receives an average of 31 inches of snow annually, while some areas can receive up to 70 inches.\n\nI have driven *a lot*, but I have **never** driven in the snow. That means I would expect the average teenager in South Dakota to be better than I am at 38 at driving in snow or icy conditions. The point being as it basically always is with me that experience develops us, never our age. And South Dakota exists as a proof of concept that people are probably perfectly capable of driving in the vast majority of circumstances earlier than we currently perceive them to be.","CMV: If a 14yo can drive in South Dakota, a 14yo can drive in the vast majority of the US.",True,
lrwirkn,Livid_Lengthiness_69,1g3kn6o,lrwhfgp,1728925632.0,"Well you should probably alert South Dakota to that then, because as I said, once licensed, that teen can legally drive 696 during rush hour.\n\nAnd Michigan allows for learner's permits at 14, something only 9 states total allow. So even a 14yo resident of Michigan can drive 696 during rush hour with a guardian in the vehicle.","{'created_utc': 1728925632.0, 'body_html': '<div class=""md""><p>Well you should probably alert South Dakota to that then, because as I said, once licensed, that teen can legally drive 696 during rush hour.</p>\n\n<p>And Michigan allows for learner&#39;s permits at 14, something only 9 states total allow. So even a 14yo resident of Michigan can drive 696 during rush hour with a guardian in the vehicle.</p>\n</div>', 'edited': False, 'id': 'lrwirkn', 'is_submitter': True, 'link_id': 't3_1g3kn6o', 'parent_id': 't1_lrwhfgp', 'permalink': '/r/changemyview/comments/1g3kn6o/cmv_if_a_14yo_can_drive_in_south_dakota_a_14yo/lrwirkn/', 'replies': <praw.models.comment_forest.CommentForest object at 0x28c3326d0>, 'saved': False, 'score': -6, 'stickied': False, 'submission': Submission(id='1g3kn6o')}",3,"South Dakota doesn't even have a million people in the whole state. \n\nMetro Detroit has 4 million. \n\nIf you take that teen, and stick them on 696 during rush hour, they are going to get someone killed.","Take a look at [this.](https://www.parents.com/driving-age-by-state-8607683) It might surprise you. It certainly surprised me.\n\nA 14yo can get a restricted license to drive in South Dakota. Those restrictions are exactly the same as the ones on my license when I was 16 in California (restrictions on passengers and driving at night). In addition, there are also five states in which a minor can get a license at 15 (Idaho, Montana, New Mexico, North Dakota, South Carolina).\n\nI have driven all over this country. If a 14yo can drive in South Dakota, a 14yo can certainly drive in any of those states in which they can currently be licensed at 15 as well as Kansas, Nebraska, and basically everywhere that comes to mind other than San Francisco and New York City and perhaps some of our other larger metropolises. Of note however, is that once a person is licensed to drive in South Dakota, their license is valid anywhere in the country just like the rest of ours, so it would be perfectly legal for 14yos from South Dakota to roadtrip their asses straight into downtown Los Angeles if they felt like it.\n\nAlso of note is this:\n\n>South Dakota's annual snowfall varies by region, with the average ranging from 30 inches in the east to nearly 200 inches in the west. The Black Hills National Forest receives an average of 31 inches of snow annually, while some areas can receive up to 70 inches.\n\nI have driven *a lot*, but I have **never** driven in the snow. That means I would expect the average teenager in South Dakota to be better than I am at 38 at driving in snow or icy conditions. The point being as it basically always is with me that experience develops us, never our age. And South Dakota exists as a proof of concept that people are probably perfectly capable of driving in the vast majority of circumstances earlier than we currently perceive them to be.","CMV: If a 14yo can drive in South Dakota, a 14yo can drive in the vast majority of the US.",False,
llcmcew,Sznappy,1f84zne,llckixh,1725390382.0,**Δ**\n\nThis is actually a good argument. I wonder about the implementation given a couple months before the election in this case but this makes sense to me.,"{'created_utc': 1725390382.0, 'body_html': '<div class=""md""><p><strong>Δ</strong></p>\n\n<p>This is actually a good argument. I wonder about the implementation given a couple months before the election in this case but this makes sense to me.</p>\n</div>', 'edited': False, 'id': 'llcmcew', 'is_submitter': True, 'link_id': 't3_1f84zne', 'parent_id': 't1_llckixh', 'permalink': '/r/changemyview/comments/1f84zne/cmv_voter_id_laws_in_the_save_act_constitute_an/llcmcew/', 'replies': <praw.models.comment_forest.CommentForest object at 0x29cd2fed0>, 'saved': False, 'score': 11, 'stickied': False, 'submission': Submission(id='1f84zne')}",3,"Nowhere in the SAVE ACT does it necessitate that there be a fee in order to obtain a government issue ID. It would simply shift the standards to which identity verification would be held.\n\nStates would then be necessitated to provide free government issued ID that meets the requirements, else they would be in violation of the constitution for instituting a poll tax. If states have laws necessitating payment for IDs, they would have to change them or risk lawsuits. Its not this law that would be unconstitutional, it would be the current standing state laws.","SAVE Act Text: [https://www.congress.gov/bill/118th-congress/house-bill/8281/text](https://www.congress.gov/bill/118th-congress/house-bill/8281/text) \n\nThe text provides that in order to vote you must provide photo identification to vote. It does not offer a remedy for States to provide said ID to all US Citizens for free in an accessible manor.\n\nUnless that photo ID is provided free and accessible by the government it would constitute a poll tax and cause the law to become unconstitutional.\n\nSome text backing the illegality of poll taxes:\n\n**24th Amendment text regarding poll tax:**\n\nThe right of citizens of the United States to vote in any primary or other election for President or Vice President, for electors for President or Vice President, or for Senator or Representative in Congress, shall not be denied or abridged by the United States or any State by reason of failure to pay any poll tax or other tax.\n\n**1966 Harper v. Virginia State Board of Elections:**\n\nThe Supreme Court reversed its decision in Breedlove v. Suttles to also include the imposition of poll taxes in state elections as violating the Equal Protection Clause of the 14th Amendment to the United States Constitution.\n\n",CMV: Voter ID Laws in the SAVE ACT Constitute an Illegal Poll Tax,True,
lld7mq2,Sznappy,1f84zne,lld70jz,1725397148.0,Well I will use Arkansas and Wisconsin for examples. Both states have strict photo ID laws but also allow you to get a free photo voter ID card. If its free and accessible I don't see the issue with it. I think there's middle ground between too strict and not strict at all.,"{'created_utc': 1725397148.0, 'body_html': '<div class=""md""><p>Well I will use Arkansas and Wisconsin for examples. Both states have strict photo ID laws but also allow you to get a free photo voter ID card. If its free and accessible I don&#39;t see the issue with it. I think there&#39;s middle ground between too strict and not strict at all.</p>\n</div>', 'edited': False, 'id': 'lld7mq2', 'is_submitter': True, 'link_id': 't3_1f84zne', 'parent_id': 't1_lld70jz', 'permalink': '/r/changemyview/comments/1f84zne/cmv_voter_id_laws_in_the_save_act_constitute_an/lld7mq2/', 'replies': <praw.models.comment_forest.CommentForest object at 0x29e953b50>, 'saved': False, 'score': 1, 'stickied': False, 'submission': Submission(id='1f84zne')}",3,"I think it's mostly a semantic argument. I see where you are coming from, and I oppose voter ID to vote, but I think it could go both ways.\n\nOn one hand, requiring people to pay for an id in order to vote does sound like a poll tax.\n\nOn the other hand, buying an id card isnt really a tax, it's just the government selling permissions to you. if there was a sales tax on driver's licenses, then I could see the argument being made that that tax was a poll tax, but maybe not the whole thing?\n\noverall, i really just wish we didnt hate immigrants as a country. I think there's enough for everyone if we use it wisely :)","SAVE Act Text: [https://www.congress.gov/bill/118th-congress/house-bill/8281/text](https://www.congress.gov/bill/118th-congress/house-bill/8281/text) \n\nThe text provides that in order to vote you must provide photo identification to vote. It does not offer a remedy for States to provide said ID to all US Citizens for free in an accessible manor.\n\nUnless that photo ID is provided free and accessible by the government it would constitute a poll tax and cause the law to become unconstitutional.\n\nSome text backing the illegality of poll taxes:\n\n**24th Amendment text regarding poll tax:**\n\nThe right of citizens of the United States to vote in any primary or other election for President or Vice President, for electors for President or Vice President, or for Senator or Representative in Congress, shall not be denied or abridged by the United States or any State by reason of failure to pay any poll tax or other tax.\n\n**1966 Harper v. Virginia State Board of Elections:**\n\nThe Supreme Court reversed its decision in Breedlove v. Suttles to also include the imposition of poll taxes in state elections as violating the Equal Protection Clause of the 14th Amendment to the United States Constitution.\n\n",CMV: Voter ID Laws in the SAVE ACT Constitute an Illegal Poll Tax,False,
lukam9t,Kimzhal,1gft1yf,luk9kjd,1730312645.0,"!delta\n\nYou do have a point about that, I agree, while in theory a state can be compared to the mob or some barbarian warlord, in practice it IS different and obviously there are situations more preferable than others to find yourself in.\n\nWe can always do better, even though things arent quite terrible now","{'created_utc': 1730312645.0, 'body_html': '<div class=""md""><p>!delta</p>\n\n<p>You do have a point about that, I agree, while in theory a state can be compared to the mob or some barbarian warlord, in practice it IS different and obviously there are situations more preferable than others to find yourself in.</p>\n\n<p>We can always do better, even though things arent quite terrible now</p>\n</div>', 'edited': False, 'id': 'lukam9t', 'is_submitter': True, 'link_id': 't3_1gft1yf', 'parent_id': 't1_luk9kjd', 'permalink': '/r/changemyview/comments/1gft1yf/cmv_the_world_runs_on_might_is_right_and_most/lukam9t/', 'replies': <praw.models.comment_forest.CommentForest object at 0x2b267c5d0>, 'saved': False, 'score': 1, 'stickied': False, 'submission': Submission(id='1gft1yf')}",3,"I think very much the same as you and agree with the majority of this. I don't think it's as pessimistic as you though so I'll attempt to change that part of your view.\n\nSo yes power through physical actions such as violence dictates control throughout our society. This is just a physical reality. However the structures we put in place are often to reduce and minimize violence. So although States exist through violence and the fear of violence. Violence is used as little as possible. Police are ready to enforce someone else's rules through violence but everything in society is built around lowering their need to do so. Social services are created to help people who would benefit most from being violent thereby taking away that motivation. Children are sent to school to learn how to be a successful member of the existing society. Places like courthouses are created for people to settle disputes through non violent methods. Crimes are punished by the state using minimal violence so that people aren't taking the law or moral law into their own hands and committing violent acts.\n\nSo yes society is built on the threat of violence, but violence is not being used constantly","The title is pretty unclear, so let me explain my view, I don't believe the world runs on a shadow government of macho men and most people are secretly really into it.\n\nTo preface:\n\nUnless you are some sort of pacifist, you most likely believe in the legitimate use of force, the use of which is appropriate in certain situations as dictated by your moral/religious/legal code. This force is used to enforce laws, protect people and so on.\n\nYou also very likely reside in a country, a state.\n\nSo my position is this:\n\nThe most important factor in the existence of a state is the monopoly on violence. For a state to exist it must have undisputed control over the legitimate use of force in its territory. A country which doesn't have this does in practice does not exist or exists under a sort of occupation. Regardless of the system of government or any other secondary factor, a state is charged with using the violence at its disposal to enforce its laws.\n\nThe monopoly of violence is almost universally **obtained through the use of violence, most commonly by conquest or revolution**, and 100% of the time it is maintained by the use of violence. Every crime committed is in essence a small revolution, a miniature war that the state fights to maintain its control over the territory and to maintain enforcing its law.\n\nMost people, likely including you, believe that states have a right to exist in this manner and to enforce their laws. If you have a disagreement with someone, in order to decide who is right, you go to a court, to be judged under the law, and for the resolution of that conflict to be enforced by the state. The state provides and maintains all these elements through violence, and in essence to determine who is right, you are willing to leverage that violence if you are found to be correct under the state's law. \n\nBut the only reason the state has this law, and the right to enforce it is because its undisputably the strongest force in that area**, it is the MIGHTIEST, so it decides what is right**. At the moment of its formation, a state declares its constitution or whatever legal code it shall follow, on its own autocratic authority.  \n  \nDemocratic governments are no exception either, because all their laws and votes are a product of the state deciding that voting is the correct method of deciding rules as opposed to say a monarch choosing them. If you are a moral relativist, you must admit that democracy isn't *inherently* any more moral than monarchy or dictatorship, and it's in fact a matter of personal preference and subjective moral codes.\n\nSo to summarize. I believe that States exist through violence, and they use violence constantly. Their violence (or if you disagree with a specific state's application of violence, the IDEAL of state violence) is considered to be just by most people, this i believe the world in essence runs on Might is Right as an ideology, and the average person likes it like that.\n\nI understand this view is really cynical and abstract to the point most people don't care, this is how the world always was, but its still a belief that i hold, and i'd like to be challenged to perhaps give me a brighter view on the world\n\n  \n\n\n",CMV: The world runs on 'might is right' and most people support it,True,
lunhu7u,Kimzhal,1gft1yf,luluuuw,1730351767.0,">People should have the right to self determination\n\n>Democracy as a system of government is inherently more moral than a state where people have no say in how they are governed. \n\nSays...who? This isn't me denying the benefits of democracy or saying I personally have no preference, but the point is if you don't believe in objective morality, it's your word against someone else. Someone might prefer monarchy or theocracy to democratic rule, and if you people disagree, you are in conflict.","{'created_utc': 1730351767.0, 'body_html': '<div class=""md""><blockquote>\n<p>People should have the right to self determination</p>\n\n<p>Democracy as a system of government is inherently more moral than a state where people have no say in how they are governed.\xa0</p>\n</blockquote>\n\n<p>Says...who? This isn&#39;t me denying the benefits of democracy or saying I personally have no preference, but the point is if you don&#39;t believe in objective morality, it&#39;s your word against someone else. Someone might prefer monarchy or theocracy to democratic rule, and if you people disagree, you are in conflict.</p>\n</div>', 'edited': False, 'id': 'lunhu7u', 'is_submitter': True, 'link_id': 't3_1gft1yf', 'parent_id': 't1_luluuuw', 'permalink': '/r/changemyview/comments/1gft1yf/cmv_the_world_runs_on_might_is_right_and_most/lunhu7u/', 'replies': <praw.models.comment_forest.CommentForest object at 0x2b8b94f50>, 'saved': False, 'score': 1, 'stickied': False, 'submission': Submission(id='1gft1yf')}",3,"I strongly disagree with the idea that democracy isn’t inherently more moral than a monarchy or dictatorship. People should have the right to self determination. Even if that self determination is limited somewhat, a democracy is way closer to the ideal of self determination than autocracy. The people of a democracy make up the state, it’s not a separate entity. The people are deciding how the monopoly on violence is enforced. \n\nYou could have a benevolent monarchy or dictatorship, and a malignant democracy. The policies of the state might be more moral in the benevolent dictatorship, but the concentration of power in one person or a small group is still inherently immoral. Democracy as a system of government is inherently more moral than a state where people have no say in how they are governed. ","The title is pretty unclear, so let me explain my view, I don't believe the world runs on a shadow government of macho men and most people are secretly really into it.\n\nTo preface:\n\nUnless you are some sort of pacifist, you most likely believe in the legitimate use of force, the use of which is appropriate in certain situations as dictated by your moral/religious/legal code. This force is used to enforce laws, protect people and so on.\n\nYou also very likely reside in a country, a state.\n\nSo my position is this:\n\nThe most important factor in the existence of a state is the monopoly on violence. For a state to exist it must have undisputed control over the legitimate use of force in its territory. A country which doesn't have this does in practice does not exist or exists under a sort of occupation. Regardless of the system of government or any other secondary factor, a state is charged with using the violence at its disposal to enforce its laws.\n\nThe monopoly of violence is almost universally **obtained through the use of violence, most commonly by conquest or revolution**, and 100% of the time it is maintained by the use of violence. Every crime committed is in essence a small revolution, a miniature war that the state fights to maintain its control over the territory and to maintain enforcing its law.\n\nMost people, likely including you, believe that states have a right to exist in this manner and to enforce their laws. If you have a disagreement with someone, in order to decide who is right, you go to a court, to be judged under the law, and for the resolution of that conflict to be enforced by the state. The state provides and maintains all these elements through violence, and in essence to determine who is right, you are willing to leverage that violence if you are found to be correct under the state's law. \n\nBut the only reason the state has this law, and the right to enforce it is because its undisputably the strongest force in that area**, it is the MIGHTIEST, so it decides what is right**. At the moment of its formation, a state declares its constitution or whatever legal code it shall follow, on its own autocratic authority.  \n  \nDemocratic governments are no exception either, because all their laws and votes are a product of the state deciding that voting is the correct method of deciding rules as opposed to say a monarch choosing them. If you are a moral relativist, you must admit that democracy isn't *inherently* any more moral than monarchy or dictatorship, and it's in fact a matter of personal preference and subjective moral codes.\n\nSo to summarize. I believe that States exist through violence, and they use violence constantly. Their violence (or if you disagree with a specific state's application of violence, the IDEAL of state violence) is considered to be just by most people, this i believe the world in essence runs on Might is Right as an ideology, and the average person likes it like that.\n\nI understand this view is really cynical and abstract to the point most people don't care, this is how the world always was, but its still a belief that i hold, and i'd like to be challenged to perhaps give me a brighter view on the world\n\n  \n\n\n",CMV: The world runs on 'might is right' and most people support it,False,
kpaeh3t,DrearySalieri,1aktv60,kpabqw6,1707280576.0,"!delta  \n\nIn part I think that the demand for continuous worker surplus is driven a desire for more and more workers for economic growth.\n\nI do think the ideas of trying to continuously increase the working population and capitalism feed into each other.\n\nBut strictly speaking you are correct, the issue of welfare burdens is not strictly one imposed capitalism, so I think there is a reasonable argument that the problems are more disconnected than I presented above.","{'created_utc': 1707280576.0, 'body_html': '<div class=""md""><p>!delta  </p>\n\n<p>In part I think that the demand for continuous worker surplus is driven a desire for more and more workers for economic growth.</p>\n\n<p>I do think the ideas of trying to continuously increase the working population and capitalism feed into each other.</p>\n\n<p>But strictly speaking you are correct, the issue of welfare burdens is not strictly one imposed capitalism, so I think there is a reasonable argument that the problems are more disconnected than I presented above.</p>\n</div>', 'edited': False, 'id': 'kpaeh3t', 'is_submitter': True, 'link_id': 't3_1aktv60', 'parent_id': 't1_kpabqw6', 'permalink': '/r/changemyview/comments/1aktv60/cmv_discussions_about_the_reduction_of_birth_rate/kpaeh3t/', 'replies': <praw.models.comment_forest.CommentForest object at 0x31bee7850>, 'saved': False, 'score': 3, 'stickied': False, 'submission': Submission(id='1aktv60')}",3,"Sad to say, but this is why we import cheap labor (immigrants) to the US. \n\nYour criticism of capitalism in this context is utterly bizarre. Can you explain how the growing need to fund federal programs that subsidize the non-working population are a consequence of “unrestrained capitalism?”","So you are Japan or some other first world country whose birth rate is no longer increasing faster than your population is decreasing. This creates an inordinate burden on the young productive members of your society to produce enough and subsidize the larger retirement population of your country. Clearly we must fix this! We need to increase our population growth so that we are creating more workers than we’re losing! And we will presumably need to continue doing this for the foreseeable if we want to avoid this economic catastrophe. So clearly we need our population grow at greater and greater quantities until the end of time!\n\nBut wait a second, did our chain of logic to solving an economic problem LITERALLY just become we need an infinitely increasing population? That’s ridiculous there is no infinite earth.\n\nThis right here is almost a memetic representation of the problems with unrestrained capitalism: you can’t enforce the artificial restraints of infinite growth inherent to a capitalist system on the real finite and limited world. And the fact the economic demands of the current system are viewed as inelastic compared to having a population which never decreases or just maintains  in size demonstrates how ingrained it is. \n\nPeople might answer “sure we need to increase the population now but not forever. We can work on having a steady population size create a steady economic state in the future”. \n\nI would ask “why the hell would now not be the perfect time to work at a steady state?”.  If you are a first world country that is facing these types of issues you have a massive amount of resources being produced per capita due to technology. Society has never been in such a clear position of having so much surplus that it could clearly maintain a constant population in good conditions if it figured out how to distribute stuff. We are also naturally having populations decline. If you don’t try and solve this problem when your own population naturally starts to decrease when else are going to solve it? \n\nIt just seems like shunting the problem to the nebulous future like how we dealt with climate and environmental problems. \n\nObviously implementation of the transition to an economy which functions with a constant population will be difficult and I am personally not equipped for drafting a proposal for such robust changes to our economic framework. But if the alternative viewpoint leads to the unexamined suggestion of REQUIRING literally infinite future population growth to maintain a stable economy then perhaps we should acknowledge the inherent impossibility and absurdity of that.",CMV: Discussions about the reduction of birth rate as a problem which needs to be solved seems to tacitly accept infinite economic growth as an unchangeable societal standard,True,
kpafgol,DrearySalieri,1aktv60,kpad0n4,1707281064.0,Reasonable but we aren’t even working towards trying to figure out how maintain a constant population. \n\nI feel like the acknowledgment of the impossibility of infinite population growth then working towards trying to maintain a stable societal population is also something nobody is really doing.,"{'created_utc': 1707281064.0, 'body_html': '<div class=""md""><p>Reasonable but we aren’t even working towards trying to figure out how maintain a constant population. </p>\n\n<p>I feel like the acknowledgment of the impossibility of infinite population growth then working towards trying to maintain a stable societal population is also something nobody is really doing.</p>\n</div>', 'edited': False, 'id': 'kpafgol', 'is_submitter': True, 'link_id': 't3_1aktv60', 'parent_id': 't1_kpad0n4', 'permalink': '/r/changemyview/comments/1aktv60/cmv_discussions_about_the_reduction_of_birth_rate/kpafgol/', 'replies': <praw.models.comment_forest.CommentForest object at 0x31bee6a50>, 'saved': False, 'score': 3, 'stickied': False, 'submission': Submission(id='1aktv60')}",3,"A stable population is okay, a falling population is a serious issue. There won't be enough people to physically care for the elderly. You also risk a massive downward spiral, it wouldn't take long for the birth rate to become catastrophically low.","So you are Japan or some other first world country whose birth rate is no longer increasing faster than your population is decreasing. This creates an inordinate burden on the young productive members of your society to produce enough and subsidize the larger retirement population of your country. Clearly we must fix this! We need to increase our population growth so that we are creating more workers than we’re losing! And we will presumably need to continue doing this for the foreseeable if we want to avoid this economic catastrophe. So clearly we need our population grow at greater and greater quantities until the end of time!\n\nBut wait a second, did our chain of logic to solving an economic problem LITERALLY just become we need an infinitely increasing population? That’s ridiculous there is no infinite earth.\n\nThis right here is almost a memetic representation of the problems with unrestrained capitalism: you can’t enforce the artificial restraints of infinite growth inherent to a capitalist system on the real finite and limited world. And the fact the economic demands of the current system are viewed as inelastic compared to having a population which never decreases or just maintains  in size demonstrates how ingrained it is. \n\nPeople might answer “sure we need to increase the population now but not forever. We can work on having a steady population size create a steady economic state in the future”. \n\nI would ask “why the hell would now not be the perfect time to work at a steady state?”.  If you are a first world country that is facing these types of issues you have a massive amount of resources being produced per capita due to technology. Society has never been in such a clear position of having so much surplus that it could clearly maintain a constant population in good conditions if it figured out how to distribute stuff. We are also naturally having populations decline. If you don’t try and solve this problem when your own population naturally starts to decrease when else are going to solve it? \n\nIt just seems like shunting the problem to the nebulous future like how we dealt with climate and environmental problems. \n\nObviously implementation of the transition to an economy which functions with a constant population will be difficult and I am personally not equipped for drafting a proposal for such robust changes to our economic framework. But if the alternative viewpoint leads to the unexamined suggestion of REQUIRING literally infinite future population growth to maintain a stable economy then perhaps we should acknowledge the inherent impossibility and absurdity of that.",CMV: Discussions about the reduction of birth rate as a problem which needs to be solved seems to tacitly accept infinite economic growth as an unchangeable societal standard,False,
lmfqb1t,Swollwonder,1fdhiit,lmfo60e,1725975648.0,"You know what, actually I am going to give you a !delta based the groupings. \n\nI think people can be pro 2A but see a problem and realize maybe more regulation is needed even if it’s reasonable. You think being pro 2A doesn’t mean that and there is no reasonable amount. So with that stance we at least see that for some people it’s “I don’t care how many bodies are in the street, my right to a gun is more important than their right to life”. Which while disgusting is at least honest.","{'created_utc': 1725975648.0, 'body_html': '<div class=""md""><p>You know what, actually I am going to give you a !delta based the groupings. </p>\n\n<p>I think people can be pro 2A but see a problem and realize maybe more regulation is needed even if it’s reasonable. You think being pro 2A doesn’t mean that and there is no reasonable amount. So with that stance we at least see that for some people it’s “I don’t care how many bodies are in the street, my right to a gun is more important than their right to life”. Which while disgusting is at least honest.</p>\n</div>', 'edited': False, 'id': 'lmfqb1t', 'is_submitter': True, 'link_id': 't3_1fdhiit', 'parent_id': 't1_lmfo60e', 'permalink': '/r/changemyview/comments/1fdhiit/cmv_almost_no_current_main_stream_argument_from/lmfqb1t/', 'replies': <praw.models.comment_forest.CommentForest object at 0x29bca4850>, 'saved': False, 'score': -6, 'stickied': False, 'submission': Submission(id='1fdhiit')}",3,"I've never met a pro-2A person, myself included, who said they were for ""reasonable"" gun control.  The only reasonable reading of ""SHALL NOT BE INFRINGED"" is that there is no reasonable amount of control of any sort of weapon.","\n\nTo start with, I just want to point out that I myself own 7 guns. I wouldn’t consider myself anti 2 amendment (abbreviated 2A for this post). However, I do look at the events in the United States and think that our current system is not sufficient and that we need more gun control. \n\nMy problem comes from the fact that I would say most, or at least a vocal minority on the internet, of individuals that support the 2A don’t make good faith arguments. \n\nSome examples:\n\n**”Existing Gun laws just need to be enforced. Once they’re enforced we can talk about increasing gun control”**\n\nOne, how do we even define what enforced means here? If the existence of a law isn’t enough to say it’s being enforced then what’s the yardstick? Somehow every other law we pass in America doesn’t have this weird yardstick of enforcement and is given this benefit of the doubt but gun control isn’t. Not to mention several high profile shootings have been committed by guns that WERE legally purchased. \n\nAlso under this umbrella, the gun show loophole. Somehow existing laws are fine with doing background checks from a store but it’s somehow also fine to sell a gun to a totally random individual you know nothing about without a background check when you can go to an FFL and get it done for ~$40. I think this makes up a small percentage of crimes but still the fact that it exists bothers me and is insane.\n\nAs a bonus aside, go to pretty much every gun video on YouTube. You’ll see that almost a quarter of the comments is some variation of “abolish the ATF”. You know, the ones that do enforce these laws.\n\n**”Well you can’t stop people who legally purchase guns with the intent of committing a crime”** \n\nOf course, we’re not doing thought crime here. But waiting periods, also generally opposed by the 2A crowd, [have been shown to reduce shootings by around 17%](https://www.pnas.org/doi/full/10.1073/pnas.1619896114). So we could reduce shootings without restricting anyone’s actual gun access by just making them wait a couple of days to actually physically acquire the gun. [Sure enough in New Hampshire just now it was voted down](https://www.nhpr.org/nh-news/2024-02-15/nh-senate-republicans-block-guns-bills-including-red-flag-law-and-waiting-period)\n\n**”People have a right to defend themselves!”**\n\nThis is pretty much the argument I like most and even then the way the 2A crowd often twists it in a way that is just completely not acceptable or reasonable. \n\nFor example, [Texas state fair gun ban is being challenged by their district attorney](https://www.npr.org/2024/09/05/nx-s1-5099314/texas-republican-attorney-general-isnt-happy-about-the-gun-ban-at-the-state-fair). I cannot think if a worse place to have someone “defend themself” with a firearm. \n\nIn Texas, you do not have to pass any type of marksmen classes or be licensed to carry in any way due to constitutional carry. Now I don’t know about you but when I think of the average American I really don’t think judicial marksmanship. So when you combine that with the crowds at the Texas state fair and the fact that everyone would be searched and theoretically no one will be armed, it makes sense that guns shouldn’t be allowed. Yet here we are with the Texas attorney general trying to shoot down a very reasonable, very temporary, and very specific not even law but rule.\n\n**”Shootings aren’t even that big of a cause of death in the US•**\n\nCompared to what? Cancer? Passing gun control is a flick of a pen, not something we have to research yet we just refuse to do it. And out of all the unnatural causes of death [homicide is the fifth highest](https://www.cdc.gov/injury/wisqars/animated-leading-causes.html). \n\nIf even one person lost because they couldn’t defend themselves without their gun then it makes just as much sense to say even one is too many for someone who could have been prevented from getting a gun if gun laws were just a little bit tighter. \n\nThere’s plenty more arguments that fall into this type of issues but I don’t have time to go over them all and it’s time to start the day but the point stands that a lot of the popular talking points of pro 2A people are disingenuous when shown with their actual actions. They’re not actually interested in “reasonable gun control” despite their insistence to the contrary and are fine with the laws as is if not advocating for even less gun control.\n\nEdit: LOTS of replies, I’ll get to them when I can. Going to start with the most upvoted first and go from there.\n\nEdit 2: I would like to thank 99% of posters for over all confirming my view as I wrap up looking at this. What has changed is that I won’t consider myself or anyone who advocates for gun control pro 2A anymore and I will consider people who are pro 2A absolutely ok with the status quo if not actively trying to make worse the gun violence we face here in the United States because apparently “shall not be infringed” is beyond absolute to the point of being worship. An abhorrent position to have over the literal dead bodies of children but one that I’ll have to live with and fight at the ballot box. Sad day to realize the level of shit were in.",CMV: Almost no current main stream argument from 2nd Amendment people is done in good faith,True,
lmgj4w1,Swollwonder,1fdhiit,lmg0kvo,1725985176.0,Its the “causation does not equal correlation” followed literally immediately by “because New Hampshire has the most lax gun laws” for me. So I’m just gonna throw that right back at you and ignore this reply.,"{'created_utc': 1725985176.0, 'body_html': '<div class=""md""><p>Its the “causation does not equal correlation” followed literally immediately by “because New Hampshire has the most lax gun laws” for me. So I’m just gonna throw that right back at you and ignore this reply.</p>\n</div>', 'edited': False, 'id': 'lmgj4w1', 'is_submitter': True, 'link_id': 't3_1fdhiit', 'parent_id': 't1_lmg0kvo', 'permalink': '/r/changemyview/comments/1fdhiit/cmv_almost_no_current_main_stream_argument_from/lmgj4w1/', 'replies': <praw.models.comment_forest.CommentForest object at 0x29bca9090>, 'saved': False, 'score': -2, 'stickied': False, 'submission': Submission(id='1fdhiit')}",3,">My problem comes from the fact that I would say most, or at least a vocal minority on the internet, of individuals that support the 2A don’t make good faith arguments.\n\nIt's not just a guaranteed right, but it is assumed to be okay until someone can demonstrate that it is not. **The burden of evidence falls on the person making a claim, the affirmative-the alternative hypothesis, not the person denying your claim on grounds of being unsubstantiated.** As a society, we agree that all humans are born with inalienable rights, and coming together as a society, we agree that certain rights, beyond a shadow of a doubt, are evil and should not be practiced. You have not demonstrated that the unregulated purchase, possession, manufacture, or carrying of firearms is evil beyond a shadow of a doubt.\n\n>Also under this umbrella, the gun show loophole.\n\nThe gun show loophole does not exist; FFLs must complete 4473s regardless of where they are doing business. If your problem is with the concept of private sales, it is the shining example of ""yesterday's compromise is tomorrow's loophole"" and a shifting goalpost, the idea that a father can't give his son a handgun without involving a private business (a private business that may not exist or refuse to serve him) is ridiculous.\n\n> [have been shown to reduce shootings by around 17%](https://www.pnas.org/doi/full/10.1073/pnas.1619896114).\n\nCausation =/= Correlation. Non-uniform gun violence reduction between 1970-2014, when moving from a generally politically and racially controversial time to a time that is less so (especially when the states with gun control are some of the ones experiencing most of this conflict), is completely expected behavior.\n\n> [Sure enough in New Hampshire just now it was voted down](https://www.nhpr.org/nh-news/2024-02-15/nh-senate-republicans-block-guns-bills-including-red-flag-law-and-waiting-period)\n\nNew Hampshire has some of the lowest homicide rates in the country, despite some of the most lax gun control laws in the country. Its size and demographics make it a perfect comparison to its neighbors, demonstrating gun control does not reliably reduce homicide.\n\n> [Texas state fair gun ban is being challenged by their district attorney](https://www.npr.org/2024/09/05/nx-s1-5099314/texas-republican-attorney-general-isnt-happy-about-the-gun-ban-at-the-state-fair). \n\nThe state fair has allowed LTC holders to conceal carry since the inception of the CHL; the one shooting done was by a man with no LTC who snuck through the metal detectors. Showing their attempt to control unlicensed firearms entering the premises didn't work. The AG's suit is sensical, the fair is hosted on government property, it is unlawful to prohibit carry of firearms on government property, so the fair must allow the carry of firearms on all of it's grounds hosted on government property.\n\n> Passing gun control is a flick of a pen\n\nA flick of a pen and boots on the ground. An active attempt to not just disarm but remove the future generation's rights to arm. Another AWB will result in armed conflict, not some form of civil war II, but something like the troubles where we won't even realize the constant bombings and skirmishes were a conflict until after the fact\n\nYour entire statement is straw-manning. The vast majority of us do not trust our legislators nor the authority prescribed to enforce their words (and I hope you don't, either). I want to remain armed, I want my future children to remain armed, and you have yet to demonstrate a good reason beyond a shadow of a doubt that your gun control will eliminate any possible reason I'd need a firearm.","\n\nTo start with, I just want to point out that I myself own 7 guns. I wouldn’t consider myself anti 2 amendment (abbreviated 2A for this post). However, I do look at the events in the United States and think that our current system is not sufficient and that we need more gun control. \n\nMy problem comes from the fact that I would say most, or at least a vocal minority on the internet, of individuals that support the 2A don’t make good faith arguments. \n\nSome examples:\n\n**”Existing Gun laws just need to be enforced. Once they’re enforced we can talk about increasing gun control”**\n\nOne, how do we even define what enforced means here? If the existence of a law isn’t enough to say it’s being enforced then what’s the yardstick? Somehow every other law we pass in America doesn’t have this weird yardstick of enforcement and is given this benefit of the doubt but gun control isn’t. Not to mention several high profile shootings have been committed by guns that WERE legally purchased. \n\nAlso under this umbrella, the gun show loophole. Somehow existing laws are fine with doing background checks from a store but it’s somehow also fine to sell a gun to a totally random individual you know nothing about without a background check when you can go to an FFL and get it done for ~$40. I think this makes up a small percentage of crimes but still the fact that it exists bothers me and is insane.\n\nAs a bonus aside, go to pretty much every gun video on YouTube. You’ll see that almost a quarter of the comments is some variation of “abolish the ATF”. You know, the ones that do enforce these laws.\n\n**”Well you can’t stop people who legally purchase guns with the intent of committing a crime”** \n\nOf course, we’re not doing thought crime here. But waiting periods, also generally opposed by the 2A crowd, [have been shown to reduce shootings by around 17%](https://www.pnas.org/doi/full/10.1073/pnas.1619896114). So we could reduce shootings without restricting anyone’s actual gun access by just making them wait a couple of days to actually physically acquire the gun. [Sure enough in New Hampshire just now it was voted down](https://www.nhpr.org/nh-news/2024-02-15/nh-senate-republicans-block-guns-bills-including-red-flag-law-and-waiting-period)\n\n**”People have a right to defend themselves!”**\n\nThis is pretty much the argument I like most and even then the way the 2A crowd often twists it in a way that is just completely not acceptable or reasonable. \n\nFor example, [Texas state fair gun ban is being challenged by their district attorney](https://www.npr.org/2024/09/05/nx-s1-5099314/texas-republican-attorney-general-isnt-happy-about-the-gun-ban-at-the-state-fair). I cannot think if a worse place to have someone “defend themself” with a firearm. \n\nIn Texas, you do not have to pass any type of marksmen classes or be licensed to carry in any way due to constitutional carry. Now I don’t know about you but when I think of the average American I really don’t think judicial marksmanship. So when you combine that with the crowds at the Texas state fair and the fact that everyone would be searched and theoretically no one will be armed, it makes sense that guns shouldn’t be allowed. Yet here we are with the Texas attorney general trying to shoot down a very reasonable, very temporary, and very specific not even law but rule.\n\n**”Shootings aren’t even that big of a cause of death in the US•**\n\nCompared to what? Cancer? Passing gun control is a flick of a pen, not something we have to research yet we just refuse to do it. And out of all the unnatural causes of death [homicide is the fifth highest](https://www.cdc.gov/injury/wisqars/animated-leading-causes.html). \n\nIf even one person lost because they couldn’t defend themselves without their gun then it makes just as much sense to say even one is too many for someone who could have been prevented from getting a gun if gun laws were just a little bit tighter. \n\nThere’s plenty more arguments that fall into this type of issues but I don’t have time to go over them all and it’s time to start the day but the point stands that a lot of the popular talking points of pro 2A people are disingenuous when shown with their actual actions. They’re not actually interested in “reasonable gun control” despite their insistence to the contrary and are fine with the laws as is if not advocating for even less gun control.\n\nEdit: LOTS of replies, I’ll get to them when I can. Going to start with the most upvoted first and go from there.\n\nEdit 2: I would like to thank 99% of posters for over all confirming my view as I wrap up looking at this. What has changed is that I won’t consider myself or anyone who advocates for gun control pro 2A anymore and I will consider people who are pro 2A absolutely ok with the status quo if not actively trying to make worse the gun violence we face here in the United States because apparently “shall not be infringed” is beyond absolute to the point of being worship. An abhorrent position to have over the literal dead bodies of children but one that I’ll have to live with and fight at the ballot box. Sad day to realize the level of shit were in.",CMV: Almost no current main stream argument from 2nd Amendment people is done in good faith,False,
kk8058j,[deleted],1aeg6ke,kk7v57g,1706593571.0,"That is a fair point. It is true that Chinese rock bottom wages were the reason for the initial economic growth. Though with further growth Chinese wages have risen and birthed a robust middle class. This is the first step in the development of a truly capitalistic economy and I believe, as stated above, a dictator cannot rule over a free market unchallenged. Tianneman Square was spearheaded by the nascent Chinese middle class who demanded more liberal reforms. In any case, Ill give that to you  !delta","{'created_utc': 1706593571.0, 'body_html': '<div class=""md""><p>That is a fair point. It is true that Chinese rock bottom wages were the reason for the initial economic growth. Though with further growth Chinese wages have risen and birthed a robust middle class. This is the first step in the development of a truly capitalistic economy and I believe, as stated above, a dictator cannot rule over a free market unchallenged. Tianneman Square was spearheaded by the nascent Chinese middle class who demanded more liberal reforms. In any case, Ill give that to you  !delta</p>\n</div>', 'edited': 1706595351.0, 'id': 'kk8058j', 'is_submitter': False, 'link_id': 't3_1aeg6ke', 'parent_id': 't1_kk7v57g', 'permalink': '/r/changemyview/comments/1aeg6ke/cmv_the_problem_with_capitalism_isnt_with/kk8058j/', 'replies': <praw.models.comment_forest.CommentForest object at 0x2ffffd510>, 'saved': False, 'score': 22, 'stickied': False, 'submission': Submission(id='1aeg6ke')}",3,"China's success has been in large part because of a lack of regulations. Our attempts at stuff like high-speed rail have been done in by safety regulations, worker regulations, etc. So it ends up crazy expensive, while China throws bodies into the meatgrinder and doesn't care what happens as long as the job gets done. That's much closer to the unregulated business giant led America during the Industrial Revolution than anything else.","First off, I am all for regulation. I am no ancap who wants McMilitia's fighting it out with the Royal Burger Army in the streets. I am also (basically) left leaning, at least in the American sense. However I will say that this anti-capitalist mood I have observed in recent generations is downright dangerous to world prosperity. Capitalism, when controlled by robust regulations is the best economic system in human history hands down.  Ill outline my reasons down below:  \n1. A economically free society is a politically free society. A state that holds tight controls over the economic engines of the nation will grow its bureaucracy to do so, said state control will invariably, history has shown us, expand further than the economic sphere. Political rights will be curtailed, freedoms will be rolled back and the people will be oppressed. Look to the Soviet Union as proof of this. They used their total control of the economy and its processes to effect political atrocities, most notably the Holodomor when Stalin exported grain from famine-wracked Ukraine to starve as many of them to death as possible.  \n\n\n2. Firms in a *regulated* Capitalist economy will be rewarded for increased innovation and efficiency, thereby incentivizing both. This not only pushes technology forwards but invariably benefits the consumer. Again look at the Soviet Union and its '[Era of Stagnation](https://en.wikipedia.org/wiki/Era_of_Stagnation)', or [America during the late 1800s and 1900s](https://en.wikipedia.org/wiki/Gilded_Age) when the economy was dominated by monopolies or, for a more recent example, look at when [AT&T was broken up in the 1980s](https://en.wikipedia.org/wiki/Breakup_of_the_Bell_System). In the Communist nations total government control effectively suffocated innovation and economic growth, leading to the stagnation if the 1970s and 1980s and led to the collapse of the Soviet Union. China adapted by allowing limited Capitalism into their country and their economy took off, growing an [average of 9.5% a year](https://www.everycrsreport.com/reports/RL33534.html) through 2018. Other communist countries like Vietnam followed and began to prosper or didn't, like North Korea, and well, didn't. Though I will admit there are also other...extenuating circumstances pertaining to North Korea. Speaking of North Korea actually, South Korea is a perfect example of this as well. Their GDP was was behind North Korea's until the '[Miracle on the Han](https://en.wikipedia.org/wiki/Miracle_on_the_Han_River)'.\n\n&#x200B;\n\n3, There are no alternatives. This one is pretty simple. There is simply nothing better. Communism has failed, several times. Fascism has failed, several times. The world is dominated by free market economies for a reason. There is the famous Winston Churchill quote ""It has been said that democracy is the worst form of government except for all the others that have been tried"". I believe firmly that the same quote can be applied to Capitalism, well regulated.  \n","CMV: The problem with Capitalism isn't with Capitalism itself, but de-regulation",True,
kk9442t,[deleted],1aeg6ke,kk7v57g,1706620096.0,US regulation is what allows China to continually steal US manufacturing and do it for cheaper. \n\nWe can't control what other countries do but we can control what we do here. \n\nStep one should be reducing regulation to a reasonable level and imposing tariffs on Chinese goods to compensate for the difference.\n\nInstead we just allow these business practices to be put out of business by China.,"{'created_utc': 1706620096.0, 'body_html': '<div class=""md""><p>US regulation is what allows China to continually steal US manufacturing and do it for cheaper. </p>\n\n<p>We can&#39;t control what other countries do but we can control what we do here. </p>\n\n<p>Step one should be reducing regulation to a reasonable level and imposing tariffs on Chinese goods to compensate for the difference.</p>\n\n<p>Instead we just allow these business practices to be put out of business by China.</p>\n</div>', 'edited': False, 'id': 'kk9442t', 'is_submitter': False, 'link_id': 't3_1aeg6ke', 'parent_id': 't1_kk7v57g', 'permalink': '/r/changemyview/comments/1aeg6ke/cmv_the_problem_with_capitalism_isnt_with/kk9442t/', 'replies': <praw.models.comment_forest.CommentForest object at 0x2ffffe610>, 'saved': False, 'score': 1, 'stickied': False, 'submission': Submission(id='1aeg6ke')}",3,"China's success has been in large part because of a lack of regulations. Our attempts at stuff like high-speed rail have been done in by safety regulations, worker regulations, etc. So it ends up crazy expensive, while China throws bodies into the meatgrinder and doesn't care what happens as long as the job gets done. That's much closer to the unregulated business giant led America during the Industrial Revolution than anything else.","First off, I am all for regulation. I am no ancap who wants McMilitia's fighting it out with the Royal Burger Army in the streets. I am also (basically) left leaning, at least in the American sense. However I will say that this anti-capitalist mood I have observed in recent generations is downright dangerous to world prosperity. Capitalism, when controlled by robust regulations is the best economic system in human history hands down.  Ill outline my reasons down below:  \n1. A economically free society is a politically free society. A state that holds tight controls over the economic engines of the nation will grow its bureaucracy to do so, said state control will invariably, history has shown us, expand further than the economic sphere. Political rights will be curtailed, freedoms will be rolled back and the people will be oppressed. Look to the Soviet Union as proof of this. They used their total control of the economy and its processes to effect political atrocities, most notably the Holodomor when Stalin exported grain from famine-wracked Ukraine to starve as many of them to death as possible.  \n\n\n2. Firms in a *regulated* Capitalist economy will be rewarded for increased innovation and efficiency, thereby incentivizing both. This not only pushes technology forwards but invariably benefits the consumer. Again look at the Soviet Union and its '[Era of Stagnation](https://en.wikipedia.org/wiki/Era_of_Stagnation)', or [America during the late 1800s and 1900s](https://en.wikipedia.org/wiki/Gilded_Age) when the economy was dominated by monopolies or, for a more recent example, look at when [AT&T was broken up in the 1980s](https://en.wikipedia.org/wiki/Breakup_of_the_Bell_System). In the Communist nations total government control effectively suffocated innovation and economic growth, leading to the stagnation if the 1970s and 1980s and led to the collapse of the Soviet Union. China adapted by allowing limited Capitalism into their country and their economy took off, growing an [average of 9.5% a year](https://www.everycrsreport.com/reports/RL33534.html) through 2018. Other communist countries like Vietnam followed and began to prosper or didn't, like North Korea, and well, didn't. Though I will admit there are also other...extenuating circumstances pertaining to North Korea. Speaking of North Korea actually, South Korea is a perfect example of this as well. Their GDP was was behind North Korea's until the '[Miracle on the Han](https://en.wikipedia.org/wiki/Miracle_on_the_Han_River)'.\n\n&#x200B;\n\n3, There are no alternatives. This one is pretty simple. There is simply nothing better. Communism has failed, several times. Fascism has failed, several times. The world is dominated by free market economies for a reason. There is the famous Winston Churchill quote ""It has been said that democracy is the worst form of government except for all the others that have been tried"". I believe firmly that the same quote can be applied to Capitalism, well regulated.  \n","CMV: The problem with Capitalism isn't with Capitalism itself, but de-regulation",False,
lr0n2mq,lezbean17,1fzb4as,lr06q8o,1728430640.0,"!delta love this reply. I'd push back a little to your first point in saying that the transiting planets would have a little significance for some of those events you mentioned being ""more important"", so theoretically could have some overlap in causation you could put it. Agree that the amount of variables for this kind of study makes it hard to separate true correlation and causation when reality and the universe is vast and mysterious to us still.","{'created_utc': 1728430640.0, 'body_html': '<div class=""md""><p>!delta love this reply. I&#39;d push back a little to your first point in saying that the transiting planets would have a little significance for some of those events you mentioned being &quot;more important&quot;, so theoretically could have some overlap in causation you could put it. Agree that the amount of variables for this kind of study makes it hard to separate true correlation and causation when reality and the universe is vast and mysterious to us still.</p>\n</div>', 'edited': False, 'id': 'lr0n2mq', 'is_submitter': True, 'link_id': 't3_1fzb4as', 'parent_id': 't1_lr06q8o', 'permalink': '/r/changemyview/comments/1fzb4as/cmv_astrology_is_a_science_the_earths_positional/lr0n2mq/', 'replies': <praw.models.comment_forest.CommentForest object at 0x2bd40fc90>, 'saved': False, 'score': 1, 'stickied': False, 'submission': Submission(id='1fzb4as')}",3,"As a scientist if you want a pure scientific answer: Yes astrology influence your personality but:\n\nFirstly this is a very very very very very little influence according to most studies, in the sense that basically your neural network is not pure random so even if you have influence from the stars, your brain will still follow patterns influenced by things vastly more importants: childhood memories, traumas, choices, education...\n\nSecond, regardless of this importance it wont be possible, unless we are able to predict behavior looking at a brain to have real predictions on the topic. All we can do is look at data and notice if there is a correlation between your birth and your mind / the stars at each moment and the events happening... But this would not give any data about causality, so it could have been caused by an other element we did not took into account.\n\n**So theoretically yes, astrology could be a science, but you would need to be omniscient to understand it.**\n\nIf you want a precise exemple, let say you study influence of date of birth on size, maybe people with higher wages tend to have more child at a certain period of year so these child are better nourished and are taller so you would have correlation between astrological sign and size but only as a consequence of an other phenomena.","TLDR: Planets oscillate and the frequency/energy they put out travels through space to interact with us here on Earth - proving the concept of astrology and its root in recognizing the pattern of the stars and its influence on us based on our positions on Earth relative to nearby celestial bodies. To scientists here - is pattern recognition not science and how has modern science proven there is no influence from celestial objects on Earth?\n\n\n\nCore supporting article: [https://www.ucl.ac.uk/mssl/research/solar-system/space-plasma-physics/what-space-plasma](https://www.ucl.ac.uk/mssl/research/solar-system/space-plasma-physics/what-space-plasma)\n\n\n\nComing from the perspective of a data analyst/computer scientist - I'll start with my definition of science being: to establish an understanding of pattern recognition within a complex system. I feel the scientific method removes too much of the complexity from reality in an attempt to understand facts around isolated components and it loses the complexity of recognizing patterns of a larger system. For that reason I take issue with people who say only results returned based on the standards of the scientific method equal science.\n\n  \nTo add to the stigma I'm sure this post will receive, I also believe in inherent energetic properties that exist within different crystalline structures that transmit unique frequencies and vibrations (aka - I believe in crystal energy). Quartz oscillation technology has existed for more than 100 years, piezoelectricity was discovered in 1880. We have established as truth that certain solid materials have an electric charge and oscillate. If you dive an inch into quantum mechanics it's talking about wave-particle duality: inherent movement at the atomic level (aka vibration). Celestial bodies most certainly contain particles with vibration just like ours does. \n\n\n\nAdditionally, recently we have learned about the fourth state of matter: plasma - specifically space plasma. We know that the Earth's ionosphere is affected by the Sun. solar flares, and other cosmic rays. We know we need nutrients from the Sun for our bodies & brains to be healthy so that's an example of the direct influence of celestial energy on human health. The article linked at the top even mentions a plasma space current that connects the Earth's magnetic field to the interplanetary magnetic field.   \n\n\n""The Earth's magnetic field extends far into space, where it meets the interplanetary magnetic field, which is carried throughout the solar system by the solar wind, a gusty stream of plasma that flows through the solar system at typical speeds of 450km/s""\n\n  \nAstrology at its core is based on recognizing the pattern of the stars and how humans may behave/think/feel depending on whichever planet is in a certain part of the sky and if any other planets are making specific angles, adding energetic influences (vibration of a specific frequency) to the ionosphere in your location. Any type of beginning can be used for a birth chart, and any moment in time in any location can become a birth chart for something. The vibrations that existed in that moment of beginning is imprinted, and we continue to develop with these vibrational influences changing throughout time and adding uniqueness to every person's life and experience.\n\n\n\nWith all this knowledge and information on what exists in space and how we already know the Sun, Moon, and space shit interacts with shit on Earth... how does astrology not make sense to those who have studied these modern sciences in depth? Is it the memes and online influencer bullshit that is passed as guidance and assigns people personality based off their Sun sign? Is it the association between a specific planet and what some astrologers say it's supposed to represent that you don't agree with? Is it because predictions and interpretations are personally subjective so it can never be proven as truth so to you it can't be science?  \n\n\n  \nPersonally, I'm waiting for the day machine learning is fed astrological birth charts and predictions along with several historical perspectives to see whether the complexity can be worked out into something definable. Until then, my brain loves the patterns behind astrology interpretations and its connection to the elements so nobody will change my mind there. I'm curious if any scientists have anything to refute my claims and are saying that there is no chance of celestial oscillation/energetic transmission through space and that pattern recognition does not make astrology a science.",CMV: Astrology is a science & the Earth's positional relativity to the celestial bodies in our solar system affects the ionosphere,True,
lr0b417,lezbean17,1fzb4as,lr07jl4,1728425688.0,"I definitely never said anything of the sort about crystals... simply that they give out an energetic vibration that can influence our environment. I don't claim they heal anything, they can help channel thought and intention if anything. I'm not claiming anything specific about planet or zodiac sign meanings either, simply pointing out the practice of pattern recognition it's built on, which I argue is science. Yes humans have attached labels to things as a way to define and understand for millennia, modern science has refined that over time. Astrology is talking about influential, recurring patterns of the stars and its potential impact on lives in a way we have been able to comprehend and communicate it. I think most people today have a bad view of astrology because of more modern bias, but for thousands of years many people would agree it was an insightful and informative practice.","{'created_utc': 1728425688.0, 'body_html': '<div class=""md""><p>I definitely never said anything of the sort about crystals... simply that they give out an energetic vibration that can influence our environment. I don&#39;t claim they heal anything, they can help channel thought and intention if anything. I&#39;m not claiming anything specific about planet or zodiac sign meanings either, simply pointing out the practice of pattern recognition it&#39;s built on, which I argue is science. Yes humans have attached labels to things as a way to define and understand for millennia, modern science has refined that over time. Astrology is talking about influential, recurring patterns of the stars and its potential impact on lives in a way we have been able to comprehend and communicate it. I think most people today have a bad view of astrology because of more modern bias, but for thousands of years many people would agree it was an insightful and informative practice.</p>\n</div>', 'edited': False, 'id': 'lr0b417', 'is_submitter': True, 'link_id': 't3_1fzb4as', 'parent_id': 't1_lr07jl4', 'permalink': '/r/changemyview/comments/1fzb4as/cmv_astrology_is_a_science_the_earths_positional/lr0b417/', 'replies': <praw.models.comment_forest.CommentForest object at 0x2bd40d950>, 'saved': False, 'score': -6, 'stickied': False, 'submission': Submission(id='1fzb4as')}",3,"You are demonstrating some of the very fundamental and core issues with not just astrology but pseudoscience in general.  You can take something that is true,  that there can be ""space weather"" where for various reasons the ionosphere and such can have fluctuations, and then you take a huge not true and pseudo scientific leap to and it effects humans on a fundamental level.  Sunlight can give us positive effects and also fluctuations in the ionosphere can have zero effect, the non scientific part of your premise is linking with no evidence those true facts with what you believe through some form of intuition or superstition.  \n\n\n\nThis is the exact same as those psuedo science medical practitioners.  Is there an acid chain in coconut oil that inhibits colon cancer cells?  Yes.  That is true.  But then the psuedo science takes a massive leap from truth to intuitive non scientific thinking and you get articles and grifters saying that they cured their colon cancer with a spoonful of coconut butter a day.  You are doing the exact same thing, you take something that is true, piezoelectric effects exist, and then you take a massive non scientific leap to, crystals not only have cool energy effects, but that they can cure diseases or change your mood.  The second leap is where you go from science to psuedo science.","TLDR: Planets oscillate and the frequency/energy they put out travels through space to interact with us here on Earth - proving the concept of astrology and its root in recognizing the pattern of the stars and its influence on us based on our positions on Earth relative to nearby celestial bodies. To scientists here - is pattern recognition not science and how has modern science proven there is no influence from celestial objects on Earth?\n\n\n\nCore supporting article: [https://www.ucl.ac.uk/mssl/research/solar-system/space-plasma-physics/what-space-plasma](https://www.ucl.ac.uk/mssl/research/solar-system/space-plasma-physics/what-space-plasma)\n\n\n\nComing from the perspective of a data analyst/computer scientist - I'll start with my definition of science being: to establish an understanding of pattern recognition within a complex system. I feel the scientific method removes too much of the complexity from reality in an attempt to understand facts around isolated components and it loses the complexity of recognizing patterns of a larger system. For that reason I take issue with people who say only results returned based on the standards of the scientific method equal science.\n\n  \nTo add to the stigma I'm sure this post will receive, I also believe in inherent energetic properties that exist within different crystalline structures that transmit unique frequencies and vibrations (aka - I believe in crystal energy). Quartz oscillation technology has existed for more than 100 years, piezoelectricity was discovered in 1880. We have established as truth that certain solid materials have an electric charge and oscillate. If you dive an inch into quantum mechanics it's talking about wave-particle duality: inherent movement at the atomic level (aka vibration). Celestial bodies most certainly contain particles with vibration just like ours does. \n\n\n\nAdditionally, recently we have learned about the fourth state of matter: plasma - specifically space plasma. We know that the Earth's ionosphere is affected by the Sun. solar flares, and other cosmic rays. We know we need nutrients from the Sun for our bodies & brains to be healthy so that's an example of the direct influence of celestial energy on human health. The article linked at the top even mentions a plasma space current that connects the Earth's magnetic field to the interplanetary magnetic field.   \n\n\n""The Earth's magnetic field extends far into space, where it meets the interplanetary magnetic field, which is carried throughout the solar system by the solar wind, a gusty stream of plasma that flows through the solar system at typical speeds of 450km/s""\n\n  \nAstrology at its core is based on recognizing the pattern of the stars and how humans may behave/think/feel depending on whichever planet is in a certain part of the sky and if any other planets are making specific angles, adding energetic influences (vibration of a specific frequency) to the ionosphere in your location. Any type of beginning can be used for a birth chart, and any moment in time in any location can become a birth chart for something. The vibrations that existed in that moment of beginning is imprinted, and we continue to develop with these vibrational influences changing throughout time and adding uniqueness to every person's life and experience.\n\n\n\nWith all this knowledge and information on what exists in space and how we already know the Sun, Moon, and space shit interacts with shit on Earth... how does astrology not make sense to those who have studied these modern sciences in depth? Is it the memes and online influencer bullshit that is passed as guidance and assigns people personality based off their Sun sign? Is it the association between a specific planet and what some astrologers say it's supposed to represent that you don't agree with? Is it because predictions and interpretations are personally subjective so it can never be proven as truth so to you it can't be science?  \n\n\n  \nPersonally, I'm waiting for the day machine learning is fed astrological birth charts and predictions along with several historical perspectives to see whether the complexity can be worked out into something definable. Until then, my brain loves the patterns behind astrology interpretations and its connection to the elements so nobody will change my mind there. I'm curious if any scientists have anything to refute my claims and are saying that there is no chance of celestial oscillation/energetic transmission through space and that pattern recognition does not make astrology a science.",CMV: Astrology is a science & the Earth's positional relativity to the celestial bodies in our solar system affects the ionosphere,False,
lr4kdhu,periwinkle_magpie,1fzte4h,lr3oyak,1728496940.0,"Δ you are right that it is worth spending a large amount of time on the ethics of AI without it ever reaching ""general intelligence,"" but I am not convinced the effort spent on worrying whether AI, as a ""superior intelligence"" might just enslave us all","{'created_utc': 1728496940.0, 'body_html': '<div class=""md""><p>Δ you are right that it is worth spending a large amount of time on the ethics of AI without it ever reaching &quot;general intelligence,&quot; but I am not convinced the effort spent on worrying whether AI, as a &quot;superior intelligence&quot; might just enslave us all</p>\n</div>', 'edited': False, 'id': 'lr4kdhu', 'is_submitter': True, 'link_id': 't3_1fzte4h', 'parent_id': 't1_lr3oyak', 'permalink': '/r/changemyview/comments/1fzte4h/cmv_we_are_so_far_from_creating_actual_ai_that_it/lr4kdhu/', 'replies': <praw.models.comment_forest.CommentForest object at 0x28a691690>, 'saved': False, 'score': 3, 'stickied': False, 'submission': Submission(id='1fzte4h')}",3,"Large parts of the modern economy don't care about general intelligence - neither in AI, nor in you. Many jobs are rather simple and follow strict operational procedures - or the effect of human consciousness may be negligible in many cases.\n\nThese jobs will disappear, maybe not entirely, but in large numbers. Just like the jobs of shoemakers, furniture craftsmen, etc. are now largely replaced by industrialization. They remain only as niche jobs for people who enjoy human-made craftsmanship and who can pay for this.\n\nThis is the effect that technology has always had and will continue to have until only very complex jobs or jobs with interpersonal responsibility will remain.\n\nSelf-driving cars will put thousands of cab & bus drivers out of work. AI is already putting thousands of translators, copy editors, designers, and administrators out of work. Not all of them, sure, but fewer people are needed for the same amount of work.\n\nEvery new step in AI development will have a significant impact on the job market in ways that are hard to predict but will undoubtedly come. Now we have AIs working with texts and pictures, the next step will be integrating these AI systems into robot bodies in order to have them interact with the world. Then you will have robots that have no general intelligence, but who may be able to recognize its surroundings and follow your spoken word. The disruptions of the economy will most likely be intense and far-reaching.","A ""language model"" that can interpret my prescription refill request and fulfill it is not an individual. A chat prompt that you can sort of have a conversation with but breaks down into nonsequitur after a dozen messages is not an indiidual . An assistant that can understand my request to add an appointment to my calendar is not an individual. Nothing available today is close to sentience, and is fact so far from it that all the hooplah about AI taking over is interesting and valuable work but also not worth worrying about like it's going to happen in the next ten years and society is going to collapse.\n\nEdit: After reviewing all the comments to date, I have been convinced that AI is causing huge societal changes today and it is worth spending a lot of time and energy working through those problems and anticipating future problems.\n\nHowever, I still am unconvinced that a general intelligence is just around the corner, with the ethical implications including that to turn them off would be murder and that they, as superior, would enslave humanity, which is where a lot of the dialog/efforts are going today.",Cmv: We are so far from creating actual AI that it is only worth worrying about in an abstract way.,True,
lr3olzb,periwinkle_magpie,1fzte4h,lr3mk2b,1728486777.0,"Yes, that was already my position. I think it's interesting to talk about and this goes back pretty far because even I, Robot (1952) and Do Androids Dream of Electric Sheep discuss the ethics of AI. And I'm sure there's academic literature that old but that I'm not familiar with. But there are huge online communities, the noble laureate from this year, and some guy Yudkowski who has decided to spend his entire life trying to convince people never to make AI. It's a little much. All these people are acting like it's just around the corner and my point is that we are so far from the sentience that it's more fun to talk about than to be announcing the world's imminent doom.","{'created_utc': 1728486777.0, 'body_html': '<div class=""md""><p>Yes, that was already my position. I think it&#39;s interesting to talk about and this goes back pretty far because even I, Robot (1952) and Do Androids Dream of Electric Sheep discuss the ethics of AI. And I&#39;m sure there&#39;s academic literature that old but that I&#39;m not familiar with. But there are huge online communities, the noble laureate from this year, and some guy Yudkowski who has decided to spend his entire life trying to convince people never to make AI. It&#39;s a little much. All these people are acting like it&#39;s just around the corner and my point is that we are so far from the sentience that it&#39;s more fun to talk about than to be announcing the world&#39;s imminent doom.</p>\n</div>', 'edited': False, 'id': 'lr3olzb', 'is_submitter': True, 'link_id': 't3_1fzte4h', 'parent_id': 't1_lr3mk2b', 'permalink': '/r/changemyview/comments/1fzte4h/cmv_we_are_so_far_from_creating_actual_ai_that_it/lr3olzb/', 'replies': <praw.models.comment_forest.CommentForest object at 0x28a6912d0>, 'saved': False, 'score': 10, 'stickied': False, 'submission': Submission(id='1fzte4h')}",3,Historically when more advanced civilizations conflict with a less advanced civilization. The less advanced civilization suffers tremendous loss.\n\nThe main concern with AI regardless of whether its 50 or even 250 years away. Is what happens once it supersedes our intellectual capacity. We truly don't know. It's certainly worth considering all of this now while the technology is still in it's infancy. Especially considering how difficult it is to control what others are doing with it.,"A ""language model"" that can interpret my prescription refill request and fulfill it is not an individual. A chat prompt that you can sort of have a conversation with but breaks down into nonsequitur after a dozen messages is not an indiidual . An assistant that can understand my request to add an appointment to my calendar is not an individual. Nothing available today is close to sentience, and is fact so far from it that all the hooplah about AI taking over is interesting and valuable work but also not worth worrying about like it's going to happen in the next ten years and society is going to collapse.\n\nEdit: After reviewing all the comments to date, I have been convinced that AI is causing huge societal changes today and it is worth spending a lot of time and energy working through those problems and anticipating future problems.\n\nHowever, I still am unconvinced that a general intelligence is just around the corner, with the ethical implications including that to turn them off would be murder and that they, as superior, would enslave humanity, which is where a lot of the dialog/efforts are going today.",Cmv: We are so far from creating actual AI that it is only worth worrying about in an abstract way.,False,
l7dr3vw,CoolestDudeOne,1d9j5y4,l7dnrrf,1717686201.0,**Δ** This post made me realize that a small percentage can still represent a large number of people.,"{'created_utc': 1717686201.0, 'body_html': '<div class=""md""><p><strong>Δ</strong>\xa0This post made me realize that a small percentage can still represent a large number of people.</p>\n</div>', 'edited': False, 'id': 'l7dr3vw', 'is_submitter': True, 'link_id': 't3_1d9j5y4', 'parent_id': 't1_l7dnrrf', 'permalink': '/r/changemyview/comments/1d9j5y4/cmv_as_a_person_with_blood_type_ab_it_is/l7dr3vw/', 'replies': <praw.models.comment_forest.CommentForest object at 0x2b2220090>, 'saved': False, 'score': 134, 'stickied': False, 'submission': Submission(id='1d9j5y4')}",3,4% of approximately 333 million (assuming USA) is over 13 million people. Are not one of them worth 20 minutes? Using your blood for another AB+ person frees the other blood types to be used for other recipients. This could be major if supplies run thin like in an emergency or disaster type scenario.,"AB+ blood type is known as the universal receiver. This means that a person with AB+ blood can receive a transfusion of blood of any other blood type. However almost every other blood type cannot use AB+ blood. A+/-, B+/-, O+/-, and AB- cannot use AB+ blood. The only blood type that can receive AB+ blood is AB+. AB+ is also a rare blood type only accounting for less than 4% of the population in the US. \n\nSo since the people can use my blood can also use any other blood, and even if i were to donate less than 4% of the population could use it even if it was available to them, I believe it is pointless for me to donate blood.",CMV: As a person with blood type AB+ it is pointless for me to donate blood.,True,
l7dqcjl,CoolestDudeOne,1d9j5y4,l7dnrrf,1717685944.0,"This is a good point. It's easy to think of 4% as a very small number and ""rare"" but that is still a lot of people.","{'created_utc': 1717685944.0, 'body_html': '<div class=""md""><p>This is a good point. It&#39;s easy to think of 4% as a very small number and &quot;rare&quot; but that is still a lot of people.</p>\n</div>', 'edited': False, 'id': 'l7dqcjl', 'is_submitter': True, 'link_id': 't3_1d9j5y4', 'parent_id': 't1_l7dnrrf', 'permalink': '/r/changemyview/comments/1d9j5y4/cmv_as_a_person_with_blood_type_ab_it_is/l7dqcjl/', 'replies': <praw.models.comment_forest.CommentForest object at 0x2b2220590>, 'saved': False, 'score': 1054, 'stickied': False, 'submission': Submission(id='1d9j5y4')}",3,4% of approximately 333 million (assuming USA) is over 13 million people. Are not one of them worth 20 minutes? Using your blood for another AB+ person frees the other blood types to be used for other recipients. This could be major if supplies run thin like in an emergency or disaster type scenario.,"AB+ blood type is known as the universal receiver. This means that a person with AB+ blood can receive a transfusion of blood of any other blood type. However almost every other blood type cannot use AB+ blood. A+/-, B+/-, O+/-, and AB- cannot use AB+ blood. The only blood type that can receive AB+ blood is AB+. AB+ is also a rare blood type only accounting for less than 4% of the population in the US. \n\nSo since the people can use my blood can also use any other blood, and even if i were to donate less than 4% of the population could use it even if it was available to them, I believe it is pointless for me to donate blood.",CMV: As a person with blood type AB+ it is pointless for me to donate blood.,False,
lkfejio,Riddle-Maker,1f3ocxf,lkfdl31,1724892142.0,"I just don't want people quoting stats that aren't totally about the election, or making general observations of what they think will happen.\n\n  \n6/9 SCOTUS judges is a very good point though! I hope we don't end-up back where we were then! Δ","{'created_utc': 1724892142.0, 'body_html': '<div class=""md""><p>I just don&#39;t want people quoting stats that aren&#39;t totally about the election, or making general observations of what they think will happen.</p>\n\n<p>6/9 SCOTUS judges is a very good point though! I hope we don&#39;t end-up back where we were then! Δ</p>\n</div>', 'edited': False, 'id': 'lkfejio', 'is_submitter': True, 'link_id': 't3_1f3ocxf', 'parent_id': 't1_lkfdl31', 'permalink': '/r/changemyview/comments/1f3ocxf/cmv_harris_is_objectively_betteroff_than_trump_in/lkfejio/', 'replies': <praw.models.comment_forest.CommentForest object at 0x2ba872f10>, 'saved': False, 'score': 0, 'stickied': False, 'submission': Submission(id='1f3ocxf')}",3,"I'm not sure how to square your third requirement and your title. \n\n\nWouldn't the purpose of any possible objective fact be to use that fact to predict something about the election?? \n\n\nFor example, wouldn't facts about Trump's former cabinet be relevant only in predicting the impact of those endorsement on the election??\n\n\nHow about this as an objective fact - 6/9 SCOTUS judges lean right, and have shown they are willing to put their thumbs on the scale. Heaven forbid we get into another 2000/Florida situation, that doesn't benefit Harris. ","Overall, looking at the state of the race now, Harris is doing objectively better than Trump in many metrics. I am not saying that she has the race in the bag, but if you cut through all of the political messaging and pundit predictions, I think she’s in the better position,\n\nTo start off, I want to define what type of data I am not considering:\n\n1.      I don’t mean anything that is subjective (one candidate is weird, one candidate is not a good leader, etc.), because it isn’t quantifiable and as such isn’t a good indicator as to whether or not a candidate will get votes.\n\n2.      I don’t mean anything that is quantifiably true, but doesn’t directly have to do with the election (performance of the economy, number of border crossings). Those are subject to interpretation, and should in theory be reflected in other election-centric metrics.\n\n3.      I also don’t mean anything that is predicting the future (such-and-such group won’t come-out for a candidate, such-and-such development would change support). We can’t know any of that until it happens.\n\nI know that we aren’t going to know who wins until after election day. However, by every quantifiable, objective metric that I can think of, Harris is doing better than Trump in the 2024 Presidential Election. What I am seeing is:\n\n1.      Democrats in general have an advantage over Republicans when it comes to number of votes. There are more Democrats (48.5 million) than Republicans (36.1 million) registered, and the Democrats have won the popular vote in 7 out of the past 8 elections. Culturally, the country as a whole seems to lean Democrat in this regard.\n\n2.      Of the 7 states that are most in play currently (AZ, GA, MI, NC, NV, PA, WI), five of them have Senate races where the Democrat is consistently polling ahead of the Republican (AZ, MI, NV, PA, WI) (using FiveThirtyEight). While cross-party voting is definitely a thing, this seems to imply the Democratic messaging is doing well in those states.\n\n3.      Nikki Haley was still winning around 20% of the votes in many May primaries, despite dropping-out in March, showing the Republican party is not entirely behind Trump. This is especially harmful for Republicans per entry 1.\n\n4.      Around half of Trump’s cabinet refuses to endorse him, and a member of his administration spoke at the DNC along with other Republicans.\n\nAm I overlooking anything? I’ll admit I get most of my news from liberal sources, so I want to hear from the other side. Are there any objective, quantifiable metrics by which Trump is winning currently?\n\nNote: Most of my sources are Wikipedia, so if you have a better source definitely send it.",CMV: Harris is Objectively Better-Off than Trump in the Current State of the Race,True,
lkffwox,Riddle-Maker,1f3ocxf,lkfc6d9,1724892645.0,"My thinking about Point 1 ties into Point 3: Even the Republicans aren't totally on board. We can't say for certain, but that could be extrapolated to independents to a larger degree.","{'created_utc': 1724892645.0, 'body_html': '<div class=""md""><p>My thinking about Point 1 ties into Point 3: Even the Republicans aren&#39;t totally on board. We can&#39;t say for certain, but that could be extrapolated to independents to a larger degree.</p>\n</div>', 'edited': False, 'id': 'lkffwox', 'is_submitter': True, 'link_id': 't3_1f3ocxf', 'parent_id': 't1_lkfc6d9', 'permalink': '/r/changemyview/comments/1f3ocxf/cmv_harris_is_objectively_betteroff_than_trump_in/lkffwox/', 'replies': <praw.models.comment_forest.CommentForest object at 0x2ba87f5d0>, 'saved': False, 'score': 2, 'stickied': False, 'submission': Submission(id='1f3ocxf')}",3,Point 1 kinda gets invalidated because (if I remember correctly) there are more independents than Dems or Repubs\n\nAnd point 4 doesn't really matter it's not like most people vote over a cabinet pick\n\nBut broadly I do agree that she's pretty much already winning and she just has to not screw anything too big up,"Overall, looking at the state of the race now, Harris is doing objectively better than Trump in many metrics. I am not saying that she has the race in the bag, but if you cut through all of the political messaging and pundit predictions, I think she’s in the better position,\n\nTo start off, I want to define what type of data I am not considering:\n\n1.      I don’t mean anything that is subjective (one candidate is weird, one candidate is not a good leader, etc.), because it isn’t quantifiable and as such isn’t a good indicator as to whether or not a candidate will get votes.\n\n2.      I don’t mean anything that is quantifiably true, but doesn’t directly have to do with the election (performance of the economy, number of border crossings). Those are subject to interpretation, and should in theory be reflected in other election-centric metrics.\n\n3.      I also don’t mean anything that is predicting the future (such-and-such group won’t come-out for a candidate, such-and-such development would change support). We can’t know any of that until it happens.\n\nI know that we aren’t going to know who wins until after election day. However, by every quantifiable, objective metric that I can think of, Harris is doing better than Trump in the 2024 Presidential Election. What I am seeing is:\n\n1.      Democrats in general have an advantage over Republicans when it comes to number of votes. There are more Democrats (48.5 million) than Republicans (36.1 million) registered, and the Democrats have won the popular vote in 7 out of the past 8 elections. Culturally, the country as a whole seems to lean Democrat in this regard.\n\n2.      Of the 7 states that are most in play currently (AZ, GA, MI, NC, NV, PA, WI), five of them have Senate races where the Democrat is consistently polling ahead of the Republican (AZ, MI, NV, PA, WI) (using FiveThirtyEight). While cross-party voting is definitely a thing, this seems to imply the Democratic messaging is doing well in those states.\n\n3.      Nikki Haley was still winning around 20% of the votes in many May primaries, despite dropping-out in March, showing the Republican party is not entirely behind Trump. This is especially harmful for Republicans per entry 1.\n\n4.      Around half of Trump’s cabinet refuses to endorse him, and a member of his administration spoke at the DNC along with other Republicans.\n\nAm I overlooking anything? I’ll admit I get most of my news from liberal sources, so I want to hear from the other side. Are there any objective, quantifiable metrics by which Trump is winning currently?\n\nNote: Most of my sources are Wikipedia, so if you have a better source definitely send it.",CMV: Harris is Objectively Better-Off than Trump in the Current State of the Race,False,
limft2s,Evoxrus_XV,1eupm7j,limbbg6,1723929578.0,"!delta\n\nIf you really need the animal to live life in a practical sense then exceptions should be made to the rule that the post is proposing. Plus the pet is more likely to be higher trained compared to other pets of people who don’t necessarily need them to live. If you do have the choice of owning an animal simply because you want a cuddly pet to bond with, at least be able to control it physically if it ever attacks you or others.","{'created_utc': 1723929578.0, 'body_html': '<div class=""md""><p>!delta</p>\n\n<p>If you really need the animal to live life in a practical sense then exceptions should be made to the rule that the post is proposing. Plus the pet is more likely to be higher trained compared to other pets of people who don’t necessarily need them to live. If you do have the choice of owning an animal simply because you want a cuddly pet to bond with, at least be able to control it physically if it ever attacks you or others.</p>\n</div>', 'edited': False, 'id': 'limft2s', 'is_submitter': True, 'link_id': 't3_1eupm7j', 'parent_id': 't1_limbbg6', 'permalink': '/r/changemyview/comments/1eupm7j/cmv_you_should_be_required_to_be_capable_of/limft2s/', 'replies': <praw.models.comment_forest.CommentForest object at 0x2ae951390>, 'saved': False, 'score': 14, 'stickied': False, 'submission': Submission(id='1eupm7j')}",3,"Imma be honest—I’m disabled and don’t think I could defeat my service or therapy animals (a Great Pyrenees and a small cat, respectively) in unarmed combat. But they are considered medical necessities for me, and I can’t imagine life without them.\n\nIn fact, it’s considered so necessary for my health that my doctors are trying to get my health insurance to start paying for equine therapy (I used to train horses, but definitely couldn’t “defeat” a hotblood stallion in unarmed combat). It’s not so much about the fact that I can defend myself—it’s more that I understand and accept their nature, while also training them to meet my needs. I certainly don’t expect my cat to never scratch or bite, but I don’t wind her up or make her angry. I don’t expect a horse to never get nervous or angry, but I build a relationship with it to where it trusts me to override the instinct to throw me (and I’m pretty okay at keeping my seat). And while a big dog can turn on you at any time, I try to give mine plenty of exercise, (mental and physical) patience, rewards rather than punishment, and just listen to the signals it gives me.\n\nMost animals have very clear body language unlike people. I’ve never seen an animal attack in real life that wasn’t telegraphed well in advance. I want my cat to hiss, my dog to growl, my snakes to hiss, etc., because it tells me they have a need that isn’t being met, and I’m not going about it the right way.\n\nTl:dr disabled people need service animals and pets too","Okay hear me out. There are several cases where pets outright killed people or other pets because the owner could not defeat them. Sometimes the owner themselves are killed by their own pets because they could not take them down. \n\nAnd such attacks come unexpectedly, maybe when you are strolling in a park with your dog unarmed or watching tv with giant snake on your lap where they suddenly attack you for whatever reason. You would not be prepared nor have a weapon, so you should be able to defeat them in unarmed combat to prevent your life from being taken by them or others peoples lives.\n\nIf you can’t control or stop a pet from attacking your or other people that might cause them serious injuries or even death, you should not own them. Just own a Daschund or a rabbit instead, no way you are gonna lose to that.",CMV: You should be required to be capable of defeating your pet in unarmed combat if you want to able to own it.,True,
lilzkzj,Evoxrus_XV,1eupm7j,lily562,1723923826.0,I mean if the woman physically can’t defeat them or reasonably prevent them for killing her or others then maybe they shouldn’t? I am not being sexist but some animals you shouldn’t own if you can’t control them. If a weak skinny man can’t control a big dog or a person who has a muscle degeneracy disease then they should not own a dog who could kill them.\n\nTake this article for example of what happens when you can’t defeat your big dogs.\n\nhttps://people.com/crime/2-children-killed-pit-bull-attack-tennessee-mother-hospitalized/,"{'created_utc': 1723923826.0, 'body_html': '<div class=""md""><p>I mean if the woman physically can’t defeat them or reasonably prevent them for killing her or others then maybe they shouldn’t? I am not being sexist but some animals you shouldn’t own if you can’t control them. If a weak skinny man can’t control a big dog or a person who has a muscle degeneracy disease then they should not own a dog who could kill them.</p>\n\n<p>Take this article for example of what happens when you can’t defeat your big dogs.</p>\n\n<p><a href=""https://people.com/crime/2-children-killed-pit-bull-attack-tennessee-mother-hospitalized/"">https://people.com/crime/2-children-killed-pit-bull-attack-tennessee-mother-hospitalized/</a></p>\n</div>', 'edited': False, 'id': 'lilzkzj', 'is_submitter': True, 'link_id': 't3_1eupm7j', 'parent_id': 't1_lily562', 'permalink': '/r/changemyview/comments/1eupm7j/cmv_you_should_be_required_to_be_capable_of/lilzkzj/', 'replies': <praw.models.comment_forest.CommentForest object at 0x2ae951c10>, 'saved': False, 'score': 79, 'stickied': False, 'submission': Submission(id='1eupm7j')}",3,"I think this would basically just prevent many women from owning large dog breeds, which of course isn't a very practical thing to make policy.","Okay hear me out. There are several cases where pets outright killed people or other pets because the owner could not defeat them. Sometimes the owner themselves are killed by their own pets because they could not take them down. \n\nAnd such attacks come unexpectedly, maybe when you are strolling in a park with your dog unarmed or watching tv with giant snake on your lap where they suddenly attack you for whatever reason. You would not be prepared nor have a weapon, so you should be able to defeat them in unarmed combat to prevent your life from being taken by them or others peoples lives.\n\nIf you can’t control or stop a pet from attacking your or other people that might cause them serious injuries or even death, you should not own them. Just own a Daschund or a rabbit instead, no way you are gonna lose to that.",CMV: You should be required to be capable of defeating your pet in unarmed combat if you want to able to own it.,False,
lac967c,duskfinger67,1dou01z,lac7ywx,1719395252.0,"Assuming you are referring to the US, it is a republic, but it still relies on democracy. I am referring to democracy as a system of representation, aka voice of the people, and not the system of government. \n\nAnd I agree, things would be improved via such a law, but it is true that people would just as quickly work around them - but that is equally fixed via better written truth in news law, that applies to broadcasts to the public, rather than specifically people that call themselves the news. \n\nI suppose true truthfulness isn’t necessarily required either, you need unbiased opinions, but judging that is far more difficult. \n\nIn any case, have a !delta, as I suppose it is true that the issue with the people, but I do think that the system is as much at fault for enabling people not to be exposed to both sides.","{'created_utc': 1719395252.0, 'body_html': '<div class=""md""><p>Assuming you are referring to the US, it is a republic, but it still relies on democracy. I am referring to democracy as a system of representation, aka voice of the people, and not the system of government. </p>\n\n<p>And I agree, things would be improved via such a law, but it is true that people would just as quickly work around them - but that is equally fixed via better written truth in news law, that applies to broadcasts to the public, rather than specifically people that call themselves the news. </p>\n\n<p>I suppose true truthfulness isn’t necessarily required either, you need unbiased opinions, but judging that is far more difficult. </p>\n\n<p>In any case, have a !delta, as I suppose it is true that the issue with the people, but I do think that the system is as much at fault for enabling people not to be exposed to both sides.</p>\n</div>', 'edited': False, 'id': 'lac967c', 'is_submitter': True, 'link_id': 't3_1dou01z', 'parent_id': 't1_lac7ywx', 'permalink': '/r/changemyview/comments/1dou01z/cmv_democracy_cannot_exist_in_a_world_where_media/lac967c/', 'replies': <praw.models.comment_forest.CommentForest object at 0x2b8995750>, 'saved': False, 'score': 1, 'stickied': False, 'submission': Submission(id='1dou01z')}",3,For starts we don't live in a democracy. We live in a Republic. \n\nBut I digress. You fix most of the problems that you claim to have with a truth in news law. If a news outlet wants to call themselves news then they must be able to back their stories with fact. If they can't they can be sued. It would result in incredibly boring news because they would all report straight facts. And there would probably be dozens of shows that comprise what we call news today that are not considered news. But ultimately you are missing one thing.... It is on the individual to decided what they take as news and because it is the problem with a democracy is not the new bias but the people too lazy to find out more.,"In a true democracy, the populace must be informed and able to engage in free and fair debate. However, the current state of media ownership undermines this fundamental principle.\n\n1. **Concentration of Power**: When media is privately owned, it tends to become concentrated in the hands of a few large corporations or individuals. These owners have the power to shape public opinion by controlling what information is disseminated and how it is presented. This concentration of power can lead to biased reporting that serves the interests of the few rather than the many.\n2. **Profit Motives**: Private media companies operate on a for-profit basis. This means their primary goal is to generate revenue, often prioritising sensationalism and entertainment over in-depth, unbiased reporting. The pursuit of profit can lead to a focus on clickbait, divisive content, and the sidelining of important issues that do not attract immediate attention or advertising dollars.\n3. **Political Influence**: Media owners can use their platforms to advance their political agendas (or the agenda of their donors), subtly or overtly influencing public perception and electoral outcomes. This can result in a media landscape that is more of a propaganda tool than a source of unbiased information, skewing democratic processes.\n\nTo clarify, I am not arguing that the media should be state-controlled; I am just arguing that media ownership and the bias it produces fundamentally flaws our current democracy.",CMV: Democracy cannot exist in a world where media is privately owned,True,
lac6m61,duskfinger67,1dou01z,lac6cj8,1719393413.0,"I’m not suggesting an alternative, I am saying that democracy is flawed in the current system. \n\nThere might not be a better option, but in my opinion modern democracy cannot work with the media being privately owned.","{'created_utc': 1719393413.0, 'body_html': '<div class=""md""><p>I’m not suggesting an alternative, I am saying that democracy is flawed in the current system. </p>\n\n<p>There might not be a better option, but in my opinion modern democracy cannot work with the media being privately owned.</p>\n</div>', 'edited': False, 'id': 'lac6m61', 'is_submitter': True, 'link_id': 't3_1dou01z', 'parent_id': 't1_lac6cj8', 'permalink': '/r/changemyview/comments/1dou01z/cmv_democracy_cannot_exist_in_a_world_where_media/lac6m61/', 'replies': <praw.models.comment_forest.CommentForest object at 0x2b89f6390>, 'saved': False, 'score': -7, 'stickied': False, 'submission': Submission(id='1dou01z')}",3,">Concentration of Power\n\nWill this be better if media is government owned? \n\n>Profit Motives\n\nWhat are the motives for government owned media? What have they been in the past? \n\n>Political Influence\n\nAnd state owned? \n\n>To clarify, I am not arguing that the media should be state-controlled;\n\nThen what's the alternative to privately owned media?","In a true democracy, the populace must be informed and able to engage in free and fair debate. However, the current state of media ownership undermines this fundamental principle.\n\n1. **Concentration of Power**: When media is privately owned, it tends to become concentrated in the hands of a few large corporations or individuals. These owners have the power to shape public opinion by controlling what information is disseminated and how it is presented. This concentration of power can lead to biased reporting that serves the interests of the few rather than the many.\n2. **Profit Motives**: Private media companies operate on a for-profit basis. This means their primary goal is to generate revenue, often prioritising sensationalism and entertainment over in-depth, unbiased reporting. The pursuit of profit can lead to a focus on clickbait, divisive content, and the sidelining of important issues that do not attract immediate attention or advertising dollars.\n3. **Political Influence**: Media owners can use their platforms to advance their political agendas (or the agenda of their donors), subtly or overtly influencing public perception and electoral outcomes. This can result in a media landscape that is more of a propaganda tool than a source of unbiased information, skewing democratic processes.\n\nTo clarify, I am not arguing that the media should be state-controlled; I am just arguing that media ownership and the bias it produces fundamentally flaws our current democracy.",CMV: Democracy cannot exist in a world where media is privately owned,False,
l39xhcd,Grandemestizo,1cnw9u6,l39x2c0,1715259468.0,"The environment argument is a good one, and is enough for me to abandon this notion. Whatever can be learned isn’t worth destroying earth’s last true wilderness. !delta","{'created_utc': 1715259468.0, 'body_html': '<div class=""md""><p>The environment argument is a good one, and is enough for me to abandon this notion. Whatever can be learned isn’t worth destroying earth’s last true wilderness. !delta</p>\n</div>', 'edited': False, 'id': 'l39xhcd', 'is_submitter': True, 'link_id': 't3_1cnw9u6', 'parent_id': 't1_l39x2c0', 'permalink': '/r/changemyview/comments/1cnw9u6/cmv_before_attempting_large_scale_colonization_of/l39xhcd/', 'replies': <praw.models.comment_forest.CommentForest object at 0x29b61a910>, 'saved': False, 'score': 2, 'stickied': False, 'submission': Submission(id='1cnw9u6')}",3,"As other have mentioned We already have research stations there, though I would agree earth based experiments need to be done by anyone seriously talking about settlement in space. \n\nThat said there is a very good reason not to build large scale settlements on Antarctica, it would cause a lot of environmental damage to one of the most pristine environments or earth.","Edit: I have been convinced against this notion on environmental grounds. Such a colony would likely cause irreparable damage to the wilderness of Antarctica and that is not worth it.\n\n\nI think it’s self evident that any large scale colony on Mars will face great challenges. Inhospitable temperatures, an environment unsuitable for agriculture and horticulture, potentially dangerous storms, isolation, weak sunlight, God knows what else. There is a real risk of catastrophic disaster and evacuation would most likely be impossible.\n\nMany of the same challenges we might face on Mars also exist in Antarctica. Spacex, or anyone else with an ambition to create a large permanent colony on Mars, should start by creating a large permanent colony in the heart of Antarctica to develop the techniques and technologies necessary to survive long term in such a place without logistical support from outside. If their effort fails the colonists can be evacuated and the enterprise can be reevaluated.","CMV: Before attempting large scale colonization of Mars, we should practice with a large scale colony in Antarctica.",True,
l39wuem,Grandemestizo,1cnw9u6,l39vvly,1715259196.0,There’s a big difference between a station on the coast of Antarctica and a self sufficient permanent colony deep in the interior.,"{'created_utc': 1715259196.0, 'body_html': '<div class=""md""><p>There’s a big difference between a station on the coast of Antarctica and a self sufficient permanent colony deep in the interior.</p>\n</div>', 'edited': False, 'id': 'l39wuem', 'is_submitter': True, 'link_id': 't3_1cnw9u6', 'parent_id': 't1_l39vvly', 'permalink': '/r/changemyview/comments/1cnw9u6/cmv_before_attempting_large_scale_colonization_of/l39wuem/', 'replies': <praw.models.comment_forest.CommentForest object at 0x29b619190>, 'saved': False, 'score': -11, 'stickied': False, 'submission': Submission(id='1cnw9u6')}",3,"[We have multiple ""colonies"" on Antarctica now.](https://en.wikipedia.org/wiki/Research_stations_in_Antarctica#Permanent_active_stations)  McMurdo Station can host ~1200 people.\n\nLike...if we just did a test where we made McMurdo energy independent and got them to grow enough food for proof of concept, wouldn't that be more than sufficient?","Edit: I have been convinced against this notion on environmental grounds. Such a colony would likely cause irreparable damage to the wilderness of Antarctica and that is not worth it.\n\n\nI think it’s self evident that any large scale colony on Mars will face great challenges. Inhospitable temperatures, an environment unsuitable for agriculture and horticulture, potentially dangerous storms, isolation, weak sunlight, God knows what else. There is a real risk of catastrophic disaster and evacuation would most likely be impossible.\n\nMany of the same challenges we might face on Mars also exist in Antarctica. Spacex, or anyone else with an ambition to create a large permanent colony on Mars, should start by creating a large permanent colony in the heart of Antarctica to develop the techniques and technologies necessary to survive long term in such a place without logistical support from outside. If their effort fails the colonists can be evacuated and the enterprise can be reevaluated.","CMV: Before attempting large scale colonization of Mars, we should practice with a large scale colony in Antarctica.",False,
l61u54e,[deleted],1d1y22j,l61rue7,1716916763.0,>So from a risk reward standpoint I fully understand Isreal not doing what you suggest. \n\nI think you made a good point regarding extra info coming out that Israel's critics can use to paint them in a bad light IF Israel is exonerated. !delta,"{'created_utc': 1716916763.0, 'body_html': '<div class=""md""><blockquote>\n<p>So from a risk reward standpoint I fully understand Isreal not doing what you suggest. </p>\n</blockquote>\n\n<p>I think you made a good point regarding extra info coming out that Israel&#39;s critics can use to paint them in a bad light IF Israel is exonerated. !delta</p>\n</div>', 'edited': False, 'id': 'l61u54e', 'is_submitter': False, 'link_id': 't3_1d1y22j', 'parent_id': 't1_l61rue7', 'permalink': '/r/changemyview/comments/1d1y22j/cmv_if_israel_wishes_to_establish_international/l61u54e/', 'replies': <praw.models.comment_forest.CommentForest object at 0x2d7c07910>, 'saved': False, 'score': 2, 'stickied': False, 'submission': Submission(id='1d1y22j')}",3,"I think a big issue here is that even if the investigator Org is properly neutral + factual and Israel has indeed been mostly fair in prosecuting this war from a legal standpoint, what would likely happen is propagandists pulling the investigation out of its nuanced contexts, and using any extra information to further discredit Israel. \n\nBasically that investigation is gonna involve a lot of extra evidence, a lot of it not currently available to the public because it will come from Israel and the IDF. The reason for this is that in a proper investigation they will want to prove their innocence as best as they can, thus they will want to release this extra evidence. Problem being, which is a wider problem in the conflict and in media today, lots of outlets and pundits will run with extra pictures of bombed civilians (there can be legit and legal reasons for why something happens even if the outcome is bad), out of context quotes, small inmaterial transgressions, and add to their propaganda narrative that Israel is some 1940's Germany 2.0 state, currently in the process of holocausting the Gaza strip and westbank. \n\nThus even if Israel where innocent this might damage them a lot. So from a risk reward standpoint I fully understand Isreal not doing what you suggest. I would also myself say that Isreal has so far not really been rewarded for when it has gone above and beyond to be a good player in this war, thus it seems rather reasonable that they would stop putting in the effort if they are going to be portrayed as the bad guys either way.","Yesterday it was reported that an airstrike in Rafah has resulted in at least 45 deaths, many of which women and children. There are even pictures of charred and decapitated babies coming out. All the videos we saw are horrific. Bibi has already called it a [""tragic mistake""](https://wsvn.com/news/us-world/netanyahu-acknowledges-tragic-mistake-after-rafah-strike-kills-dozens-of-palestinians/) and the IDF will investigate the incident.\n\nThis is not the first time the IDF has had a high-profile incident that warrants investigation. Others include the killing of 7 WCK aid workers, the killing of the 3 Israeli hostages, and the Flour Massacre that killed more than 100 Palestinians. In the case of the 7 WCK aid workers, the investigation was reportedly [""hurried completed""](https://www.theguardian.com/world/2024/apr/05/israeli-inquiry-blames-wck-aid-killings-on-grave-errors-by-military-personnel) and was unlikely to be [transparent and honest](https://www.politico.com/news/2024/04/02/israeli-strike-on-jose-andres-aid-group-prompts-new-level-of-us-backlash-00150245). The killing of the 3 Israeli hostages did not result in anyone reprimanded or dismissed despite a clear violation of rule of engagement that heavily tanked IDF's reputation. On the Flour Massacre, Israel's version of event has been [doubted](https://edition.cnn.com/2024/04/09/middleeast/gaza-food-aid-convoy-deaths-eyewitness-intl-investigation-cmd/index.html) by CNN too.\n\nSuffice to say, it's unlikely that the IDF will investigate yesterday's incident or any other incident in a transparent, honest manner with proper accountability to those responsible. Without doing so, Israel's international credibility is rightfully tarnished and gives other institutions like the ICC ground to investigate Israeli officials. (Note that the ICC only investigate individuals when their home country's justice system is incapable of punishing war criminals.) It should get third parties that involve an international team of experts to investigate these incidents to clear its name or to hold those responsible accountable. It's what a democratic nation _should_ do.","CMV: If Israel wishes to establish international credibility, it should get third parties to investigate the major incidents that took place in Gaza.",True,
l5xh6mz,[deleted],1d1y22j,l5x11oh,1716840936.0,Are you serious? You’re just dumbing down the entire thing and saying it doesn’t matter obviously it matters if they do an investigation and find that Israel is guilty because it will force Israel to be more careful or it may arrest people who caused this to happen either way we need to hold these actions accountable if we find that they were done outside the acceptable limits,"{'created_utc': 1716840936.0, 'body_html': '<div class=""md""><p>Are you serious? You’re just dumbing down the entire thing and saying it doesn’t matter obviously it matters if they do an investigation and find that Israel is guilty because it will force Israel to be more careful or it may arrest people who caused this to happen either way we need to hold these actions accountable if we find that they were done outside the acceptable limits</p>\n</div>', 'edited': False, 'id': 'l5xh6mz', 'is_submitter': False, 'link_id': 't3_1d1y22j', 'parent_id': 't1_l5x11oh', 'permalink': '/r/changemyview/comments/1d1y22j/cmv_if_israel_wishes_to_establish_international/l5xh6mz/', 'replies': <praw.models.comment_forest.CommentForest object at 0x2d7c09410>, 'saved': False, 'score': 4, 'stickied': False, 'submission': Submission(id='1d1y22j')}",3,"Why does that even matter? It’s war and people died.\n\nObviously they are okay with more collateral damage in their quest to vanquish their foes. \n\n\nWhat happens if a 3rd party says they made a mistake? What if another said they didn’t?\n\nI’m asking, what outcome are you expecting?","Yesterday it was reported that an airstrike in Rafah has resulted in at least 45 deaths, many of which women and children. There are even pictures of charred and decapitated babies coming out. All the videos we saw are horrific. Bibi has already called it a [""tragic mistake""](https://wsvn.com/news/us-world/netanyahu-acknowledges-tragic-mistake-after-rafah-strike-kills-dozens-of-palestinians/) and the IDF will investigate the incident.\n\nThis is not the first time the IDF has had a high-profile incident that warrants investigation. Others include the killing of 7 WCK aid workers, the killing of the 3 Israeli hostages, and the Flour Massacre that killed more than 100 Palestinians. In the case of the 7 WCK aid workers, the investigation was reportedly [""hurried completed""](https://www.theguardian.com/world/2024/apr/05/israeli-inquiry-blames-wck-aid-killings-on-grave-errors-by-military-personnel) and was unlikely to be [transparent and honest](https://www.politico.com/news/2024/04/02/israeli-strike-on-jose-andres-aid-group-prompts-new-level-of-us-backlash-00150245). The killing of the 3 Israeli hostages did not result in anyone reprimanded or dismissed despite a clear violation of rule of engagement that heavily tanked IDF's reputation. On the Flour Massacre, Israel's version of event has been [doubted](https://edition.cnn.com/2024/04/09/middleeast/gaza-food-aid-convoy-deaths-eyewitness-intl-investigation-cmd/index.html) by CNN too.\n\nSuffice to say, it's unlikely that the IDF will investigate yesterday's incident or any other incident in a transparent, honest manner with proper accountability to those responsible. Without doing so, Israel's international credibility is rightfully tarnished and gives other institutions like the ICC ground to investigate Israeli officials. (Note that the ICC only investigate individuals when their home country's justice system is incapable of punishing war criminals.) It should get third parties that involve an international team of experts to investigate these incidents to clear its name or to hold those responsible accountable. It's what a democratic nation _should_ do.","CMV: If Israel wishes to establish international credibility, it should get third parties to investigate the major incidents that took place in Gaza.",False,
lm0ll8e,ICuriosityCatI,1fbg395,lm0c4qc,1725744556.0,">This is a very uninformed take on what communists are even saying\n\nThis is literally what communists and Marxists on here have argued in these discussions. \n\n>Think of it more like capitalism is a system that creates two classes of people: the class with money who have acquired it through more or less luck (bourgeois) and the workers who create wealth but have it taken from them (proletariat). This is the basis of communist thinking. \n\nA massive black and white oversimplification. \n\n>According to communism, the bourgeois class will inevitably become corrupt and take more and more from the proletariat and take control of the government in order to protect that wealth. The state becomes an entity whose goal is to keep that wealth in the hands of the bourgeois.\n\nDoesn't this basically assume that the bourgeois are a bunch of sociopaths? Most are not from everything I've seen. \n\n>This system of the haves and the have-nots thus corrupted the people who have wealth, where “personal property protection” is a disguise for keeping the social order as it is. Thus, the bourgeois have been “corrupted” by capitalism and their only goal is to keep their “unfairly stolen” wealth. \n\nBut it's not a clearly defined system, that's an oversimplistic interpretation of how the current system functions. So what makes anyone think this is responsible. \n\n>and their only goal is to keep their “unfairly stolen” wealth. \n\nThis sounds like personal failings. Do billionaires believe that they need to hoard wealth to survive and be happy or do they believe they need to hoard wealth to stay at the top of Forbes lists and buy lots of stuff? If it's the latter, then it seems like the people who think that way are just broken from upbringing and capitalism isn't to blame. \n\n>I think you also need to understand that at the time, capitalist theory basically said the wealth creators, the people who own businesses, are actually incentivized to make the state BETTER for everyone. \n\nI agree, this hasn't turned out to be the case. Adam Smith was wrong about this in my view. Certainly unlimited, unregulated capitalism is a bad thing. \n\n>so yes communism did have some merit in saying that the wealthy are not “moral” and are in fact just wanting more wealth and will not use it to make their countries “better”. The difference is that while maybe the wealthy don’t want to share their wealth in a capitalist society, it doesn’t matter because everyone ends up better off. \n\nCommunists are bound to be right about some things some of the time. That being said, I didn't know all that stuff about Adam Smith and that makes me rethink aspects of my view so !delta for that. \n\n>Anyway, this isn’t a full explanation of what communist theory is, but to me it seems like you just don’t quite understand what communists are saying in the first place. In fact, many capitalist thinkers don’t think the wealthy will willingly “share” their wealth, as then we would have no taxes because the wealthy would just take care of us, right?\n\nI don't believe in trickle down economics either. I was going off of arguments I've heard communists made before, mostly on reddit.","{'created_utc': 1725744556.0, 'body_html': '<div class=""md""><blockquote>\n<p>This is a very uninformed take on what communists are even saying</p>\n</blockquote>\n\n<p>This is literally what communists and Marxists on here have argued in these discussions. </p>\n\n<blockquote>\n<p>Think of it more like capitalism is a system that creates two classes of people: the class with money who have acquired it through more or less luck (bourgeois) and the workers who create wealth but have it taken from them (proletariat). This is the basis of communist thinking. </p>\n</blockquote>\n\n<p>A massive black and white oversimplification. </p>\n\n<blockquote>\n<p>According to communism, the bourgeois class will inevitably become corrupt and take more and more from the proletariat and take control of the government in order to protect that wealth. The state becomes an entity whose goal is to keep that wealth in the hands of the bourgeois.</p>\n</blockquote>\n\n<p>Doesn&#39;t this basically assume that the bourgeois are a bunch of sociopaths? Most are not from everything I&#39;ve seen. </p>\n\n<blockquote>\n<p>This system of the haves and the have-nots thus corrupted the people who have wealth, where “personal property protection” is a disguise for keeping the social order as it is. Thus, the bourgeois have been “corrupted” by capitalism and their only goal is to keep their “unfairly stolen” wealth. </p>\n</blockquote>\n\n<p>But it&#39;s not a clearly defined system, that&#39;s an oversimplistic interpretation of how the current system functions. So what makes anyone think this is responsible. </p>\n\n<blockquote>\n<p>and their only goal is to keep their “unfairly stolen” wealth. </p>\n</blockquote>\n\n<p>This sounds like personal failings. Do billionaires believe that they need to hoard wealth to survive and be happy or do they believe they need to hoard wealth to stay at the top of Forbes lists and buy lots of stuff? If it&#39;s the latter, then it seems like the people who think that way are just broken from upbringing and capitalism isn&#39;t to blame. </p>\n\n<blockquote>\n<p>I think you also need to understand that at the time, capitalist theory basically said the wealth creators, the people who own businesses, are actually incentivized to make the state BETTER for everyone. </p>\n</blockquote>\n\n<p>I agree, this hasn&#39;t turned out to be the case. Adam Smith was wrong about this in my view. Certainly unlimited, unregulated capitalism is a bad thing. </p>\n\n<blockquote>\n<p>so yes communism did have some merit in saying that the wealthy are not “moral” and are in fact just wanting more wealth and will not use it to make their countries “better”. The difference is that while maybe the wealthy don’t want to share their wealth in a capitalist society, it doesn’t matter because everyone ends up better off. </p>\n</blockquote>\n\n<p>Communists are bound to be right about some things some of the time. That being said, I didn&#39;t know all that stuff about Adam Smith and that makes me rethink aspects of my view so !delta for that. </p>\n\n<blockquote>\n<p>Anyway, this isn’t a full explanation of what communist theory is, but to me it seems like you just don’t quite understand what communists are saying in the first place. In fact, many capitalist thinkers don’t think the wealthy will willingly “share” their wealth, as then we would have no taxes because the wealthy would just take care of us, right?</p>\n</blockquote>\n\n<p>I don&#39;t believe in trickle down economics either. I was going off of arguments I&#39;ve heard communists made before, mostly on reddit.</p>\n</div>', 'edited': False, 'id': 'lm0ll8e', 'is_submitter': True, 'link_id': 't3_1fbg395', 'parent_id': 't1_lm0c4qc', 'permalink': '/r/changemyview/comments/1fbg395/cmv_capitalism_hasnt_corrupted_people_people_have/lm0ll8e/', 'replies': <praw.models.comment_forest.CommentForest object at 0x29b5a2f10>, 'saved': False, 'score': -9, 'stickied': False, 'submission': Submission(id='1fbg395')}",3,"This is a very uninformed take on what communists are even saying.\n\nThink of it more like capitalism is a system that creates two classes of people: the class with money who have acquired it through more or less luck (bourgeois) and the workers who create wealth but have it taken from them (proletariat). This is the basis of communist thinking. \n\nAccording to communism, the bourgeois class will inevitably become corrupt and take more and more from the proletariat and take control of the government in order to protect that wealth. The state becomes an entity whose goal is to keep that wealth in the hands of the bourgeois.\n\nThis system of the haves and the have-nots thus corrupted the people who have wealth, where “personal property protection” is a disguise for keeping the social order as it is. Thus, the bourgeois have been “corrupted” by capitalism and their only goal is to keep their “unfairly stolen” wealth. \n\nI think you also need to understand that at the time, capitalist theory basically said the wealth creators, the people who own businesses, are actually incentivized to make the state BETTER for everyone. Adam Smith I believe even mentions that within a capitalist society, the wealthy will actually willingly donate money to make their country better. This line of thinking from capitalists was pretty flawed, even if you agree with capitalism as a whole, so yes communism did have some merit in saying that the wealthy are not “moral” and are in fact just wanting more wealth and will not use it to make their countries “better”. The difference is that while maybe the wealthy don’t want to share their wealth in a capitalist society, it doesn’t matter because everyone ends up better off. \n\nAnyway, this isn’t a full explanation of what communist theory is, but to me it seems like you just don’t quite understand what communists are saying in the first place. In fact, many capitalist thinkers don’t think the wealthy will willingly “share” their wealth, as then we would have no taxes because the wealthy would just take care of us, right?","Communists and Marxists often say that the problem with society is capitalism. Capitalism incentivizes exploitation and greed and it's the root of a great deal of modern evil. \n\nI am not seeing messaging from any major media source encouraging people to acquire as many luxury cars and houses as possible even if it means losing and screwing over people, messaging anti-capitalists claim runs rampant in capitalist societies. Some of the most popular entertainment preaches the exact *opposite* and the fact that there are a decent number of anti-capitalists with platforms and followers, funny enough, shows that this intense brainwashing idea is pretty baseless. \n\nAnd companies that hurt other people do get hurt or even shut down. And many companies that are applauded for treating workers well experience massive success. As for the golden parachute, that's not something that is required for capitalism to work or even something that ever should have been there in the first place. the concept of capitalism can't be blamed for every single thing that happens in a Capitalist society. \n\nSo from where I'm sitting, it seems that this idea that capitalism is corrupting and brain washing people is bunk. Of course, if it's true that people corrupt capitalism communism or Marxism is destined to face the same issues (as it has in the past.) So I understand why Marxists and Communists despise that idea, but I'm trying to understand the logic behind it. \n\nCurious to hear others opinions!","CMV: Capitalism hasn't corrupted people, people have corrupted capitalism",True,
lm0n90m,ICuriosityCatI,1fbg395,lm0je8z,1725745143.0,">Firstly, of course retails and businesses attempt to compel people to spend beyond their means\n\nAt the same time, people are told not to. So they're getting mixed messaging. Capitalist societies seem to tolerate criticism of capitalism more than communist ones. \n\n>Many major retailers make more financing the sale of products than they do selling products.\n\nThis is true, although by no means all and by no means do major retailers have to act in such a predatory manner. Some people are just predatory, likely due to upbringing and personal failings. \n\n>However, perhaps you are responding to an apparent conflating of ""consumerism"" and ""capitalism"". But, there is a reason that the marxist argues that under socialist schemes that it becomes less likely that people will purchase beyond their means.\n\nMy view is based on the arguments I've heard from Marxists and Communists, mostly on reddit. \n\n>Marx goes into great depth in his theory of money and discussions on value about why it is under capitalism that you have a runaway want for things you can't afford.\n\nSome people have this runaway want. And if they choose to act on it that is their choice. I would be curious what Marx thought of free will and choice because the way he talks about things doesn't seem to leave much room for either. \n\n>Under capitalism - according to marx - only a very few can afford luxuries and the role luxury plays is to express social and economic worth within society. You want the fancy pair of jeans that are expensive precisely because most people can't afford them. \n\nIf you have issues and are very insecure I guess. \n\nIt seems like Marx had a tendency to project onto other people his own personal failings. \n\nI'll try to respond to the rest later","{'created_utc': 1725745143.0, 'body_html': '<div class=""md""><blockquote>\n<p>Firstly, of course retails and businesses attempt to compel people to spend beyond their means</p>\n</blockquote>\n\n<p>At the same time, people are told not to. So they&#39;re getting mixed messaging. Capitalist societies seem to tolerate criticism of capitalism more than communist ones. </p>\n\n<blockquote>\n<p>Many major retailers make more financing the sale of products than they do selling products.</p>\n</blockquote>\n\n<p>This is true, although by no means all and by no means do major retailers have to act in such a predatory manner. Some people are just predatory, likely due to upbringing and personal failings. </p>\n\n<blockquote>\n<p>However, perhaps you are responding to an apparent conflating of &quot;consumerism&quot; and &quot;capitalism&quot;. But, there is a reason that the marxist argues that under socialist schemes that it becomes less likely that people will purchase beyond their means.</p>\n</blockquote>\n\n<p>My view is based on the arguments I&#39;ve heard from Marxists and Communists, mostly on reddit. </p>\n\n<blockquote>\n<p>Marx goes into great depth in his theory of money and discussions on value about why it is under capitalism that you have a runaway want for things you can&#39;t afford.</p>\n</blockquote>\n\n<p>Some people have this runaway want. And if they choose to act on it that is their choice. I would be curious what Marx thought of free will and choice because the way he talks about things doesn&#39;t seem to leave much room for either. </p>\n\n<blockquote>\n<p>Under capitalism - according to marx - only a very few can afford luxuries and the role luxury plays is to express social and economic worth within society. You want the fancy pair of jeans that are expensive precisely because most people can&#39;t afford them. </p>\n</blockquote>\n\n<p>If you have issues and are very insecure I guess. </p>\n\n<p>It seems like Marx had a tendency to project onto other people his own personal failings. </p>\n\n<p>I&#39;ll try to respond to the rest later</p>\n</div>', 'edited': False, 'id': 'lm0n90m', 'is_submitter': True, 'link_id': 't3_1fbg395', 'parent_id': 't1_lm0je8z', 'permalink': '/r/changemyview/comments/1fbg395/cmv_capitalism_hasnt_corrupted_people_people_have/lm0n90m/', 'replies': <praw.models.comment_forest.CommentForest object at 0x29b5a35d0>, 'saved': False, 'score': 1, 'stickied': False, 'submission': Submission(id='1fbg395')}",3,"Firstly, of course retails and businesses attempt to compel people to spend beyond their means. That's what advertising and offerings of credit from retails are all about.  Many major retailers make more financing the sale of products than they do selling products.\n\nHowever, perhaps you are responding to an apparent conflating of ""consumerism"" and ""capitalism"".  But, there is a _reason_ that the marxist argues that under socialist schemes that it becomes less likely that people will purchase beyond their means.\n\nMarx goes into great depth in his theory of money and discussions on value about why it is under capitalism that you have a runaway want for things you can't afford.  Under capitalism - according to marx - only a very few can afford luxuries and the role luxury plays is to express social and economic worth within society.  You want the fancy pair of jeans that are expensive precisely because most people can't afford them. The _value_ of a good is inclusive of this social distinction that comes when income inequality is derived in the control of capital creating vastly more return than the labor used to product goods and services.  Marx's intent is that with prices anchored to labor much more closely and extraction of value limited to contribution as labor that the luxury goods you select to buy would also be affordable to others.  Do you still want those fancy pants that _differentiate you in society along class lines_ if almost everyone else can afford them too?  Marx would say ""probably not"".\n\nWhile I don't want full fledged socialism, I think this critique of capitalism is pretty reasonable.  With the result of the structure being more stratified income the possibility of social differentiation based on that stratification and aspirations within the strata it seem natural to me that you'd have a consequence of spending to express your social role aspirationally.  I think that it's equally true that you'd have less of this in a more equitable society.\n\nSo...I htink it's absolutely true that the system lends itself to this outcome.  I do not think that socialism would totally fix it, but I think it would likely not amplify it nearly as much.","Communists and Marxists often say that the problem with society is capitalism. Capitalism incentivizes exploitation and greed and it's the root of a great deal of modern evil. \n\nI am not seeing messaging from any major media source encouraging people to acquire as many luxury cars and houses as possible even if it means losing and screwing over people, messaging anti-capitalists claim runs rampant in capitalist societies. Some of the most popular entertainment preaches the exact *opposite* and the fact that there are a decent number of anti-capitalists with platforms and followers, funny enough, shows that this intense brainwashing idea is pretty baseless. \n\nAnd companies that hurt other people do get hurt or even shut down. And many companies that are applauded for treating workers well experience massive success. As for the golden parachute, that's not something that is required for capitalism to work or even something that ever should have been there in the first place. the concept of capitalism can't be blamed for every single thing that happens in a Capitalist society. \n\nSo from where I'm sitting, it seems that this idea that capitalism is corrupting and brain washing people is bunk. Of course, if it's true that people corrupt capitalism communism or Marxism is destined to face the same issues (as it has in the past.) So I understand why Marxists and Communists despise that idea, but I'm trying to understand the logic behind it. \n\nCurious to hear others opinions!","CMV: Capitalism hasn't corrupted people, people have corrupted capitalism",False,
kr5c7f2,Soyuz_1848,1aun2ok,kr5az2r,1708356840.0,"!delta Didn't realise that a lot of countries have water masses inside them. Indonesia and Japan are not good examples though as they do have high speed rail. \n\nAlso didn't realise the vast, vast majority of rail tracks in the world are low-speed.","{'created_utc': 1708356840.0, 'body_html': '<div class=""md""><p>!delta Didn&#39;t realise that a lot of countries have water masses inside them. Indonesia and Japan are not good examples though as they do have high speed rail. </p>\n\n<p>Also didn&#39;t realise the vast, vast majority of rail tracks in the world are low-speed.</p>\n</div>', 'edited': False, 'id': 'kr5c7f2', 'is_submitter': True, 'link_id': 't3_1aun2ok', 'parent_id': 't1_kr5az2r', 'permalink': '/r/changemyview/comments/1aun2ok/cmv_highspeed_train_is_generally_the_best_method/kr5c7f2/', 'replies': <praw.models.comment_forest.CommentForest object at 0x30d4f8950>, 'saved': False, 'score': 4, 'stickied': False, 'submission': Submission(id='1aun2ok')}",3,"I think that your perspective is biased by how extremely unusual and lucky your circumstances would have to be in order to have high speed rail connections to where you want to go. In China, that is plausible in many cases. Most other places, it is not.\n\nThere are 56,000 kilometers of high-speed rail tracks in the world. By contrast, there are about 1,300,000 kilometers of the more inexpensive low-speed passenger and cargo rail track. Here in the United States, for instance, rail travel is usually much more expensive and much slower than flying. Just as an example, to go from Sacramento, California to Los Angeles, California would take a plane an hour and a half, but by train it would take *fourteen and a half hours.* Further, although coach seating would be comparable to a plane ticket, about sixty dollars, you'd have to pay for your own meals on the train and wouldn't get a lie-flat bed or even a fully reclining seat. The roomettes and bedrooms would cost $286 and $886, respectively, and the only real ""luxury"" you're buying with those are included meals and space, nothing fancy.\n\nFurthermore, what if you live in Japan, the Philippines, Hawaii, or Indonesia, or any of the innumerable other places with major cities in the distance range you describe that are separated by too much water even *within* the country (much less internationally) in order to have high-speed rail networks reach these other landmasses? The vast majority of human civilization lives by the water, and water can be difficult for trains to cross at any length.","Part 1: Time\n\nTo ride a HST, you need 20 minutes to go to the train station, 20 minutes wait, and 20 minutes to get to destination after getting off. The ""extra"" time is 1 hour. Assume that the train has a top speed of 310 km/h and an average travel speed of 250 km/h. \n\nTravel time t=1+0.004x (x is distance)\n\nTo ride a plane with drop-off luggages, you need 0.75 hour to go to the faraway airport, arrive 1 hour in advance to drop off the luggage, and 0.5 hour to get off the plane and collect the luggage, and 0.75 hour after getting off the plane to go to the city center. Assume that the plane has a top speed of 900 km/h and an average travel speed of 670 km/h (the number is 670 because we're mainly talking about *short, domestic* flights and we need to account for taxi and landing. For long, international flights it should be 800~850) \n\nTravel time t=3+0.0015x. Or 4+0.0015x if the airport is really far away. \n\nFor car, assume an average travel speed of 80 km/h, t=0.0125x. \n\nFor distances less than 800 kilometres, the train is actually faster than the plane. \n\nFor distances more than 120 kilometres, the train is faster than the car. \n\nPart 2: Cost. \n\nG-class HST in China (my home country) costs ¥0.42/kilometer on average for a standard seat and the price is generally fixed.\n\nFor planes, the full fare is about ¥1.4/kilometer when tax is included, and the actual price is typically about ¥0.5~0.7/kilometer including taxes, but can be all the way up to full fare during peak season.\n\nFor cars, if you need 8 litres of gas per 100 km and the gas price is ¥8 per liter, the fuel cost is ¥0.56/kilometer. When we account for taking non-straight-line routes and highway fees, the travel cost is ¥1.1/km/car. \n\nThe train is almost always cheaper than flights, and cheaper than cars if you're travelling alone or with only one partner, and comparable with cars when you have 3 people in your car. \n\nPart 3: Flexibility. \n\nTrains have generally fixed prices and you don't need to track prices and plan early on. Date and train changes are free. Flexibility is almost comparable to car travel. \n\nPlanes are nightmarish. Fluctuations in prices, frequent delays, low flexibility. \n\nPart 4: Comfort. \n\nIn a train you just chill and do whatever you want. Plenty of legroom. Free wifi provided. \n\nIm a plane... No internet, no legroom, cramped place, sometimes smelly. \n\nIn a car it's technically comfortable but you have to drive for yourself. You can't do anything else while driving. \n\nEven if you don't need to drive the car you may still get motion sickness, but you won't get sick in a smooth train. \n\nTrain hands-down beats the other two in this aspect. \n\nIn summary, rail travel beats air travel in all four aspects, and beats car travel in time, cost and comfort while only losing to car in flexibility, by a small margin. \n\nThus, train travel is the best method of travel for distances between 200 and 1000 km, except for a few cases where flexibility is absolutely needed, or you need to consider factors other than the ride itself (like fetching an important guest), when the car is a better alternative. When it's really off-peak and plane tickets are dirt cheap, planes might be better. But generally trains are the best options. \n\n**Delta 1**: cars win over trains on being able to bring more belongings. \n\n**Delta 2** Driving in itself would be an experience and some people enjoy that. \n\n**Edit** There have been comments talking about how low speed trains aren't superior. We're talking about high speed trains, not low speed trains in this thread. ",CMV: (high-speed) Train is generally the best method of travel for distances more than 200 kilometres/120 miles and less than 1000 kilometres/600 miles. ,True,
kr4w6ju,Soyuz_1848,1aun2ok,kr4vqzj,1708350438.0,"Unless you live in a really mountainous area (without HSR), or a country without a high speed rail network, the nearest train station would almost certainly be nearer than the nearest airport.","{'created_utc': 1708350438.0, 'body_html': '<div class=""md""><p>Unless you live in a really mountainous area (without HSR), or a country without a high speed rail network, the nearest train station would almost certainly be nearer than the nearest airport.</p>\n</div>', 'edited': False, 'id': 'kr4w6ju', 'is_submitter': True, 'link_id': 't3_1aun2ok', 'parent_id': 't1_kr4vqzj', 'permalink': '/r/changemyview/comments/1aun2ok/cmv_highspeed_train_is_generally_the_best_method/kr4w6ju/', 'replies': <praw.models.comment_forest.CommentForest object at 0x30d0a3c90>, 'saved': False, 'score': 8, 'stickied': False, 'submission': Submission(id='1aun2ok')}",3,But the train doesn't go where I need to.,"Part 1: Time\n\nTo ride a HST, you need 20 minutes to go to the train station, 20 minutes wait, and 20 minutes to get to destination after getting off. The ""extra"" time is 1 hour. Assume that the train has a top speed of 310 km/h and an average travel speed of 250 km/h. \n\nTravel time t=1+0.004x (x is distance)\n\nTo ride a plane with drop-off luggages, you need 0.75 hour to go to the faraway airport, arrive 1 hour in advance to drop off the luggage, and 0.5 hour to get off the plane and collect the luggage, and 0.75 hour after getting off the plane to go to the city center. Assume that the plane has a top speed of 900 km/h and an average travel speed of 670 km/h (the number is 670 because we're mainly talking about *short, domestic* flights and we need to account for taxi and landing. For long, international flights it should be 800~850) \n\nTravel time t=3+0.0015x. Or 4+0.0015x if the airport is really far away. \n\nFor car, assume an average travel speed of 80 km/h, t=0.0125x. \n\nFor distances less than 800 kilometres, the train is actually faster than the plane. \n\nFor distances more than 120 kilometres, the train is faster than the car. \n\nPart 2: Cost. \n\nG-class HST in China (my home country) costs ¥0.42/kilometer on average for a standard seat and the price is generally fixed.\n\nFor planes, the full fare is about ¥1.4/kilometer when tax is included, and the actual price is typically about ¥0.5~0.7/kilometer including taxes, but can be all the way up to full fare during peak season.\n\nFor cars, if you need 8 litres of gas per 100 km and the gas price is ¥8 per liter, the fuel cost is ¥0.56/kilometer. When we account for taking non-straight-line routes and highway fees, the travel cost is ¥1.1/km/car. \n\nThe train is almost always cheaper than flights, and cheaper than cars if you're travelling alone or with only one partner, and comparable with cars when you have 3 people in your car. \n\nPart 3: Flexibility. \n\nTrains have generally fixed prices and you don't need to track prices and plan early on. Date and train changes are free. Flexibility is almost comparable to car travel. \n\nPlanes are nightmarish. Fluctuations in prices, frequent delays, low flexibility. \n\nPart 4: Comfort. \n\nIn a train you just chill and do whatever you want. Plenty of legroom. Free wifi provided. \n\nIm a plane... No internet, no legroom, cramped place, sometimes smelly. \n\nIn a car it's technically comfortable but you have to drive for yourself. You can't do anything else while driving. \n\nEven if you don't need to drive the car you may still get motion sickness, but you won't get sick in a smooth train. \n\nTrain hands-down beats the other two in this aspect. \n\nIn summary, rail travel beats air travel in all four aspects, and beats car travel in time, cost and comfort while only losing to car in flexibility, by a small margin. \n\nThus, train travel is the best method of travel for distances between 200 and 1000 km, except for a few cases where flexibility is absolutely needed, or you need to consider factors other than the ride itself (like fetching an important guest), when the car is a better alternative. When it's really off-peak and plane tickets are dirt cheap, planes might be better. But generally trains are the best options. \n\n**Delta 1**: cars win over trains on being able to bring more belongings. \n\n**Delta 2** Driving in itself would be an experience and some people enjoy that. \n\n**Edit** There have been comments talking about how low speed trains aren't superior. We're talking about high speed trains, not low speed trains in this thread. ",CMV: (high-speed) Train is generally the best method of travel for distances more than 200 kilometres/120 miles and less than 1000 kilometres/600 miles. ,False,
lk1ud29,fluffy_assassins,1f1p7k1,lk13gx5,1724696344.0,"Actually, I just looked it up and I'm sure states there ARE sometimes mandatory classes in middle and elementary schools regarding gun safety and usage.  No one ever mentioned that, and I don't know if it counts as gun control, but teaching someone literally how to control a gun should.  Actual primary school education on the matter, who'd have thought?  !delta","{'created_utc': 1724696344.0, 'body_html': '<div class=""md""><p>Actually, I just looked it up and I&#39;m sure states there ARE sometimes mandatory classes in middle and elementary schools regarding gun safety and usage.  No one ever mentioned that, and I don&#39;t know if it counts as gun control, but teaching someone literally how to control a gun should.  Actual primary school education on the matter, who&#39;d have thought?  !delta</p>\n</div>', 'edited': False, 'id': 'lk1ud29', 'is_submitter': True, 'link_id': 't3_1f1p7k1', 'parent_id': 't1_lk13gx5', 'permalink': '/r/changemyview/comments/1f1p7k1/cmv_democrats_should_not_push_gun_control_because/lk1ud29/', 'replies': <praw.models.comment_forest.CommentForest object at 0x290360990>, 'saved': False, 'score': 1, 'stickied': False, 'submission': Submission(id='1f1p7k1')}",3,"Dawg you are absolutely right, the people for gun control honestly are lower middle class and up. They genuinely think police be caring about what happens in the hood. Guns aren't just some ""break glass in case of emergency"". That shit is a day to day tool. Tell me how liberals gonna say fuck the police and in the same breath say take guns away from everyone but the police. People who don't think most gun control is taking guns away have just not been paying attention to what happened in Australia. Have you even read the assault weapons ban? Firearm legislation in large part is made by people with zero knowledge of firearms. The rules are asinine and only limit the legal citizens. If you think it's doing anything to ""deter"" criminals look at all them idiots posting their 3d printed Glock switches on the Internet. You got people posting photographic evidence putting VFG's on ARP's and you don't see ATF going after them. They'd rather raid some suburban white dude doing nothing to his community and kill him in a no-knock. Regardless of legislation how is it we live in a country with more guns than people and kids aren't taught a single thing about firearm safety in school? That's willful ignorance of a statistical eventuality. You're not gonna fix large underlying societal problems just by writing new rules on tools. Most gun control is just a bandaid on a rotting wound, you just make shit look good for your constituents without fixing anything.","I don't think it's going to help them get votes, and I don't think implementing it going to help those who vote for them.  This is a touchy subject, but something I never hear people talk about, and the thing I'm mainly writing about here is:  \nWho do you think they'll take guns away from first?\n\nMinorities, poor people, LGBT, non-christians... the kind of people who vote democrat.  It will be ""okay"" to take guns from the ""other"".  The people who take the guns will be more likely to be conservative, and the whole thing will be rigged that way.  I really didn't want this to be about the non-partisan pros and cons of gun control, no one's view is getting changed there(I recently went from pro-gun control to anti-gun control based on what I said above) just how it could specifically make things worse for democrats as opposed to republicans.  \n\nEdit:  one hour.  I make this post and get 262 comments in one hour.  I had NO IDEA it would blow up like this. I will do my absolutely best to reply to as many as possible.",CMV:  Democrats should NOT push gun control because it will disporportionately make things worse for them. ,True,
lk6xggg,fluffy_assassins,1f1p7k1,lk6ti7h,1724773997.0,"In practice, I'm not shooting at a cop.  Period.","{'created_utc': 1724773997.0, 'body_html': '<div class=""md""><p>In practice, I&#39;m not shooting at a cop.  Period.</p>\n</div>', 'edited': False, 'id': 'lk6xggg', 'is_submitter': True, 'link_id': 't3_1f1p7k1', 'parent_id': 't1_lk6ti7h', 'permalink': '/r/changemyview/comments/1f1p7k1/cmv_democrats_should_not_push_gun_control_because/lk6xggg/', 'replies': <praw.models.comment_forest.CommentForest object at 0x29035f590>, 'saved': False, 'score': 1, 'stickied': False, 'submission': Submission(id='1f1p7k1')}",3,"It's very, very simple. Criminals will not abide by gun laws, and they don't care about gun free zones, either. \n\nThe only people that would be hurt by this are law abiding citizens. The State and the criminals (so basically the State) would get much more powerful, though. There'd be no chance of stopping the Government from committing whatever atrocities it desires. \n\nAlso, I know some people will hate this, but I'll say it anyways: The 2nd Amendment was designed for overthrowing Tyranny. Not for hunting or something niche.\n\n""A well regulated Militia, being necessary to the security of a free State, the right of the people to keep and bear Arms, shall not be infringed.""","I don't think it's going to help them get votes, and I don't think implementing it going to help those who vote for them.  This is a touchy subject, but something I never hear people talk about, and the thing I'm mainly writing about here is:  \nWho do you think they'll take guns away from first?\n\nMinorities, poor people, LGBT, non-christians... the kind of people who vote democrat.  It will be ""okay"" to take guns from the ""other"".  The people who take the guns will be more likely to be conservative, and the whole thing will be rigged that way.  I really didn't want this to be about the non-partisan pros and cons of gun control, no one's view is getting changed there(I recently went from pro-gun control to anti-gun control based on what I said above) just how it could specifically make things worse for democrats as opposed to republicans.  \n\nEdit:  one hour.  I make this post and get 262 comments in one hour.  I had NO IDEA it would blow up like this. I will do my absolutely best to reply to as many as possible.",CMV:  Democrats should NOT push gun control because it will disporportionately make things worse for them. ,False,
ksfm27n,General_Esdeath,1b1m9yc,ksfkwlo,1709067567.0,"Interesting! I think you make a good point that I was conflating love to a certain embodiment of the relationship. However you are right that love can change. It could even diminish, but it's still possible to love someone from afar. \n\n!delta","{'created_utc': 1709067567.0, 'body_html': '<div class=""md""><p>Interesting! I think you make a good point that I was conflating love to a certain embodiment of the relationship. However you are right that love can change. It could even diminish, but it&#39;s still possible to love someone from afar. </p>\n\n<p>!delta</p>\n</div>', 'edited': False, 'id': 'ksfm27n', 'is_submitter': True, 'link_id': 't3_1b1m9yc', 'parent_id': 't1_ksfkwlo', 'permalink': '/r/changemyview/comments/1b1m9yc/cmv_unconditional_love_is_an_impossible_goal/ksfm27n/', 'replies': <praw.models.comment_forest.CommentForest object at 0x2f90a9490>, 'saved': False, 'score': 23, 'stickied': False, 'submission': Submission(id='1b1m9yc')}",3,"It sounds more like you're treating love as actions taken. \n\n\nI will always love my child. But that does not mean I'll support their drug addiction. It doesn't mean I'll tolerate them assaulting their mother. It doesn't mean I have to invite them over for Christmas if they are a murderer.\n\n\nIt just means that even if I don't like them or their actions, I'll always love them, and I'll express that love in whatever way I can.\n\n\nThe phrase you mentioned your friend said is one used by folks who lack self awareness. My worst is an inconsiderate asshole who'll insult your insecurities because you made them frustrated. My wife does not deserve that sort of treatment and should not be requires to handle that in order to get the man she loves.\n\n\nAt the end of it all, I think you're trying to say that people are limited in how far their love will carry relationships and influence their actions, which I believe is true. I just disagree that those limitations are proof that their is no love.","Context: I've recently had a conversation about this topic with an acquaintance. She seems to have very impossible standards for relationships (think of that awful quote that goes ""if you can't handle me at my worst you don't deserve me at my best"" type of thing), and is struggling to find and keep relationships. I tried pointing out some of her unrealistic expectations and she wasn't having it.\n\nThat got me thinking about the phrase ""unconditional love"" and that I really think all love is conditional. I think a lot of people would be happier and less frustrated if they accepted this as a fact. \n\nAdditional context: I'm happily married and have a child. I love them dearly and they love me. However in my wildest, darkest imagination, I'm sure there are horrible acts and situations that could cause them to stop loving me and vice versa. I plan to never get into one of those situations but I think everyone has their limits. In fact, I think I act like a better partner when I acknowledge that my actions could negatively affect my partner to the point that they may no longer want to be with me (again, not planning to ever get to that point). \n\nI also think pushing for unconditional love can lead to pushing for unhealthy relationship dynamics. Like a person is allowed to make mistakes and not be  perfect, but they also have to take responsibility and make real changes to their behavior, if it's a serious and/or ongoing issue.\n\nPerhaps I am too cynical or missing some other perspective, so there is a chance my view could be changed there. I do feel like I might be seeing this a bit pessimistically or maybe I'm focusing too much on my friend's personal issues. \n\nEdit: thanks for all the thoughtful responses. My mind has been successfully illuminated. ",CMV: unconditional love is an impossible goal,True,
ksh4sr9,General_Esdeath,1b1m9yc,ksgx6nk,1709086965.0,"Yeah I think that's an expansion of what I'm trying to say. I think love can be very nearly indestructible, and maybe it can be an admirable goal (if not abused in some way). It can be an admirable, impossible goal at the same time.","{'created_utc': 1709086965.0, 'body_html': '<div class=""md""><p>Yeah I think that&#39;s an expansion of what I&#39;m trying to say. I think love can be very nearly indestructible, and maybe it can be an admirable goal (if not abused in some way). It can be an admirable, impossible goal at the same time.</p>\n</div>', 'edited': False, 'id': 'ksh4sr9', 'is_submitter': True, 'link_id': 't3_1b1m9yc', 'parent_id': 't1_ksgx6nk', 'permalink': '/r/changemyview/comments/1b1m9yc/cmv_unconditional_love_is_an_impossible_goal/ksh4sr9/', 'replies': <praw.models.comment_forest.CommentForest object at 0x2fdc800d0>, 'saved': False, 'score': 1, 'stickied': False, 'submission': Submission(id='1b1m9yc')}",3,"Well... there's actual responses to actual circumstances that people would generally agree would *hypothetically* be a condition on their love.\n\nBut ""unconditional love"" is really a twofold statement:\n\n1. A belief/faith that the person they are with is incapable of doing anything so awful that this would occur. Naive or not, it's a big part of the picture. \n\n2. A *commitment* to have their love be as unconditional as they can make it, in the face of troubles and behaviors that are *below* the threshold of #1, which they believe is only hypothetical. \n\nI.e. a belief that your love is unconditional for all practical and plausible purposes is just that, a belief. You could be *wrong* that your love is unconditional, of course... but you don't think it is, practically speaking, and treat it that way.","Context: I've recently had a conversation about this topic with an acquaintance. She seems to have very impossible standards for relationships (think of that awful quote that goes ""if you can't handle me at my worst you don't deserve me at my best"" type of thing), and is struggling to find and keep relationships. I tried pointing out some of her unrealistic expectations and she wasn't having it.\n\nThat got me thinking about the phrase ""unconditional love"" and that I really think all love is conditional. I think a lot of people would be happier and less frustrated if they accepted this as a fact. \n\nAdditional context: I'm happily married and have a child. I love them dearly and they love me. However in my wildest, darkest imagination, I'm sure there are horrible acts and situations that could cause them to stop loving me and vice versa. I plan to never get into one of those situations but I think everyone has their limits. In fact, I think I act like a better partner when I acknowledge that my actions could negatively affect my partner to the point that they may no longer want to be with me (again, not planning to ever get to that point). \n\nI also think pushing for unconditional love can lead to pushing for unhealthy relationship dynamics. Like a person is allowed to make mistakes and not be  perfect, but they also have to take responsibility and make real changes to their behavior, if it's a serious and/or ongoing issue.\n\nPerhaps I am too cynical or missing some other perspective, so there is a chance my view could be changed there. I do feel like I might be seeing this a bit pessimistically or maybe I'm focusing too much on my friend's personal issues. \n\nEdit: thanks for all the thoughtful responses. My mind has been successfully illuminated. ",CMV: unconditional love is an impossible goal,False,
lk6dou9,Livid_Equipment_181,1f299oj,lk6cknt,1724767551.0,"!delta You’re pretty right, I do have strong feelings for Fallout and I feel like the newer media from the franchise are deviating heavily from the message of the original games. I won’t deny that fact since I’ve been playing fallout games for over a decade or so now and have practically grown up with the 3d games. If the new games continue to evolve and become about anti-capitalism, that’s fair for them to do that.  I agree with the games changing/adapting with the times, I just hope they still continue the original message.","{'created_utc': 1724767551.0, 'body_html': '<div class=""md""><p>!delta You’re pretty right, I do have strong feelings for Fallout and I feel like the newer media from the franchise are deviating heavily from the message of the original games. I won’t deny that fact since I’ve been playing fallout games for over a decade or so now and have practically grown up with the 3d games. If the new games continue to evolve and become about anti-capitalism, that’s fair for them to do that.  I agree with the games changing/adapting with the times, I just hope they still continue the original message.</p>\n</div>', 'edited': False, 'id': 'lk6dou9', 'is_submitter': True, 'link_id': 't3_1f299oj', 'parent_id': 't1_lk6cknt', 'permalink': '/r/changemyview/comments/1f299oj/cmv_the_recent_rage_regarding_fallouts/lk6dou9/', 'replies': <praw.models.comment_forest.CommentForest object at 0x2c4a00110>, 'saved': False, 'score': 0, 'stickied': False, 'submission': Submission(id='1f299oj')}",3,"This just feels like petty gatekeeping. You yourself are trying to tell people how they should interpret the series based on the themes in the original game...implying that later media isn't as relevant or is less important. \n\nCapitalism is one of the big theme in the games, particularly the ones that most people have played, and definitely in the show. So people aren't wrong to take that away from it. Perhaps you could argue that people are focusing on that theme more than other themes, but I still don't see anything wrong with that. If people connect with that it's probably because it resonates with them the most. Think about it this way...if fallout came out in 1960 then the game itself would almost certainly have different themes, likely promoting capitalism and making communism the big bad. Social attitudes change and so does the media. People tend to highlight things that reinforce their beliefs. It's not clear why this is a bad thing. Talking about your view in a discussion is not forcing your beliefs on anyone. \n\nIs it ironic that a company like Amazon is creating a show with anti-capitalist messages? Yes. Does that make amazon a little hypocritical? Yes. Does it make the viewers hypocritical? No I don't think so.","So, I recently picked up reddit to get further interested into a few different media I’m interested. Since picking it up, I have noticed a massive, and absolutely absurd discussions about of the same talking points regarding one topic throughout various franchises, and obviously its  capitalism. \n\nI’ll never have issues with people defining or taking their own meaning from media, but the recent drama within the Fallout community, is absolutely is just straight up maddening. Tim Cain, one of the original creators of fallout (often cited as the original creator) recently stated that Fallout’s primary message was never about tackling capitalism or being anti capitalist, it was about how war is inevitable given human nature, and how we basically deal with the consequences of the aftermath of war. \n\nHence, the biggest war in humanity occurs in 2077, and the series is basically about picking up the scraps and trying to build things again. That was essentially the main point, how different societies rebuild or destroy after the “ultimate war”. \n\nYet, reddit for whatever reason has decided to focus entirely on the issues of capitalism and blaming the nuclear war on that, instead of focusing on the actual message. \n\nI say all this because anti capitalist themes have really only started to come out with the newer games, and fans in these subreddits try to justify it as “Actually, THIS was the main point of Fallout” when it never was. \n\nFor clarification, I don’t think that doesn’t mean someone can’t take away anti-capitalist themes from the games, because obviously they do exist both new and old, but there are also themes criticize other ideas, like communism, Maoism, isolationism, etc. But fallout fans in these subreddits don’t look at these criticisms and instead just focus on capitalism only. \n\nAs for the final point, I think my main issue with these people is that it feels so hypocritical. Anti capitalist themes are being brought up more and more in the newer games like I said before, but it’s most prevalent within the show, and this is where I feel like most of these people come from. They’ve never actually played the games (obvious assumption here but I believe it’s mostly true) , but use the show as a way to showcase their personal beliefs against capitalism, when the show was literally made by one of the worst companies of all time (Amazon). I don’t see how you can support these themes while also supporting a major company that goes against the very thing you’re advocating for. \n\nI want to reclarify again: I see no issue with people taking their own themes from the game, but there is obvious hypocrisy going on and these same people also attempt to force their views on others if they don’t agree. \n\n(Then again it’s also reddit so what can I say)","CMV: The Recent Rage regarding Fallout’s “meaning/moral” is absolutely absurd on Reddit, and hypocritical ",True,
lk4t7cx,Livid_Equipment_181,1f299oj,lk4t0gj,1724737476.0,"The latter, but to be more specific, Fallout definitely has anti-capitalist themes, but they were never the main point of the story. People think they are, which is simply false.","{'created_utc': 1724737476.0, 'body_html': '<div class=""md""><p>The latter, but to be more specific, Fallout definitely has anti-capitalist themes, but they were never the main point of the story. People think they are, which is simply false.</p>\n</div>', 'edited': False, 'id': 'lk4t7cx', 'is_submitter': True, 'link_id': 't3_1f299oj', 'parent_id': 't1_lk4t0gj', 'permalink': '/r/changemyview/comments/1f299oj/cmv_the_recent_rage_regarding_fallouts/lk4t7cx/', 'replies': <praw.models.comment_forest.CommentForest object at 0x2a1cf8390>, 'saved': False, 'score': -3, 'stickied': False, 'submission': Submission(id='1f299oj')}",3,"What is the view you want changed, that Fallout doesn't have anti-capitalist themes or that people are hypocrites for enjoying entertainment made by abusive capitalist systems?","So, I recently picked up reddit to get further interested into a few different media I’m interested. Since picking it up, I have noticed a massive, and absolutely absurd discussions about of the same talking points regarding one topic throughout various franchises, and obviously its  capitalism. \n\nI’ll never have issues with people defining or taking their own meaning from media, but the recent drama within the Fallout community, is absolutely is just straight up maddening. Tim Cain, one of the original creators of fallout (often cited as the original creator) recently stated that Fallout’s primary message was never about tackling capitalism or being anti capitalist, it was about how war is inevitable given human nature, and how we basically deal with the consequences of the aftermath of war. \n\nHence, the biggest war in humanity occurs in 2077, and the series is basically about picking up the scraps and trying to build things again. That was essentially the main point, how different societies rebuild or destroy after the “ultimate war”. \n\nYet, reddit for whatever reason has decided to focus entirely on the issues of capitalism and blaming the nuclear war on that, instead of focusing on the actual message. \n\nI say all this because anti capitalist themes have really only started to come out with the newer games, and fans in these subreddits try to justify it as “Actually, THIS was the main point of Fallout” when it never was. \n\nFor clarification, I don’t think that doesn’t mean someone can’t take away anti-capitalist themes from the games, because obviously they do exist both new and old, but there are also themes criticize other ideas, like communism, Maoism, isolationism, etc. But fallout fans in these subreddits don’t look at these criticisms and instead just focus on capitalism only. \n\nAs for the final point, I think my main issue with these people is that it feels so hypocritical. Anti capitalist themes are being brought up more and more in the newer games like I said before, but it’s most prevalent within the show, and this is where I feel like most of these people come from. They’ve never actually played the games (obvious assumption here but I believe it’s mostly true) , but use the show as a way to showcase their personal beliefs against capitalism, when the show was literally made by one of the worst companies of all time (Amazon). I don’t see how you can support these themes while also supporting a major company that goes against the very thing you’re advocating for. \n\nI want to reclarify again: I see no issue with people taking their own themes from the game, but there is obvious hypocrisy going on and these same people also attempt to force their views on others if they don’t agree. \n\n(Then again it’s also reddit so what can I say)","CMV: The Recent Rage regarding Fallout’s “meaning/moral” is absolutely absurd on Reddit, and hypocritical ",False,
lky1ser,mega_douche1,1f60cli,lky1jh0,1725167188.0,I guess this changes my view because that one part of my post is incorrect. I thought gene therapy would change offspring as well !delta,"{'created_utc': 1725167188.0, 'body_html': '<div class=""md""><p>I guess this changes my view because that one part of my post is incorrect. I thought gene therapy would change offspring as well !delta</p>\n</div>', 'edited': False, 'id': 'lky1ser', 'is_submitter': True, 'link_id': 't3_1f60cli', 'parent_id': 't1_lky1jh0', 'permalink': '/r/changemyview/comments/1f60cli/cmv_voluntary_eugenics_is_already_being_practiced/lky1ser/', 'replies': <praw.models.comment_forest.CommentForest object at 0x2a7b9d7d0>, 'saved': False, 'score': 4, 'stickied': False, 'submission': Submission(id='1f60cli')}",3,"Gene therapy isn't exactly eugenics. If an individual receives gene therapy, the individual's gametes do not receive the gene therapy, and it's not passed on to offspring. Whatever genetic condition they have, can be passed to their offspring. The condition is not selected out, and therefore not considered eugenics.","When we think of eugenics historically it usually involves the government forcing sterilization or simply killing people against their will. I think the problem here is consent not the choice to influence genetics of offspring. I can give numerous examples here of how parents influence the genetics of their offspring and I would consider this to be a light form of voluntary eugenics.\n\n1. Genetics screening of sperm donors.\n\n2. Genetic screening of parents themselves for that matter\n\n3. Genetics Screening of embryos then selecting out diseases or selecting desired traits. The second one is less common but I believe it's happening with the rich already in my places.\n\n4. Mitochondrial Replacement Therapy: Techniques like ""three-parent IVF"" replace defective mitochondrial DNA with healthy mitochondria from a donor.\n\n5. Aborting undesirable fetuses. I believe something on the order of 90% of down syndrome fetuses are aborted.\n\n6. Gene therapy. Emerging as a voluntary form of eugenics, aiming to treat or even prevent certain genetic conditions.\n\n7. Sperm and egg freezing for “genetic fitness” reasons.\n\n\nI don't want this to be a semantic argument but these are absolutely forms of voluntary eugenics.\n\n**The reason this is a good thing is:\n**\n\n1. Healthier babies and offspring\n\n2. Potentially fitter and smarter babies.\n\nI guess that's about it... we kinda need a generation of smart people to solve some of the problems coming up.",CMV: Voluntary Eugenics is Already Being Practiced and That's a Good Thing,True,
lkwqrsm,mega_douche1,1f60cli,lkwqf5w,1725147002.0,The effect will be seen in society as a whole. The only difference is the consent part. Doctors will be advising parents on what to select so it's still happening at a population level.,"{'created_utc': 1725147002.0, 'body_html': '<div class=""md""><p>The effect will be seen in society as a whole. The only difference is the consent part. Doctors will be advising parents on what to select so it&#39;s still happening at a population level.</p>\n</div>', 'edited': False, 'id': 'lkwqrsm', 'is_submitter': True, 'link_id': 't3_1f60cli', 'parent_id': 't1_lkwqf5w', 'permalink': '/r/changemyview/comments/1f60cli/cmv_voluntary_eugenics_is_already_being_practiced/lkwqrsm/', 'replies': <praw.models.comment_forest.CommentForest object at 0x2a7b9ae10>, 'saved': False, 'score': 1, 'stickied': False, 'submission': Submission(id='1f60cli')}",3,"What you are describing is artificial selection, not necessarily eugenics.  The difference is primarily in the justification and the scale at which the intended effect of the decision takes place.  \n\nIn general, eugenics isn't a thing to make one individual have a particular kind of child, it is an effort to guide the direction of the gene pool overall.  It is intended to operate at a societal level, or at least a group level, as compared to the kind of individual artificial selection you're talking about.  \n\nThis distinction is important not just because of the (entirely justified) negative connotations of eugenics, but because it is important to recognize that all of the criteria used to screen genetics at different levels or make reproductive decisions are different for each person and process.  Not everyone is going to have the same standard for what decisions they make at any level of the reproductive process.  That is different than any attempt to guide genetic movement more broadly.\n\nEdited to clarify my point","When we think of eugenics historically it usually involves the government forcing sterilization or simply killing people against their will. I think the problem here is consent not the choice to influence genetics of offspring. I can give numerous examples here of how parents influence the genetics of their offspring and I would consider this to be a light form of voluntary eugenics.\n\n1. Genetics screening of sperm donors.\n\n2. Genetic screening of parents themselves for that matter\n\n3. Genetics Screening of embryos then selecting out diseases or selecting desired traits. The second one is less common but I believe it's happening with the rich already in my places.\n\n4. Mitochondrial Replacement Therapy: Techniques like ""three-parent IVF"" replace defective mitochondrial DNA with healthy mitochondria from a donor.\n\n5. Aborting undesirable fetuses. I believe something on the order of 90% of down syndrome fetuses are aborted.\n\n6. Gene therapy. Emerging as a voluntary form of eugenics, aiming to treat or even prevent certain genetic conditions.\n\n7. Sperm and egg freezing for “genetic fitness” reasons.\n\n\nI don't want this to be a semantic argument but these are absolutely forms of voluntary eugenics.\n\n**The reason this is a good thing is:\n**\n\n1. Healthier babies and offspring\n\n2. Potentially fitter and smarter babies.\n\nI guess that's about it... we kinda need a generation of smart people to solve some of the problems coming up.",CMV: Voluntary Eugenics is Already Being Practiced and That's a Good Thing,False,
lsyp7ok,Yogurtcloset_Choice,1g8hklp,lsynxfo,1729488205.0,"While you're not incorrect, I still think the amount of power that a zoning commission has to enact laws as it sees fit when they aren't even elected half the time is absolutely insane \n\n!delta","{'created_utc': 1729488205.0, 'body_html': '<div class=""md""><p>While you&#39;re not incorrect, I still think the amount of power that a zoning commission has to enact laws as it sees fit when they aren&#39;t even elected half the time is absolutely insane </p>\n\n<p>!delta</p>\n</div>', 'edited': False, 'id': 'lsyp7ok', 'is_submitter': True, 'link_id': 't3_1g8hklp', 'parent_id': 't1_lsynxfo', 'permalink': '/r/changemyview/comments/1g8hklp/cmv_zoning_commissions_and_laws_in_general_should/lsyp7ok/', 'replies': <praw.models.comment_forest.CommentForest object at 0x28f40d750>, 'saved': False, 'score': 1, 'stickied': False, 'submission': Submission(id='1g8hklp')}",3,"Imagine a school. Upwind of it, a coal plant. Downwind, a prison for pedophiles.\n\n\nDo you think this is a good place to build a school? If not, you understand that sometimes you should care what things are next to each other.",I thought this for a very long time but I am open to having my mind changed about what benefit zoning actually has.\n\nIf we're worried about over deforestation and things like that we really don't have to be because any land that isn't privately owned is currently owned by the federal government. They determine when it is time to sell that land or hold on to it for parks and whatnot. \n\nHalf the time zoning commissions aren't even elected officials they're just appointed which means they are unelected officials with a whole lot of power determining whether or not you can open a business in a certain location or build a home or an apartment complex or anything at all. \n\nIt just seems like it prevents the creation of new housing and businesses and doesn't have any real tangible benefit.,CMV: zoning commissions and laws in general should not exist,True,
lsynzf8,Yogurtcloset_Choice,1g8hklp,lsykoqf,1729487504.0,So what would you say if I said zoning boards should not exist outside of deciding where factories should be placed?,"{'created_utc': 1729487504.0, 'body_html': '<div class=""md""><p>So what would you say if I said zoning boards should not exist outside of deciding where factories should be placed?</p>\n</div>', 'edited': False, 'id': 'lsynzf8', 'is_submitter': True, 'link_id': 't3_1g8hklp', 'parent_id': 't1_lsykoqf', 'permalink': '/r/changemyview/comments/1g8hklp/cmv_zoning_commissions_and_laws_in_general_should/lsynzf8/', 'replies': <praw.models.comment_forest.CommentForest object at 0x2b16a6110>, 'saved': False, 'score': 0, 'stickied': False, 'submission': Submission(id='1g8hklp')}",3,"I live next to 2 big plants one produces coke the other makes steel, it is an old factory where there is a lot of trouble keeping up with regulations and just end up paying the fines, there has been a lawsuit won because the area is 8x times more likely to develop certain types of cancers.. it really is a horrible situation in a depressed area but im sure you dont have to worry about that, you know why? because of zoning laws.",I thought this for a very long time but I am open to having my mind changed about what benefit zoning actually has.\n\nIf we're worried about over deforestation and things like that we really don't have to be because any land that isn't privately owned is currently owned by the federal government. They determine when it is time to sell that land or hold on to it for parks and whatnot. \n\nHalf the time zoning commissions aren't even elected officials they're just appointed which means they are unelected officials with a whole lot of power determining whether or not you can open a business in a certain location or build a home or an apartment complex or anything at all. \n\nIt just seems like it prevents the creation of new housing and businesses and doesn't have any real tangible benefit.,CMV: zoning commissions and laws in general should not exist,False,
lso6a8y,NeoLeonn3,1g76ej1,lso5zcv,1729337908.0,!delta mostly because of reason 1 (that's indeed funny although a very specific scenario) and 2 (I didn't think of such a scenario),"{'created_utc': 1729337908.0, 'body_html': '<div class=""md""><p>!delta mostly because of reason 1 (that&#39;s indeed funny although a very specific scenario) and 2 (I didn&#39;t think of such a scenario)</p>\n</div>', 'edited': False, 'id': 'lso6a8y', 'is_submitter': True, 'link_id': 't3_1g76ej1', 'parent_id': 't1_lso5zcv', 'permalink': '/r/changemyview/comments/1g76ej1/cmv_there_is_no_real_reason_to_wear_a_bands_or/lso6a8y/', 'replies': <praw.models.comment_forest.CommentForest object at 0x2898be450>, 'saved': False, 'score': 2, 'stickied': False, 'submission': Submission(id='1g76ej1')}",3,I have a friend who wears a lot of Matt&Kim merchandise because his name is Matt and his sister's name is Kim and he thinks that's funny. He doesn't listen to their music. It's a form of expression for him to wear their merchandise.\n\nI know someone who is deaf that wears a lot of band shirts just because he likes the designs; he's never heard any of them. \n\nI myself have a couple band shirts that were gifts. I'm not going to get rid of a perfectly good shirt just because I don't listen to the band. \n\nI see lots of reasons why someone would wear a band shirt.,"Before I say anything, I know there are people who take such a take very far. I'm not saying you should know all their songs and every single piece of trivia regarding the artist or band, but at least you should be able to honestly answer what your favourite song is if there's discussion about said artist or band, even if it's their most famous song that everyone knows, even if you only know 2-3 songs of this artist in total.\n\nClothing is a form of expression. You choose to wear specific clothes because you want to express a side of yourself. When it comes to certain interests, clothing can be used to show you belong to a certain group of people so that others that belong to said group can identify you. If you wear a team's shirt, for example, people will believe you support said team and they might start a conversation about them. Several music subcultures may have their own style. The goth subculture, for example, is associated with specific genres of music. The punk subculture as well. In a similar way, you wear a band's or artist's shirt to show you like an artist. Buying an artist's merch is also a way to show financial support to them. In some music scenes (especially in rock and metal), specifically wearing band t-shirts is part of the culture. By wearing such a t-shirt you show to the world you are a fan of that band/artist by adopting this element of this culture, thus by doing it in an unacknowledged manner, which is the definition of cultural appropriation.\n\nOne common argument in favour of wearing a band's t-shirt without listening to them is ""I just like the design, so I wear it"". Do you find it acceptable to wear anything as long as you like the design? When it comes to ethnic cultures there is often an argument about clothing etc that is associated with a culture, there's also the infamous debate about white people wearing dreadlocks, I don't really want to focus too much on making this comparison though. Some bands, especially in some subgenres of metal, are notoriously famous for supporting far-right ideologies like fascism or nazism, like Burzum for example. If you haven't listened to them, then most likely you don't know about their ideology, etc. So if you wore their t-shirt, you would pretty much show support towards them. If you wouldn't wear a hate group's shirts just because you like the design, why would you wear a band's shirt that has similar ideologies? ""I didn't know"" then maybe you should have known.\n\nI really can't see any good reasons to wear band/artist merch without listening to them, apart from very specific exceptions:\n\n* You know the artist/people in the band personally so you support them even if you don't necessarily like their music because that's what friends do.\n* Someone important to you (who might have passed away) listened to that band/artist and you honor them by wearing their merch.\n* You don't have much money and this is the only thing you could buy.\n\nThings that will change my opinion:\n\n* Valid reasons for the average person to wear a band/artist t-shirt without listening to them, instead of wearing literally anything else.\n\nThings that will not change my opinion:\n\n* ""Just let people wear whatever they want"" of course they should wear whatever they want, it's not like I'd tell anyone ""take off this shirt, you don't listen to the band"".\n* Focusing too much on me calling it ""cultural appropriation"". It's obviously not the same with other more important examples of cultural appropriation, if the term I used bothers you then present a more suitable one.\n* Mentioning negative behaviours of people with similar opinions to this. Yes some people will ask you their whole discography or nonsense trivia, this is too much gatekeeping though and it's mostly for them to feel better than others. Being able to say a song you really like from an artist is literally not much and it's like the most basic thing in order to have a conversation about the artist.\n* ""The band/artist makes money so they don't care"" although most likely right, it's a bit shallow. \n* Reasons I already mentioned.\n\nI really want to see a different perspective because it is something I don't understand why people do and personally I wouldn't do. Maybe there are reasons I haven't thought about.",CMV: There is no real reason to wear a band's or artist's merch without liking their music and it's kinda a form of cultural appropriation,True,
lt0dlss,NeoLeonn3,1g76ej1,lt0dfar,1729520845.0,Didn't I mention a similar reason already though?,"{'created_utc': 1729520845.0, 'body_html': '<div class=""md""><p>Didn&#39;t I mention a similar reason already though?</p>\n</div>', 'edited': False, 'id': 'lt0dlss', 'is_submitter': True, 'link_id': 't3_1g76ej1', 'parent_id': 't1_lt0dfar', 'permalink': '/r/changemyview/comments/1g76ej1/cmv_there_is_no_real_reason_to_wear_a_bands_or/lt0dlss/', 'replies': <praw.models.comment_forest.CommentForest object at 0x2898be010>, 'saved': False, 'score': 1, 'stickied': False, 'submission': Submission(id='1g76ej1')}",3,poverty and donated clothing.,"Before I say anything, I know there are people who take such a take very far. I'm not saying you should know all their songs and every single piece of trivia regarding the artist or band, but at least you should be able to honestly answer what your favourite song is if there's discussion about said artist or band, even if it's their most famous song that everyone knows, even if you only know 2-3 songs of this artist in total.\n\nClothing is a form of expression. You choose to wear specific clothes because you want to express a side of yourself. When it comes to certain interests, clothing can be used to show you belong to a certain group of people so that others that belong to said group can identify you. If you wear a team's shirt, for example, people will believe you support said team and they might start a conversation about them. Several music subcultures may have their own style. The goth subculture, for example, is associated with specific genres of music. The punk subculture as well. In a similar way, you wear a band's or artist's shirt to show you like an artist. Buying an artist's merch is also a way to show financial support to them. In some music scenes (especially in rock and metal), specifically wearing band t-shirts is part of the culture. By wearing such a t-shirt you show to the world you are a fan of that band/artist by adopting this element of this culture, thus by doing it in an unacknowledged manner, which is the definition of cultural appropriation.\n\nOne common argument in favour of wearing a band's t-shirt without listening to them is ""I just like the design, so I wear it"". Do you find it acceptable to wear anything as long as you like the design? When it comes to ethnic cultures there is often an argument about clothing etc that is associated with a culture, there's also the infamous debate about white people wearing dreadlocks, I don't really want to focus too much on making this comparison though. Some bands, especially in some subgenres of metal, are notoriously famous for supporting far-right ideologies like fascism or nazism, like Burzum for example. If you haven't listened to them, then most likely you don't know about their ideology, etc. So if you wore their t-shirt, you would pretty much show support towards them. If you wouldn't wear a hate group's shirts just because you like the design, why would you wear a band's shirt that has similar ideologies? ""I didn't know"" then maybe you should have known.\n\nI really can't see any good reasons to wear band/artist merch without listening to them, apart from very specific exceptions:\n\n* You know the artist/people in the band personally so you support them even if you don't necessarily like their music because that's what friends do.\n* Someone important to you (who might have passed away) listened to that band/artist and you honor them by wearing their merch.\n* You don't have much money and this is the only thing you could buy.\n\nThings that will change my opinion:\n\n* Valid reasons for the average person to wear a band/artist t-shirt without listening to them, instead of wearing literally anything else.\n\nThings that will not change my opinion:\n\n* ""Just let people wear whatever they want"" of course they should wear whatever they want, it's not like I'd tell anyone ""take off this shirt, you don't listen to the band"".\n* Focusing too much on me calling it ""cultural appropriation"". It's obviously not the same with other more important examples of cultural appropriation, if the term I used bothers you then present a more suitable one.\n* Mentioning negative behaviours of people with similar opinions to this. Yes some people will ask you their whole discography or nonsense trivia, this is too much gatekeeping though and it's mostly for them to feel better than others. Being able to say a song you really like from an artist is literally not much and it's like the most basic thing in order to have a conversation about the artist.\n* ""The band/artist makes money so they don't care"" although most likely right, it's a bit shallow. \n* Reasons I already mentioned.\n\nI really want to see a different perspective because it is something I don't understand why people do and personally I wouldn't do. Maybe there are reasons I haven't thought about.",CMV: There is no real reason to wear a band's or artist's merch without liking their music and it's kinda a form of cultural appropriation,False,
kv6ozag,[deleted],1bgdwgz,kv6l8lq,1710620425.0,!delta there's some evidence that the situation on the ground is complicating Israel's capability to fulfil their responsibility.,"{'created_utc': 1710620425.0, 'body_html': '<div class=""md""><p>!delta there&#39;s some evidence that the situation on the ground is complicating Israel&#39;s capability to fulfil their responsibility.</p>\n</div>', 'edited': False, 'id': 'kv6ozag', 'is_submitter': False, 'link_id': 't3_1bgdwgz', 'parent_id': 't1_kv6l8lq', 'permalink': '/r/changemyview/comments/1bgdwgz/cmv_israel_is_responsible_for_providing_and/kv6ozag/', 'replies': <praw.models.comment_forest.CommentForest object at 0x2d69ec390>, 'saved': False, 'score': 16, 'stickied': False, 'submission': Submission(id='1bgdwgz')}",3,"Israel is allowing aid into Gaza, Hamas is just stopping it getting to all the people.  Aid agencies are demanding Israel guarantee their safety which it cannot do, but Israel allows them in\n\nJust yesterday Hamas executed the head of a Palestinian clan that they felt was collaborating with Israel to get food to Palestinians not through Hamas.","1. When a party occupies the territory of another party, the occupier has the responsibility to provide aid to the civilians. Israel is no exception. They have air superiority and significant IDF presence in Gaza, they are occupying Gaza and therefore they have the responsibility to provide aid. America provided sufficient aid to Afghanistan and Iraq when they invaded those countries, and Israel is no exception.\n\n2. The only reliable way to let aid in is through the land crossings, which Israel has a monopoly over. Even though Egypt technically controls the Rafah crossing, nothing can go through without Israel's green light. It's Israel's responsibility to make sure aid from other countries are allowed into Gaza.\n\nDoes Hamas has some responsibility too? Yes, but it's unlikely that they have enough aid to provide for millions of Gazans, and they don't control the land borders like Israel does. Ultimately, practically speaking Israel holds nearly all the cards.\n\nThe situation on the ground is absolutely dire and desperate. Not providing or at least allowing sufficient aid into Gaza is immoral and inhumane. It amounts to at best collective punishment, at worst genocidal (a word I don't use lightly).\n\nI'd like to hear why Israel doesn't have that responsibility or if they do, why they don't have to fulfill it.",CMV: Israel is responsible for providing and allowing sufficient aid into Gaza,True,
kv77ebk,[deleted],1bgdwgz,kv6pspa,1710627614.0,IDF has literally built a road that splits Gaza in half! Building infrastructure in a land you don’t own doesn’t bring hostages back,"{'created_utc': 1710627614.0, 'body_html': '<div class=""md""><p>IDF has literally built a road that splits Gaza in half! Building infrastructure in a land you don’t own doesn’t bring hostages back</p>\n</div>', 'edited': False, 'id': 'kv77ebk', 'is_submitter': False, 'link_id': 't3_1bgdwgz', 'parent_id': 't1_kv6pspa', 'permalink': '/r/changemyview/comments/1bgdwgz/cmv_israel_is_responsible_for_providing_and/kv77ebk/', 'replies': <praw.models.comment_forest.CommentForest object at 0x2d69dee10>, 'saved': False, 'score': -1, 'stickied': False, 'submission': Submission(id='1bgdwgz')}",3,"Not an occupation while conflict is ongoing. If Hamas stops fighting, you are correct. Until IDF establishes actual control, including the tunnels, then occupation has not begun.","1. When a party occupies the territory of another party, the occupier has the responsibility to provide aid to the civilians. Israel is no exception. They have air superiority and significant IDF presence in Gaza, they are occupying Gaza and therefore they have the responsibility to provide aid. America provided sufficient aid to Afghanistan and Iraq when they invaded those countries, and Israel is no exception.\n\n2. The only reliable way to let aid in is through the land crossings, which Israel has a monopoly over. Even though Egypt technically controls the Rafah crossing, nothing can go through without Israel's green light. It's Israel's responsibility to make sure aid from other countries are allowed into Gaza.\n\nDoes Hamas has some responsibility too? Yes, but it's unlikely that they have enough aid to provide for millions of Gazans, and they don't control the land borders like Israel does. Ultimately, practically speaking Israel holds nearly all the cards.\n\nThe situation on the ground is absolutely dire and desperate. Not providing or at least allowing sufficient aid into Gaza is immoral and inhumane. It amounts to at best collective punishment, at worst genocidal (a word I don't use lightly).\n\nI'd like to hear why Israel doesn't have that responsibility or if they do, why they don't have to fulfill it.",CMV: Israel is responsible for providing and allowing sufficient aid into Gaza,False,
lcr8fiu,Odd-Carpet-5986,1e11r9e,lcr0eyw,1720741556.0,!delta bc i personally didn't really regard scientology as a proper religion but it most certainly is from a technical pov,"{'created_utc': 1720741556.0, 'body_html': '<div class=""md""><p>!delta bc i personally didn&#39;t really regard scientology as a proper religion but it most certainly is from a technical pov</p>\n</div>', 'edited': 1720743416.0, 'id': 'lcr8fiu', 'is_submitter': True, 'link_id': 't3_1e11r9e', 'parent_id': 't1_lcr0eyw', 'permalink': '/r/changemyview/comments/1e11r9e/cmv_islam_is_the_most_political_and_furthest_away/lcr8fiu/', 'replies': <praw.models.comment_forest.CommentForest object at 0x296641450>, 'saved': False, 'score': 54, 'stickied': False, 'submission': Submission(id='1e11r9e')}",3,"You haven’t read up on Scientology yet, I see","i think that all religions offer fragments of truth, that when pieced together eclectically and viewed figuratively, with an open mind can answer questions like where do we come from, why we're here etc. i know that all religions can serve political agendas but i feel like islam was specifically designed for that and it seems to be the furthest away from the same universal truth that each other religion tried to convey in its way, according to its historical and societal context.\n\nislam positions itself as a correction to all these previous religions and harbors a historical and doctrinal insistence on its absolute truth and finality, which results in a heightened display of agression, defensiveness and self entitlement among many muslims. \n\nthis manifests in a resistance to criticism and further insistence on the primacy of islam even when its principles clash with modern values or other people's beliefs (i noted that many muslims are not respectful towards other people's beliefs, and if they are it tends to be a feigned respect) \n\nin contrast, i feel like other religions tend to follow the same developmental trajectory and have a certain complementarity to them that allows for flexible interpretation. but islam's distinct approach resists such integration aiming instead to establish its supremacy.\n\nthis intrinsic defensiveness leads to intra-community conflicts, and muslims tend to monitor each other's behavior as well (im thinking of the 100 monkeys experiment) which brings me to my next point which is that islam incorporates values that can be seen as mechanisms of control. like the strong emphasis on obedience to parents (which we know can be harmful), the punitive measures for apostasy and blasphemy and the authority of religious leaders and scholars (literally every king of a muslim monarchy claims descendance from the prophet even when it doesn't make sense from an ethnical pov, im from a country like that and i can assure you that it works in maintaining the status quo) and their interpretations are accepted without question, stifling critical thinking and personal interpretation. \n\ni feel like islam encourages adherence through fear and hate. like i as a child, at school or at home i would get told a lot of scary stories to justify what should and shouldn't be done, and i always lived in anxiety bc i interpreted stuff literally, that was probably due to my autism. but i digress. \n\nanyways change my view.\n\n\n\n",cmv: islam is the most political and furthest away religion from universal truth,True,
lcr1sh3,Odd-Carpet-5986,1e11r9e,lcr0eyw,1720739100.0,"lmao, true, i kind of discard it in my head bc it feels more like a cult to me (but isnt every religion at the end of the day?)","{'created_utc': 1720739100.0, 'body_html': '<div class=""md""><p>lmao, true, i kind of discard it in my head bc it feels more like a cult to me (but isnt every religion at the end of the day?)</p>\n</div>', 'edited': False, 'id': 'lcr1sh3', 'is_submitter': True, 'link_id': 't3_1e11r9e', 'parent_id': 't1_lcr0eyw', 'permalink': '/r/changemyview/comments/1e11r9e/cmv_islam_is_the_most_political_and_furthest_away/lcr1sh3/', 'replies': <praw.models.comment_forest.CommentForest object at 0x296641150>, 'saved': False, 'score': 8, 'stickied': False, 'submission': Submission(id='1e11r9e')}",3,"You haven’t read up on Scientology yet, I see","i think that all religions offer fragments of truth, that when pieced together eclectically and viewed figuratively, with an open mind can answer questions like where do we come from, why we're here etc. i know that all religions can serve political agendas but i feel like islam was specifically designed for that and it seems to be the furthest away from the same universal truth that each other religion tried to convey in its way, according to its historical and societal context.\n\nislam positions itself as a correction to all these previous religions and harbors a historical and doctrinal insistence on its absolute truth and finality, which results in a heightened display of agression, defensiveness and self entitlement among many muslims. \n\nthis manifests in a resistance to criticism and further insistence on the primacy of islam even when its principles clash with modern values or other people's beliefs (i noted that many muslims are not respectful towards other people's beliefs, and if they are it tends to be a feigned respect) \n\nin contrast, i feel like other religions tend to follow the same developmental trajectory and have a certain complementarity to them that allows for flexible interpretation. but islam's distinct approach resists such integration aiming instead to establish its supremacy.\n\nthis intrinsic defensiveness leads to intra-community conflicts, and muslims tend to monitor each other's behavior as well (im thinking of the 100 monkeys experiment) which brings me to my next point which is that islam incorporates values that can be seen as mechanisms of control. like the strong emphasis on obedience to parents (which we know can be harmful), the punitive measures for apostasy and blasphemy and the authority of religious leaders and scholars (literally every king of a muslim monarchy claims descendance from the prophet even when it doesn't make sense from an ethnical pov, im from a country like that and i can assure you that it works in maintaining the status quo) and their interpretations are accepted without question, stifling critical thinking and personal interpretation. \n\ni feel like islam encourages adherence through fear and hate. like i as a child, at school or at home i would get told a lot of scary stories to justify what should and shouldn't be done, and i always lived in anxiety bc i interpreted stuff literally, that was probably due to my autism. but i digress. \n\nanyways change my view.\n\n\n\n",cmv: islam is the most political and furthest away religion from universal truth,False,
ll4i3ot,softhackle,1f72hcb,ll4hk7g,1725271937.0,"**Δ** This is a good point, thank you. The tax credits and refund are an aspect I didn't think about. I'm still convinced it's a bad idea though. \n\nAs far as food food workers, I meant restaurant workers, not fast food, just mistyped...","{'created_utc': 1725271937.0, 'body_html': '<div class=""md""><p><strong>Δ</strong> This is a good point, thank you. The tax credits and refund are an aspect I didn&#39;t think about. I&#39;m still convinced it&#39;s a bad idea though. </p>\n\n<p>As far as food food workers, I meant restaurant workers, not fast food, just mistyped...</p>\n</div>', 'edited': False, 'id': 'll4i3ot', 'is_submitter': True, 'link_id': 't3_1f72hcb', 'parent_id': 't1_ll4hk7g', 'permalink': '/r/changemyview/comments/1f72hcb/cmv_both_presidential_candidates_endorse_removing/ll4i3ot/', 'replies': <praw.models.comment_forest.CommentForest object at 0x2a1a14cd0>, 'saved': False, 'score': 17, 'stickied': False, 'submission': Submission(id='1f72hcb')}",3,"The examples you point out aren't unfair. A minimum wage Walmart worker will receive not only a full refund on their taxes, they will receive tax credits even. On top of which their SS contribution are still counted and therefore will be higher than the average service worker's contribution meaning that they will receive a higher retirement payment from SS. Ultimately, it's either a wash in terms of tax burden, or is better to be a normal wage worker. Ultimately it makes it simpler IRS. \n\n\nAdditionally fast food restaurant workers don't usually count as tipped employees, and if they do get tipped it's not at the same rate as sit-downs. Unless the law changed. I don't know how they plan on designing the law, but unless you can show me otherwise, i doubt this is meant as all tips are tax free, but rather that ""tipped employees"" who receive their income largely from tips will be exempt.","I don't see any positive aspects to this, only the following negative aspects.\n\n1. Why should a ~~fast-food~~ restaurant worker have a substantial tax advantage over, say, a Walmart employee with an hourly wage earning as much or most likely less? That's incredibly unfair.\n2. Some service/hospitality staff at high end restaurants make an excellent living on tips, why shouldn't they pay taxes like others earning a similar, or in some cases, far lower wage?\n3. If you thought tipping culture was broken now, wait until everyone else who doesn't currently get tips starts demanding them.  Sure, maybe they'll set limits on which professions can get tips, but that will end up being a pretty complicated process. People in tons of different fields and professions currently get tips. Who gets them tax-free, and why?\n\nChange my view?","CMV: Both presidential candidates endorse removing taxes on tips. It's a terrible, unfair idea. ",True,
ll515zf,softhackle,1f72hcb,ll50uov,1725281830.0,I’m very surprised at how anti-taxation some of the responses here are.,"{'created_utc': 1725281830.0, 'body_html': '<div class=""md""><p>I’m very surprised at how anti-taxation some of the responses here are.</p>\n</div>', 'edited': False, 'id': 'll515zf', 'is_submitter': True, 'link_id': 't3_1f72hcb', 'parent_id': 't1_ll50uov', 'permalink': '/r/changemyview/comments/1f72hcb/cmv_both_presidential_candidates_endorse_removing/ll515zf/', 'replies': <praw.models.comment_forest.CommentForest object at 0x2a1a146d0>, 'saved': False, 'score': 14, 'stickied': False, 'submission': Submission(id='1f72hcb')}",3,"Yes, it's a terrible idea that perpetuates the notion that there should be tax loopholes for different kinds of income.","I don't see any positive aspects to this, only the following negative aspects.\n\n1. Why should a ~~fast-food~~ restaurant worker have a substantial tax advantage over, say, a Walmart employee with an hourly wage earning as much or most likely less? That's incredibly unfair.\n2. Some service/hospitality staff at high end restaurants make an excellent living on tips, why shouldn't they pay taxes like others earning a similar, or in some cases, far lower wage?\n3. If you thought tipping culture was broken now, wait until everyone else who doesn't currently get tips starts demanding them.  Sure, maybe they'll set limits on which professions can get tips, but that will end up being a pretty complicated process. People in tons of different fields and professions currently get tips. Who gets them tax-free, and why?\n\nChange my view?","CMV: Both presidential candidates endorse removing taxes on tips. It's a terrible, unfair idea. ",False,
lrnk0ut,Few-Asparagus-3469,1g2e19i,lrnihxo,1728782094.0,!delta I see where you are coming from. Using your language what I am describing is more romantic preference.\n\nThe love you describe seems to refer more to an unconditional feeling that extends to all things capable of receiving it. I wanted to be very specific with my post to refer to the kind of “love” that exists solely between people who are in a monogamous relationship. A wife does not “love” a random man on the street in the same way she “loves” her husband. But again it seems we are differing only in the language we use.,"{'created_utc': 1728782094.0, 'body_html': '<div class=""md""><p>!delta I see where you are coming from. Using your language what I am describing is more romantic preference.</p>\n\n<p>The love you describe seems to refer more to an unconditional feeling that extends to all things capable of receiving it. I wanted to be very specific with my post to refer to the kind of “love” that exists solely between people who are in a monogamous relationship. A wife does not “love” a random man on the street in the same way she “loves” her husband. But again it seems we are differing only in the language we use.</p>\n</div>', 'edited': False, 'id': 'lrnk0ut', 'is_submitter': True, 'link_id': 't3_1g2e19i', 'parent_id': 't1_lrnihxo', 'permalink': '/r/changemyview/comments/1g2e19i/cmv_nobody_is_inherently_worthy_of_romantic_love/lrnk0ut/', 'replies': <praw.models.comment_forest.CommentForest object at 0x28a976c50>, 'saved': False, 'score': 2, 'stickied': False, 'submission': Submission(id='1g2e19i')}",3,"I think the problem you have is that you confuse attraction (physical, cultural or biological) with love.\n\nFirst you have to define ""love"" in order to speak properly.\n\nFor example, in my view, ""love"" corresponds to the purest possible level of goodness.\n\nTherefore, ""romantic"" love does not exist, there is only love and non-love. And therefore, one can only love everything that is capable of receiving goodness.\n\nI am not religious, but the way Christianity defines Jesus' feeling towards the rest of humans fits perfectly into this definition.\n\nAny other form of ""love"" is only preference. Therefore, in my view, if you love, you must love everyone.\n\nI'm not saying there aren't other ways to define ""love"", it's just my way. If you think there's another version, you should bring it up so we don't confuse terms.","A common trope I see online is to say that we are all worthy of finding a romantic partner. Often I see it in the context of consoling people who have been broken up with or those who are feeling down as a result of rejection.\n\nMy belief that this is a false idea comes entirely from the fact that is: Dating is a selective process.\n\nWhen someone looks for a partner they will filter potential mates for a whole host of reasons. Whether it is their looks, behaviours, possessions or whatever. It is subjective for each person. Following from this a person will reject someone else because they do not fit into their dating criteria which is to say this person is not worthy of my romantic love.\n\nNow, if we imagine two people.\n\nPerson A is kind, funny, encouraging, physically attractive and rich.\n\nPerson B is hostile, cynical, ugly and poor.\n\nAny person would naturally be more attracted to Person A. If it is true that desirable traits in a human exist, then those without those traits are less desirable and therefore less worthy of love.\n\nTherefore, if someone with similar traits to Person B is after romantic love it is their duty to work to become much more like Person A.\n\nA person is worthy of romantic love if and only if they possess traits that somebody else desires. ",CMV: Nobody is inherently worthy of romantic love,True,
lrnmjm6,Few-Asparagus-3469,1g2e19i,lrnk1fa,1728783120.0,I would really like to understand your view. It seems to begin with a fundamental belief that all humans are worthy of love period.\n\nI agree that no one is obliged to love us. But there exists individuals that find themselves much more commonly appreciated and accepted by others. \n\nIf we are all worthy of love how do we reconcile that some people are loved much more than others. I think the only reasonable response to this is that those who are favoured must be by definition more worthy of love than those who are not.,"{'created_utc': 1728783120.0, 'body_html': '<div class=""md""><p>I would really like to understand your view. It seems to begin with a fundamental belief that all humans are worthy of love period.</p>\n\n<p>I agree that no one is obliged to love us. But there exists individuals that find themselves much more commonly appreciated and accepted by others. </p>\n\n<p>If we are all worthy of love how do we reconcile that some people are loved much more than others. I think the only reasonable response to this is that those who are favoured must be by definition more worthy of love than those who are not.</p>\n</div>', 'edited': False, 'id': 'lrnmjm6', 'is_submitter': True, 'link_id': 't3_1g2e19i', 'parent_id': 't1_lrnk1fa', 'permalink': '/r/changemyview/comments/1g2e19i/cmv_nobody_is_inherently_worthy_of_romantic_love/lrnmjm6/', 'replies': <praw.models.comment_forest.CommentForest object at 0x28c06ddd0>, 'saved': False, 'score': 0, 'stickied': False, 'submission': Submission(id='1g2e19i')}",3,"We are all worthy of love. \n\nNo one has an obligation to love us. \n\nHow can we be worthy of something that no one has to give us? The same way your painting has value even if no one buys it, and the same way you've done a good deed even if no one knows.\n\nThere are many kinds of value, and markets are only good at finding some of them.","A common trope I see online is to say that we are all worthy of finding a romantic partner. Often I see it in the context of consoling people who have been broken up with or those who are feeling down as a result of rejection.\n\nMy belief that this is a false idea comes entirely from the fact that is: Dating is a selective process.\n\nWhen someone looks for a partner they will filter potential mates for a whole host of reasons. Whether it is their looks, behaviours, possessions or whatever. It is subjective for each person. Following from this a person will reject someone else because they do not fit into their dating criteria which is to say this person is not worthy of my romantic love.\n\nNow, if we imagine two people.\n\nPerson A is kind, funny, encouraging, physically attractive and rich.\n\nPerson B is hostile, cynical, ugly and poor.\n\nAny person would naturally be more attracted to Person A. If it is true that desirable traits in a human exist, then those without those traits are less desirable and therefore less worthy of love.\n\nTherefore, if someone with similar traits to Person B is after romantic love it is their duty to work to become much more like Person A.\n\nA person is worthy of romantic love if and only if they possess traits that somebody else desires. ",CMV: Nobody is inherently worthy of romantic love,False,
m0zbc4j,999forever,1h98t13,m0z8l2h,1733630259.0,"Δ\n\nOkay, I think this post (and similar posts) have moved me a bit. It feels weird, because we are acknowledging something that typically goes unsaid, but a rationale for enhanced response for assassination type killings is the risk of degradation of social fabric and society wide justice. Whether or not our current society is *structured* in any way that ordinary people can get justice for abuses inflicted on them by mega-corps is a different question and discussion.","{'created_utc': 1733630259.0, 'body_html': '<div class=""md""><p>Δ</p>\n\n<p>Okay, I think this post (and similar posts) have moved me a bit. It feels weird, because we are acknowledging something that typically goes unsaid, but a rationale for enhanced response for assassination type killings is the risk of degradation of social fabric and society wide justice. Whether or not our current society is <em>structured</em> in any way that ordinary people can get justice for abuses inflicted on them by mega-corps is a different question and discussion.</p>\n</div>', 'edited': False, 'id': 'm0zbc4j', 'is_submitter': True, 'link_id': 't3_1h98t13', 'parent_id': 't1_m0z8l2h', 'permalink': '/r/changemyview/comments/1h98t13/cmv_nypd_should_not_be_putting_more_resources/m0zbc4j/', 'replies': <praw.models.comment_forest.CommentForest object at 0x773393034c80>, 'saved': False, 'score': 247, 'stickied': False, 'submission': Submission(id='1h98t13')}",3,">Murder is murder.\n\nThis isn't true. In this case it wasn't just a murder, it was an assassination. The killer wasn't just killing Brian Thompson, he was killing the CEO of United Healthcare. It wasn't about the person it was about the position.\n\nThis case is a bit morally complicated so instead think about Mexican cartels murdering a judge who's presiding over a case of one of their people, or a politician working to curb their power. These types of killings are way worse than ""random homeless guy kills other random homeless guy for no reason"" because they have a broader purpose behind them, and generally speaking you don't want to live in a society where people accomplish political or personal goals by killing their opponents.\n\nNow I do think that you could argue that this specific killing was justified, but do you want NYPD to be the ones picking and choosing which assassinations are justified and which aren't?\n\nEDIT: To clarify a bit, the analogy with cartels isn't that the judges and politicians are innocent. What makes an assassination different from a normal murder is the implications.\n\nWhen the cartel murders a politician who's trying to fight them the crime isn't bad just because it's a murder, it's bad because it also creates fear among other politicians and prevents them from taking action against the cartel. That secondary effect doesn't happen with a typical murder. \n\nIt's the same thing with this CEO. The purpose of the murder wasn't to just kill this one guy, but to invoke fear among other health insurance CEOs that they could be next if they run their companies the same way. \n\nYou could argue this is a good thing (health insurance CEOs should run their companies differently), but it gets murky if the NYPD were to be deciding which assassinations are good and which are bad.","Nothing seems to belie the fiction that we are ""all equal under the law"" more than the response of police and investigative bodies to various crimes.\n\nDoes anyone think that if some random homeless guy living on the streets had been murdered NYPD would be putting in anywhere near the effort they are putting in to catch the UHC killer?\n\nHow often do the police ignore crime unless it was committed against a politically connected individual (or someone who happens to be of a specific race or gender)?\n\nWatching the disparity in police response is just another reminder of the multi-tiered justice system we live in. One system for the rich, the powerful, the connected and another for the rest of us.\n\nMurder is murder. By heavily investigating some, and essentially ignoring others, police are assigning a value to the life of the person who was killed. Your life had more perceived value? You get an investigation if you are killed. Your life deemed worthless? Good luck getting any sort of justice for your death. \n\nThe only way to justify this disparity in response is to inherently agree that the death of some people either don't matter or don't merit a full investigation. \n\nAnd maybe the statement above is something we as a society collective believe. But then we should stop pretending otherwise. CMV.",CMV: NYPD should not be putting more resources into investigating the murder of the UHC CEO than they would for the death of a homeless victim living in the Bronx.,True,11260.0
m0z0ywy,999forever,1h98t13,m0z05v1,1733625970.0,As a non-billionaire non-CEO I don't feel a drop less safe from this. I feel much less safe from a thousand other things police ignore on a regular basis.,"{'created_utc': 1733625970.0, 'body_html': '<div class=""md""><p>As a non-billionaire non-CEO I don&#39;t feel a drop less safe from this. I feel much less safe from a thousand other things police ignore on a regular basis.</p>\n</div>', 'edited': False, 'id': 'm0z0ywy', 'is_submitter': True, 'link_id': 't3_1h98t13', 'parent_id': 't1_m0z05v1', 'permalink': '/r/changemyview/comments/1h98t13/cmv_nypd_should_not_be_putting_more_resources/m0z0ywy/', 'replies': <praw.models.comment_forest.CommentForest object at 0x773393036900>, 'saved': False, 'score': 154, 'stickied': False, 'submission': Submission(id='1h98t13')}",3,"The role of police isn't just to investigate crime, it's also to promote a feeling of public safety. Seeing someone literally get away with murder despite getting caught on video and having their face all over the news makes the public feel less safe. \n\nYes, it feels wrong to devote more resources to some cases just because they're popular, but publicly catching widely-known criminals both helps the public feel safer and discourages future criminals.","Nothing seems to belie the fiction that we are ""all equal under the law"" more than the response of police and investigative bodies to various crimes.\n\nDoes anyone think that if some random homeless guy living on the streets had been murdered NYPD would be putting in anywhere near the effort they are putting in to catch the UHC killer?\n\nHow often do the police ignore crime unless it was committed against a politically connected individual (or someone who happens to be of a specific race or gender)?\n\nWatching the disparity in police response is just another reminder of the multi-tiered justice system we live in. One system for the rich, the powerful, the connected and another for the rest of us.\n\nMurder is murder. By heavily investigating some, and essentially ignoring others, police are assigning a value to the life of the person who was killed. Your life had more perceived value? You get an investigation if you are killed. Your life deemed worthless? Good luck getting any sort of justice for your death. \n\nThe only way to justify this disparity in response is to inherently agree that the death of some people either don't matter or don't merit a full investigation. \n\nAnd maybe the statement above is something we as a society collective believe. But then we should stop pretending otherwise. CMV.",CMV: NYPD should not be putting more resources into investigating the murder of the UHC CEO than they would for the death of a homeless victim living in the Bronx.,False,11305.0
liwsvw9,Riddle-Maker,1ew7ow3,liwol98,1724091174.0,"Others have pointed it out, but the way you're putting it is more convincing. Δ\n\nI appreciate that you take steps to mitigate the issue, and I guess muscle memory makes sense. If someone does it once on accident, then perhaps they're not a dick.\n\nI would say if you keep doing it, or do a half-assed mitigation of the vaping, you're still being a dick though.","{'created_utc': 1724091174.0, 'body_html': '<div class=""md""><p>Others have pointed it out, but the way you&#39;re putting it is more convincing. Δ</p>\n\n<p>I appreciate that you take steps to mitigate the issue, and I guess muscle memory makes sense. If someone does it once on accident, then perhaps they&#39;re not a dick.</p>\n\n<p>I would say if you keep doing it, or do a half-assed mitigation of the vaping, you&#39;re still being a dick though.</p>\n</div>', 'edited': False, 'id': 'liwsvw9', 'is_submitter': True, 'link_id': 't3_1ew7ow3', 'parent_id': 't1_liwol98', 'permalink': '/r/changemyview/comments/1ew7ow3/cmv_if_you_vape_indoors_in_public_youre_a_dick/liwsvw9/', 'replies': <praw.models.comment_forest.CommentForest object at 0x2aca91990>, 'saved': False, 'score': 11, 'stickied': False, 'submission': Submission(id='1ew7ow3')}",3,"Others have pointed out the autopilot thing, which is absolutely a factor.  Something like smoking or vaping, once it's a habit, becomes background muscle memory.  This is why, when I go into a place that will be occupied by other people, I leave my vape device hidden in my car.  It's just a foregone conclusion that at some point I'll feel its weight in my pocket and take a drag with zero involvement of my conscious, thinking brain. \n\nThat being said, I agree people who vape should do what they can to mitigate that subconscious habit.  In response to your title, though, unless you're dealing with a repeat offender or someone who has openly said they don't care about others in the vicinity, some benefit of the doubt is needed.  We're not all dicks, and a lot of us are probably very embarrassed when we realize we just hit the vape in an inappropriate place.","I feel like this should be common sense, but I still see a lot of people doing this and I want to hear the other side of the argument: why do you think it's okay to vape indoors in a public place?\n\nI've seen this a number of times near me: a patron at a bar or restaurant sneaks a puff from their vape as soon as the bartender or server turns their back. It's easier to do, since it's quicker than lighting a cigarette and the vape pen can dispense just one puff unlike a cigarette. Clearly they know it's not allowed, or they wouldn't take measures to hide it too.\n\nThe only argument I've heard is that ""it's just water vapor"", but that's just not true. The vape smoke has nicotine in it (that's sort of the point), as well as other chemicals to give it it's flavor/scent.\n\nIt may not be common knowledge, but the chemicals themselves have harmful effects on the lungs. If the smoker isn't aware of that, that might be (comparatively) understandable. However, they should be well-aware of the second-hand nicotine smoke they're blowing at people. Ignoring this seems selfish, and therefore dickish.\n\nAre other people as bothered about this as I am? Is there a compelling reason why vapers can't just go outside like normal smokers do, outside of basic selfishness?\n\nEdit: To clarify, I mean ""places indoors where you are not allowed to smoke"".","CMV: If You Vape Indoors in Public, You're a Dick",True,
liwvzz8,Riddle-Maker,1ew7ow3,liwuyhl,1724092156.0,"There have been one or two good points. Muscle memory was pretty interesting. Like I said though: it seems obvious, but people keep doing it. I want to know why.","{'created_utc': 1724092156.0, 'body_html': '<div class=""md""><p>There have been one or two good points. Muscle memory was pretty interesting. Like I said though: it seems obvious, but people keep doing it. I want to know why.</p>\n</div>', 'edited': False, 'id': 'liwvzz8', 'is_submitter': True, 'link_id': 't3_1ew7ow3', 'parent_id': 't1_liwuyhl', 'permalink': '/r/changemyview/comments/1ew7ow3/cmv_if_you_vape_indoors_in_public_youre_a_dick/liwvzz8/', 'replies': <praw.models.comment_forest.CommentForest object at 0x2aca9b610>, 'saved': False, 'score': 0, 'stickied': False, 'submission': Submission(id='1ew7ow3')}",3,"there is no valid counter argument for this one , its pretty universal. them cloud chasers just think its cool for some reason. just weird really","I feel like this should be common sense, but I still see a lot of people doing this and I want to hear the other side of the argument: why do you think it's okay to vape indoors in a public place?\n\nI've seen this a number of times near me: a patron at a bar or restaurant sneaks a puff from their vape as soon as the bartender or server turns their back. It's easier to do, since it's quicker than lighting a cigarette and the vape pen can dispense just one puff unlike a cigarette. Clearly they know it's not allowed, or they wouldn't take measures to hide it too.\n\nThe only argument I've heard is that ""it's just water vapor"", but that's just not true. The vape smoke has nicotine in it (that's sort of the point), as well as other chemicals to give it it's flavor/scent.\n\nIt may not be common knowledge, but the chemicals themselves have harmful effects on the lungs. If the smoker isn't aware of that, that might be (comparatively) understandable. However, they should be well-aware of the second-hand nicotine smoke they're blowing at people. Ignoring this seems selfish, and therefore dickish.\n\nAre other people as bothered about this as I am? Is there a compelling reason why vapers can't just go outside like normal smokers do, outside of basic selfishness?\n\nEdit: To clarify, I mean ""places indoors where you are not allowed to smoke"".","CMV: If You Vape Indoors in Public, You're a Dick",False,
krxalni,[deleted],1ayvqsk,krx8wjj,1708786073.0,Δ because it’s very possible that they weren’t using the US as a how to guide. I do think though that intentionally placing Europeans to settle there to increase their moral argument was an intentional UK strategy.,"{'created_utc': 1708786073.0, 'body_html': '<div class=""md""><p>Δ because it’s very possible that they weren’t using the US as a how to guide. I do think though that intentionally placing Europeans to settle there to increase their moral argument was an intentional UK strategy.</p>\n</div>', 'edited': False, 'id': 'krxalni', 'is_submitter': False, 'link_id': 't3_1ayvqsk', 'parent_id': 't1_krx8wjj', 'permalink': '/r/changemyview/comments/1ayvqsk/cmv_the_founding_of_israel_was_significantly_more/krxalni/', 'replies': <praw.models.comment_forest.CommentForest object at 0x292da7990>, 'saved': False, 'score': -10, 'stickied': False, 'submission': Submission(id='1ayvqsk')}",3,"Algeria, the Congo, and Morocco, all gained independence considerably after this. I also don’t think it was the British deliberately seeking to create another America","\nA formerly common talking point is that Israel’s founding is no more violent or disgusting than the founding of other nations, but I don’t see it this way.\n\nIMO the founding of Israel is easily top 5 in most immoral countries.  \n\nIf we look at colonial areas in Afro Eurasia, Europeans withdrew out of non European areas, Zionists were essentially the only group in the Eastern Hemisphere to never withdraw from their conquered land, so it creates a situation not seen anywhere else in the Eastern hemisphere.\n\nAdmiittedy, the UK were very clever in terms of how they chose to keep what is essentially an irreversible colonial hold on the Mandatory Palestine region, and the fact that this region remains forever colonized to the point the colonialists could win a democratic electoral college like election in a one state solution is a testament to that. The British unlike the other European powers have lost major colonial outposts before. They knew that if they followed the lead of other colonial powers, that the people would eventually attempt declaring independence somehow. this is what happened in Congo, Algeria, and Morocco. These lands are rightfully *mostly* in their rightful owners’ hands.\n\nThe British however have one, or maybe two, examples on how they kept control over a so called “independent” nation that is even today out of their rightful owners hands. That is of course America. With America, they did something I see as uniquely evil. They straight up replaced the indigenous population instead of ruling over them. What imperial powers noticed is that if you *replace* an indigenous population, that the calls to give Natives back the land are much weaker. They know that people will empathize with the new population and that empathy will cancel out any belief of the previous inhabitants being the true owners. \n\nOne other thing is that Natives who call for reparations and/or large amounts of land back, or even the US back, are usually called sore losers, which is still much less than Palestinians,  who call for similar things, though admittedly, that may be due to the Palestinian movement being much larger and endorsed by multiple UN recognized countries. \n\nRegardless, in Mandatory Palestine, the UK saw an opportunity to do what they’ve done in America, and essentially create a European adjacent ethnostate that would disrupt the rightful rule Arabs had over the region. Essentially, they knew that if the UK allowed migration to the land instead of just ruling it, they could hold an influence because they know that people would give legal migrants more of a standing to create a state and/or remain in the region and be exempt from the decolonization efforts.\n\nThey couldn’t kill Palestinians straight away like they did with Natives because the world at the time would’ve condemned it wholeheartedly, so they did something different. They essentially allowed Zionists to migrate there and Zionists justified their migration as being ok because it was legal and their “land purchases” were legal. They also worked with the UK under the guise of Israel being their land which they had a right to return to, despite this being a basically morally nonexistent right that can’t justify mass migration and/or replacement into a place where the present day locals don’t want you there. Then, when Arabs attacked them, they claimed that they were the victims, even though anyone with a brain would tell you you don’t get to mass migrate, regardless of intent to build a state, and then claim victim when you get attacked. The Arab attacks weren’t inherently justified but we also need to look at the context in which they occurred. This essentially fed in to the Zionist persecution complex as well, because they said “well  we bought this land legally and we’re getting attacked for a fully legal migration.” They further used the fact they were the recipients of such attacks to justify building a state just for themselves, and the truth is that this was a sick and depraved migration, not a migration of the world’s victims who just wanted peace. \n\nSince they now made up the majority of a lot of pockets of land and were on the recipient side of attacks (though even that is debatable), they decided they were justified in building a state. And as such the process of Europeans building a state in the Middle East was assured of its success, and the Zionists would use the fact they were in a 50/50 split or majority in some regions to establish a state and push the evil that led to said demographics under the rug.\n\nSome questions I have for people who may disagree. What did pre Israel Palestinians do that was immoral in your opinion, and what would’ve been a better response? Also, how does being the victims of the Holocaust turn an otherwise immoral migration into a moral one?",CMV: the founding of Israel was significantly more evil than that of other nations.,True,
krz107b,[deleted],1ayvqsk,krysvut,1708808502.0,When did I say this?,"{'created_utc': 1708808502.0, 'body_html': '<div class=""md""><p>When did I say this?</p>\n</div>', 'edited': False, 'id': 'krz107b', 'is_submitter': False, 'link_id': 't3_1ayvqsk', 'parent_id': 't1_krysvut', 'permalink': '/r/changemyview/comments/1ayvqsk/cmv_the_founding_of_israel_was_significantly_more/krz107b/', 'replies': <praw.models.comment_forest.CommentForest object at 0x29398fe90>, 'saved': False, 'score': 0, 'stickied': False, 'submission': Submission(id='1ayvqsk')}",3,Founding of Israel when time began?\nYou ppl are nuts.\nGod is watching,"\nA formerly common talking point is that Israel’s founding is no more violent or disgusting than the founding of other nations, but I don’t see it this way.\n\nIMO the founding of Israel is easily top 5 in most immoral countries.  \n\nIf we look at colonial areas in Afro Eurasia, Europeans withdrew out of non European areas, Zionists were essentially the only group in the Eastern Hemisphere to never withdraw from their conquered land, so it creates a situation not seen anywhere else in the Eastern hemisphere.\n\nAdmiittedy, the UK were very clever in terms of how they chose to keep what is essentially an irreversible colonial hold on the Mandatory Palestine region, and the fact that this region remains forever colonized to the point the colonialists could win a democratic electoral college like election in a one state solution is a testament to that. The British unlike the other European powers have lost major colonial outposts before. They knew that if they followed the lead of other colonial powers, that the people would eventually attempt declaring independence somehow. this is what happened in Congo, Algeria, and Morocco. These lands are rightfully *mostly* in their rightful owners’ hands.\n\nThe British however have one, or maybe two, examples on how they kept control over a so called “independent” nation that is even today out of their rightful owners hands. That is of course America. With America, they did something I see as uniquely evil. They straight up replaced the indigenous population instead of ruling over them. What imperial powers noticed is that if you *replace* an indigenous population, that the calls to give Natives back the land are much weaker. They know that people will empathize with the new population and that empathy will cancel out any belief of the previous inhabitants being the true owners. \n\nOne other thing is that Natives who call for reparations and/or large amounts of land back, or even the US back, are usually called sore losers, which is still much less than Palestinians,  who call for similar things, though admittedly, that may be due to the Palestinian movement being much larger and endorsed by multiple UN recognized countries. \n\nRegardless, in Mandatory Palestine, the UK saw an opportunity to do what they’ve done in America, and essentially create a European adjacent ethnostate that would disrupt the rightful rule Arabs had over the region. Essentially, they knew that if the UK allowed migration to the land instead of just ruling it, they could hold an influence because they know that people would give legal migrants more of a standing to create a state and/or remain in the region and be exempt from the decolonization efforts.\n\nThey couldn’t kill Palestinians straight away like they did with Natives because the world at the time would’ve condemned it wholeheartedly, so they did something different. They essentially allowed Zionists to migrate there and Zionists justified their migration as being ok because it was legal and their “land purchases” were legal. They also worked with the UK under the guise of Israel being their land which they had a right to return to, despite this being a basically morally nonexistent right that can’t justify mass migration and/or replacement into a place where the present day locals don’t want you there. Then, when Arabs attacked them, they claimed that they were the victims, even though anyone with a brain would tell you you don’t get to mass migrate, regardless of intent to build a state, and then claim victim when you get attacked. The Arab attacks weren’t inherently justified but we also need to look at the context in which they occurred. This essentially fed in to the Zionist persecution complex as well, because they said “well  we bought this land legally and we’re getting attacked for a fully legal migration.” They further used the fact they were the recipients of such attacks to justify building a state just for themselves, and the truth is that this was a sick and depraved migration, not a migration of the world’s victims who just wanted peace. \n\nSince they now made up the majority of a lot of pockets of land and were on the recipient side of attacks (though even that is debatable), they decided they were justified in building a state. And as such the process of Europeans building a state in the Middle East was assured of its success, and the Zionists would use the fact they were in a 50/50 split or majority in some regions to establish a state and push the evil that led to said demographics under the rug.\n\nSome questions I have for people who may disagree. What did pre Israel Palestinians do that was immoral in your opinion, and what would’ve been a better response? Also, how does being the victims of the Holocaust turn an otherwise immoral migration into a moral one?",CMV: the founding of Israel was significantly more evil than that of other nations.,False,
lk6125n,demon13664674,1f2ajwy,lk5lo4f,1724762898.0,"!delta for that, iraq is somewhat improving despite being mostly an iran proxy now","{'created_utc': 1724762898.0, 'body_html': '<div class=""md""><p>!delta for that, iraq is somewhat improving despite being mostly an iran proxy now</p>\n</div>', 'edited': False, 'id': 'lk6125n', 'is_submitter': True, 'link_id': 't3_1f2ajwy', 'parent_id': 't1_lk5lo4f', 'permalink': '/r/changemyview/comments/1f2ajwy/cmv_sadam_and_gadafi_should_have_remained_in_power/lk6125n/', 'replies': <praw.models.comment_forest.CommentForest object at 0x2c493d510>, 'saved': False, 'score': 21, 'stickied': False, 'submission': Submission(id='1f2ajwy')}",3,"A sizeable part of my family were executed (including my older brother, straight after he was born) in the most horrific ways and their remains are still uncovered and probably lying in a mass grave somewhere. This was Saddam’s way to repress the will of political change. He saw a threat from ethnic and/or religious minorities so his wrath was primarily pointed their way. Indeed, there may have been the impression of regional stability from outside (think North Korea) but at what expense? \n\nAre things great now? Absolutely not. \n\nDid other countries intervene on the sole basis of human rights? Absolutely not.\n\nAre things improving? Yes.","The middle east has always been a powder keg but the overthrow of sadam and gadafi has caused several problems in the middle east from refugee crisis, creation of isis and more. My point is that they should have stayed in power, i won\`t say the nation were upotian in their rule but at least there was no widespread chaos unlike after their fall. \n\n&#x200B;\n\nWhile there would have still been problems with them in charge like human rights attrocities. But alteast there would not have been such crisis like today due to their fall.",CMV: Sadam and Gadafi should have remained in power,True,
lk5193t,demon13664674,1f2ajwy,lk50lf3,1724742752.0,the thing was with them their mess was contained somehow. Middle east nation building has always been a mess.,"{'created_utc': 1724742752.0, 'body_html': '<div class=""md""><p>the thing was with them their mess was contained somehow. Middle east nation building has always been a mess.</p>\n</div>', 'edited': False, 'id': 'lk5193t', 'is_submitter': True, 'link_id': 't3_1f2ajwy', 'parent_id': 't1_lk50lf3', 'permalink': '/r/changemyview/comments/1f2ajwy/cmv_sadam_and_gadafi_should_have_remained_in_power/lk5193t/', 'replies': <praw.models.comment_forest.CommentForest object at 0x2c494e190>, 'saved': False, 'score': -11, 'stickied': False, 'submission': Submission(id='1f2ajwy')}",3,"The famously unproblematic Saddam which merely forced coallition to send a million soldiers into the desert to kick him out of Kuwait, invaded Iran to start an absolutely massive war and did a genocide or two... Gaddafi doesn't have much better list.\n\nAll these calls assume that Saddam and Gaddafi would suddenly magically stop doing what they did for their entire life - make a complete mess out of the MENA region.\n\nedit: also a very similar type of dictator was left in Syria... be the judge yourself whether it helped","The middle east has always been a powder keg but the overthrow of sadam and gadafi has caused several problems in the middle east from refugee crisis, creation of isis and more. My point is that they should have stayed in power, i won\`t say the nation were upotian in their rule but at least there was no widespread chaos unlike after their fall. \n\n&#x200B;\n\nWhile there would have still been problems with them in charge like human rights attrocities. But alteast there would not have been such crisis like today due to their fall.",CMV: Sadam and Gadafi should have remained in power,False,
kujx6cx,FormerBabyPerson,1bd0maj,kuju15c,1710265912.0,I agree in this context it is sound logic !delta I think the issue is when people trying to push this contextual logic as universal ,"{'created_utc': 1710265912.0, 'body_html': '<div class=""md""><p>I agree in this context it is sound logic !delta I think the issue is when people trying to push this contextual logic as universal\xa0</p>\n</div>', 'edited': False, 'id': 'kujx6cx', 'is_submitter': True, 'link_id': 't3_1bd0maj', 'parent_id': 't1_kuju15c', 'permalink': '/r/changemyview/comments/1bd0maj/cmv_theres_no_valid_logic_behind_man_paying_for/kujx6cx/', 'replies': <praw.models.comment_forest.CommentForest object at 0x2b630f190>, 'saved': False, 'score': 31, 'stickied': False, 'submission': Submission(id='1bd0maj')}",3,"There was a comment you responded to about how in the past it was logically sound for men to pay for women but that condition making it sound no longer exist. So I think you would agree that whether something is sound or not depends on the context right?\n\nIn the big picture you’re right there’s no universal sound logic for this. But if we look at a smaller situation\n\nArgument: Should man pay for woman to go on date.\n\nP1: Man wants to take woman on date\n\nP2: Woman only dates men who pay for her\n\nThe sound conclusion we come to is: If the man wants a date with the woman, then he must pay for the date\n\nThis doesn’t mean all men should pay for all women or even that this man is obligated to pay for this woman. Just that in this context it is logical for him to pay for the date ","edit: I meant sound logic not valid logic. Mixed the 2 up  \n\n\nNow I don’t pay for dates to start. I always go Dutch because it makes the most sense. When it comes to paying for dates the most common reason I see is that it’s traditional gender norms. The response to this is something along the lines of if you’re accepting gender norms for this then you should accept them for other aspects of the date.\n\nFrom there someone brings up that men should pay for women because they pay for their makeup and clothes and take the time to look good and also because there’s a risk involved when meeting a man. I’ve also seen women say the risk of pregnancy and stds is a reason men should pray. It’s a bit absurd to me but it seems popular enough a and  if we’re being logical about who should pay and we’re using that as a baseline then:\n\n1. We would need to calculate the amount of money both people have spent on their outfit and make up, then divide that by the amount of uses they are likely to get out of it.\n2. If you’re getting paid for the amount of time you spent putting in effort before the date such as getting ready, then that would apply to both people as well as the time spent planning the date (doing research, making reservations, etc)\n3. The charge for the risk of an std and pregnancy would only applying the event that sex is happening. Also the charge for risk of an std would negated if the person is able to supply a clean bill of health.\n4. We would then calculate whose time is worth more. If I make 50$/hr and you make 30$/hr do we deduct the difference so now you pay me $20 for every hour I’m spending with you?\n\nIf we were to use sound logic there would be nothing that says a man should pay for the date. It would depend on numerous factors that would basically make the date a transaction. At least a few people seem to think otherwise so cmv",CMV: There’s no valid logic behind man paying for dates,True,
kujpmds,FormerBabyPerson,1bd0maj,kujl45c,1710263433.0,Not really. Obviously someone shouldn’t ask someone else out on an expensive date then expect the other person to pay but if someone does agree to the date then the default should be they are paying for themselves. If they can’t afford it then it would make sense for them to let the other person know this and adjustments can be made ,"{'created_utc': 1710263433.0, 'body_html': '<div class=""md""><p>Not really. Obviously someone shouldn’t ask someone else out on an expensive date then expect the other person to pay but if someone does agree to the date then the default should be they are paying for themselves. If they can’t afford it then it would make sense for them to let the other person know this and adjustments can be made\xa0</p>\n</div>', 'edited': False, 'id': 'kujpmds', 'is_submitter': True, 'link_id': 't3_1bd0maj', 'parent_id': 't1_kujl45c', 'permalink': '/r/changemyview/comments/1bd0maj/cmv_theres_no_valid_logic_behind_man_paying_for/kujpmds/', 'replies': <praw.models.comment_forest.CommentForest object at 0x2c2da56d0>, 'saved': False, 'score': 1, 'stickied': False, 'submission': Submission(id='1bd0maj')}",3,Do you think it is relevant who asked who out on the date?,"edit: I meant sound logic not valid logic. Mixed the 2 up  \n\n\nNow I don’t pay for dates to start. I always go Dutch because it makes the most sense. When it comes to paying for dates the most common reason I see is that it’s traditional gender norms. The response to this is something along the lines of if you’re accepting gender norms for this then you should accept them for other aspects of the date.\n\nFrom there someone brings up that men should pay for women because they pay for their makeup and clothes and take the time to look good and also because there’s a risk involved when meeting a man. I’ve also seen women say the risk of pregnancy and stds is a reason men should pray. It’s a bit absurd to me but it seems popular enough a and  if we’re being logical about who should pay and we’re using that as a baseline then:\n\n1. We would need to calculate the amount of money both people have spent on their outfit and make up, then divide that by the amount of uses they are likely to get out of it.\n2. If you’re getting paid for the amount of time you spent putting in effort before the date such as getting ready, then that would apply to both people as well as the time spent planning the date (doing research, making reservations, etc)\n3. The charge for the risk of an std and pregnancy would only applying the event that sex is happening. Also the charge for risk of an std would negated if the person is able to supply a clean bill of health.\n4. We would then calculate whose time is worth more. If I make 50$/hr and you make 30$/hr do we deduct the difference so now you pay me $20 for every hour I’m spending with you?\n\nIf we were to use sound logic there would be nothing that says a man should pay for the date. It would depend on numerous factors that would basically make the date a transaction. At least a few people seem to think otherwise so cmv",CMV: There’s no valid logic behind man paying for dates,False,
kxfcnq5,Dartagnan286,1bsc79e,kxeorrv,1711907193.0,"Thanks for your story, really warmed my Heart, I Guess It Is a two-parts relationship even if you are the parent they are people with which you have to build a relationship with. !delta\n\nJust One question, there was ever a time you regretted Being a parent ?","{'created_utc': 1711907193.0, 'body_html': '<div class=""md""><p>Thanks for your story, really warmed my Heart, I Guess It Is a two-parts relationship even if you are the parent they are people with which you have to build a relationship with. !delta</p>\n\n<p>Just One question, there was ever a time you regretted Being a parent ?</p>\n</div>', 'edited': False, 'id': 'kxfcnq5', 'is_submitter': True, 'link_id': 't3_1bsc79e', 'parent_id': 't1_kxeorrv', 'permalink': '/r/changemyview/comments/1bsc79e/cmvchildren_ruin_your_life/kxfcnq5/', 'replies': <praw.models.comment_forest.CommentForest object at 0x2c8b3f7d0>, 'saved': False, 'score': 2, 'stickied': False, 'submission': Submission(id='1bsc79e')}",3,"I have lots of kids, ranging from 2 to teenagers and all in one marriage, so that’s context for this answer.\n\nChildren do not give life meaning.  RELATIONSHIPS give life meaning.  Children are one way to forge relationships.  I have some single friends who still go out drinking and partying every night, and they’re happy.  So be it, I don’t think they should have children.\n\nI don’t like that scene, and it gets particularly stale by your early 30s.  I had kids in my mid 30s when I had partied out and had money.  I can’t imagine people who have kids in their early 20s (or teens).  Kids are tiresome and expensive.  Unless you have a lot of help, they’re really hard.\n\nHowever, they are also rewarding.  I love coaching sports.   I love going to trampoline parks.  I love watching Pixar movies.  I love buying things for Christmas.  I have made lots of new friends with parents of kids friends.  I love doing puzzles.   Now that I have slightly older kids, we are doing “older people” stuff, and that’s a joy.  I hope as I get older they continue to be with me.  (But don’t assume children will be your caretaker)\n\nSo if that interests you , do it.  But don’t have children because “you should”.  That’s the worst possible reason and why so many kids are neglected and in terrible homes.  Also, figure your money out early.  Sucks that today, raising kids is also brutally expensive.","My coworkers with toddlers are everyday confirming my view, children suck up your time, Money and youth. Why anybody in his right mind would do It ?\n\nI get the family feeling and warmth Is very nice, but I felt kind of the same with Friends and I think I can achieve It with a fraction of the Money and effort. So why do It ? I am in my 30s and I Always tought children make your Life complete, but now that I am really contemplating the idea, watching other people with children and weighting the pros and cons, I really struggle with the idea. Am I missing something or Is It really that people have too much time on their hands and Just do It because everybody else Is doing It ? \n\nI am pretty much content with my Life and Is Just the look of Hope on my parents eyes and the peer pressure that Is making me consider this. I cannot understand if It Is something I Will miss Forever or Is It Just the social pressure that makes me feel missing of something.\n\n\n",Cmv:Children ruin your Life,True,
kxeo7kp,Dartagnan286,1bsc79e,kxencru,1711898434.0,"The thing I don't agree with this reasoning Is the assuption that children became something based only on what the parents do. I could be the best parent in the world and my child can be a psicopath and there Is nothing I can do really. I have seen It, as I have seen people hate their parents for no reason, and It scares me tò death.","{'created_utc': 1711898434.0, 'body_html': '<div class=""md""><p>The thing I don&#39;t agree with this reasoning Is the assuption that children became something based only on what the parents do. I could be the best parent in the world and my child can be a psicopath and there Is nothing I can do really. I have seen It, as I have seen people hate their parents for no reason, and It scares me tò death.</p>\n</div>', 'edited': False, 'id': 'kxeo7kp', 'is_submitter': True, 'link_id': 't3_1bsc79e', 'parent_id': 't1_kxencru', 'permalink': '/r/changemyview/comments/1bsc79e/cmvchildren_ruin_your_life/kxeo7kp/', 'replies': <praw.models.comment_forest.CommentForest object at 0x2ce38d0d0>, 'saved': False, 'score': 7, 'stickied': False, 'submission': Submission(id='1bsc79e')}",3,"Regardless of what you do you're spending your time, money, and youth on something. \n\nMight as well invest it in something that is incredibly rewarding not only for you but for your whole community. Raising decent human beings has huge upside for your life and the lives of everyone around you. It just takes a whole lifetime to come to fruition, and includes some difficult times.\n\nAlso, no one will ever love you as much or in the same way as your children, and it's up to you whether to grow that love or squander it with the way you raise them. Likewise you will never love anyone else as much or in the same way that you love your children.\n\nAlso from a biological perspective you might as well spend it on trying to better your genetic material's chances of surviving far into the future, like all life on earth is trying to do.","My coworkers with toddlers are everyday confirming my view, children suck up your time, Money and youth. Why anybody in his right mind would do It ?\n\nI get the family feeling and warmth Is very nice, but I felt kind of the same with Friends and I think I can achieve It with a fraction of the Money and effort. So why do It ? I am in my 30s and I Always tought children make your Life complete, but now that I am really contemplating the idea, watching other people with children and weighting the pros and cons, I really struggle with the idea. Am I missing something or Is It really that people have too much time on their hands and Just do It because everybody else Is doing It ? \n\nI am pretty much content with my Life and Is Just the look of Hope on my parents eyes and the peer pressure that Is making me consider this. I cannot understand if It Is something I Will miss Forever or Is It Just the social pressure that makes me feel missing of something.\n\n\n",Cmv:Children ruin your Life,False,
kyxbpvw,[deleted],1c0ljyd,kyx5yvy,1712759056.0,"This is a weird !delta to give out because this comment just kind of rationalised something in my mind. I can absolutely believe that Republicans value the democratic process so much that they'd put mass infanticide beneath it. I personally would give up my democratic rights if it means stopping mass infanticide. For example, if it's reported that there's a mass underground network in my neighbourhood committing hundreds of murders a day, I'm happy to suspend my liberal rights until that is stopped, but I can see Republicans not believe in that.","{'created_utc': 1712759056.0, 'body_html': '<div class=""md""><p>This is a weird !delta to give out because this comment just kind of rationalised something in my mind. I can absolutely believe that Republicans value the democratic process so much that they&#39;d put mass infanticide beneath it. I personally would give up my democratic rights if it means stopping mass infanticide. For example, if it&#39;s reported that there&#39;s a mass underground network in my neighbourhood committing hundreds of murders a day, I&#39;m happy to suspend my liberal rights until that is stopped, but I can see Republicans not believe in that.</p>\n</div>', 'edited': False, 'id': 'kyxbpvw', 'is_submitter': False, 'link_id': 't3_1c0ljyd', 'parent_id': 't1_kyx5yvy', 'permalink': '/r/changemyview/comments/1c0ljyd/cmv_theres_no_way_republicans_actually_believe/kyxbpvw/', 'replies': <praw.models.comment_forest.CommentForest object at 0x2906c1390>, 'saved': False, 'score': -2, 'stickied': False, 'submission': Submission(id='1c0ljyd')}",3,You can respect the democratic process and at the same time believe something is murder.,"Edit: ""Republicans"" here referring to politicians, I'm aware that Republicans as a group has a wide range of beliefs and I won't be surprised if they support some of the positions here.\n\nIf abortion is murder, then in the year 2020, 930,000 babies have been murdered in the USA and more elsewhere in the West. If that is the case, surely Republicans must take the following positions:\n\n1. Red states should secede from the union knowing that Blue states are now allowing and funding hundreds of thousands of infanticides every year. It is such a grave crime that by virtue of staying in the union means they are complicit in it.\n\n2. Violence against abortion clinics is morally justified because they are committing infanticide at a systemic scale. You can even make the argument that it's a moral obligation to stop that with whatever means necessary. I mean, nearly 1 million murders a year! If I know that an organisation is doing that, I'd support whoever that is carrying armed resistance against them.\n\n3. The US should cut diplomatic ties and sanction countries that legalise abortion. If I found out that a country is allowing and funding hundreds of thousands of infanticides, I will demand my government to take the extreme actions in diplomacy to punish them. I may even demand military action like America did in WW2! It's a massacre/genocide and it's right to punish those countries to make them stop.\n\n4. Every case of miscarriage must be investigated as a potential case of murder. Court system and investigative powers must be expanded to accommodate these cases. Prison systems must be expanded to house all the infant-murderers, who must be kept in jail for as long as any other murderer would.\n\n5. Every pro-choice activist must be arrested for inciting severe violence and advocating for infanticides. Free speech generally doesn't cover incitement of violence after all.\n\n6. If a pregnant person is travelling out of a Red state to a Blue state, they must be investigated as well in case they are about to commit infanticide.\n\n7. If a pregnant person starts talking about getting an abortion, they should be arrested on grounds of preventing a murder.\n\n8. If a pregnant person is engaging in dangerous activities and that leads to a miscarriage, they must be charged for manslaughter.\n\nSince no Republican politician that I'm aware of is arguing for most, if any, of these positions, surely they recognise that abortion is not actually murder, just a form of harm that is inflicted on an entity that has some moral value but not an actual human being.",CMV: There's no way Republicans actually believe abortion = murder because of the logical absurdities it leads to,True,
kyxak67,[deleted],1c0ljyd,kyx5m0h,1712758638.0,"I'm not aware of any vegan that takes the position of meat = murder. I don't think that's the mainstream opinion of veganism. Afaik the position most vegans have is that we should value animal life as a life and treat it with dignity, not that animal life is the same as human life.\n\nOn the other hand, equating abortion to murder is a common common talking point.","{'created_utc': 1712758638.0, 'body_html': '<div class=""md""><p>I&#39;m not aware of any vegan that takes the position of meat = murder. I don&#39;t think that&#39;s the mainstream opinion of veganism. Afaik the position most vegans have is that we should value animal life as a life and treat it with dignity, not that animal life is the same as human life.</p>\n\n<p>On the other hand, equating abortion to murder is a common common talking point.</p>\n</div>', 'edited': False, 'id': 'kyxak67', 'is_submitter': False, 'link_id': 't3_1c0ljyd', 'parent_id': 't1_kyx5m0h', 'permalink': '/r/changemyview/comments/1c0ljyd/cmv_theres_no_way_republicans_actually_believe/kyxak67/', 'replies': <praw.models.comment_forest.CommentForest object at 0x2913c0ed0>, 'saved': False, 'score': -5, 'stickied': False, 'submission': Submission(id='1c0ljyd')}",3,"I think maybe it's the same as vegans who think meat is murder which would also lead to somewhat similar absurdities.   \nit might be in their eyes murder, but they know that society as a whole don't agree with them yet, and so they can't do anything about it.   \nI think some republicans think that abortion should be a crime, though I don't know if they thought about it as far as severing ties with other nations.","Edit: ""Republicans"" here referring to politicians, I'm aware that Republicans as a group has a wide range of beliefs and I won't be surprised if they support some of the positions here.\n\nIf abortion is murder, then in the year 2020, 930,000 babies have been murdered in the USA and more elsewhere in the West. If that is the case, surely Republicans must take the following positions:\n\n1. Red states should secede from the union knowing that Blue states are now allowing and funding hundreds of thousands of infanticides every year. It is such a grave crime that by virtue of staying in the union means they are complicit in it.\n\n2. Violence against abortion clinics is morally justified because they are committing infanticide at a systemic scale. You can even make the argument that it's a moral obligation to stop that with whatever means necessary. I mean, nearly 1 million murders a year! If I know that an organisation is doing that, I'd support whoever that is carrying armed resistance against them.\n\n3. The US should cut diplomatic ties and sanction countries that legalise abortion. If I found out that a country is allowing and funding hundreds of thousands of infanticides, I will demand my government to take the extreme actions in diplomacy to punish them. I may even demand military action like America did in WW2! It's a massacre/genocide and it's right to punish those countries to make them stop.\n\n4. Every case of miscarriage must be investigated as a potential case of murder. Court system and investigative powers must be expanded to accommodate these cases. Prison systems must be expanded to house all the infant-murderers, who must be kept in jail for as long as any other murderer would.\n\n5. Every pro-choice activist must be arrested for inciting severe violence and advocating for infanticides. Free speech generally doesn't cover incitement of violence after all.\n\n6. If a pregnant person is travelling out of a Red state to a Blue state, they must be investigated as well in case they are about to commit infanticide.\n\n7. If a pregnant person starts talking about getting an abortion, they should be arrested on grounds of preventing a murder.\n\n8. If a pregnant person is engaging in dangerous activities and that leads to a miscarriage, they must be charged for manslaughter.\n\nSince no Republican politician that I'm aware of is arguing for most, if any, of these positions, surely they recognise that abortion is not actually murder, just a form of harm that is inflicted on an entity that has some moral value but not an actual human being.",CMV: There's no way Republicans actually believe abortion = murder because of the logical absurdities it leads to,False,
lbg28jn,VirtuitaryGland,1du6ytd,lbfrfiu,1720016344.0,"**Δ** This is a good point, and something I had not considered. I still don't think it will end the world but I agree it's concerning. Trump is more liable to abuse that period in my estimation than most presidents, and historically 2nd termers have abused the hell out of it. I would imagine many pardons and deals prioritizing his own net worth will be made at the expense of the American people and it will be very grating to see. This is also something we didn't experience fully in the first term because his mind was on reelection.\n\nThank you for expressing a legitimate and grounded concern that changed my view somewhat.","{'created_utc': 1720016344.0, 'body_html': '<div class=""md""><p><strong>Δ</strong> This is a good point, and something I had not considered. I still don&#39;t think it will end the world but I agree it&#39;s concerning. Trump is more liable to abuse that period in my estimation than most presidents, and historically 2nd termers have abused the hell out of it. I would imagine many pardons and deals prioritizing his own net worth will be made at the expense of the American people and it will be very grating to see. This is also something we didn&#39;t experience fully in the first term because his mind was on reelection.</p>\n\n<p>Thank you for expressing a legitimate and grounded concern that changed my view somewhat.</p>\n</div>', 'edited': False, 'id': 'lbg28jn', 'is_submitter': True, 'link_id': 't3_1du6ytd', 'parent_id': 't1_lbfrfiu', 'permalink': '/r/changemyview/comments/1du6ytd/cmv_a_2nd_term_for_donald_trump_will_not_be_that/lbg28jn/', 'replies': <praw.models.comment_forest.CommentForest object at 0x28d1bba90>, 'saved': False, 'score': 9, 'stickied': False, 'submission': Submission(id='1du6ytd')}",3,I do think one important piece of this time that’s not hysterical but is a “big deal” is that Trump will have a true lame duck period where he doesn’t care about reelection that could lead to him doing some crazy stuff for his last year or so. Even in the most generous interpretation of his intentions he will certainly be trying to shore up the government in his favor for decades to come and hand out as many favors as possible.,"He was already president for 4 years, and while I disagreed with a lot of his policies and decisions things were still fine. COVID happened and his response was panned but COVID sucked for everyone in the whole world and pretty much everyone ended up getting it anyways no matter what they tried, I don't think Hillary would have stopped COVID from killing millions and disrupting the global economy.\n\nI don't believe he will turn the whole Government nazi or hunt down LGBTQ+ people or become immortal God Emperor of the United States or all these other crazy hysterical things I've seen posted on social media. I think he will probably get elected and that's not ideal but everyone should just take some deep breaths it will be fine. Nothing we haven't been through before already, I don't see how it's meaningfully different this time and I'm not getting worked up about it.",CMV: A 2nd Term for Donald Trump will not be that big of a deal,True,
lbfslsa,VirtuitaryGland,1du6ytd,lbfp7ke,1720012755.0,"It's not whether or not it succeeded. It's the fact that there is no mechanism whatsoever by which it could have possibly succeeded. Look, the arguments I have read so far are not very compelling at all. I will give a delta if someone can just convince me this was a coup attempt by explaining exactly how a mob of idiots walking into the Capitol turns into Trump being dictator for life. If someone can propose a reasonable way that can happen I will admit it was an attempt to do that and my view will be changed.","{'created_utc': 1720012755.0, 'body_html': '<div class=""md""><p>It&#39;s not whether or not it succeeded. It&#39;s the fact that there is no mechanism whatsoever by which it could have possibly succeeded. Look, the arguments I have read so far are not very compelling at all. I will give a delta if someone can just convince me this was a coup attempt by explaining exactly how a mob of idiots walking into the Capitol turns into Trump being dictator for life. If someone can propose a reasonable way that can happen I will admit it was an attempt to do that and my view will be changed.</p>\n</div>', 'edited': False, 'id': 'lbfslsa', 'is_submitter': True, 'link_id': 't3_1du6ytd', 'parent_id': 't1_lbfp7ke', 'permalink': '/r/changemyview/comments/1du6ytd/cmv_a_2nd_term_for_donald_trump_will_not_be_that/lbfslsa/', 'replies': <praw.models.comment_forest.CommentForest object at 0x28d5713d0>, 'saved': False, 'score': 0, 'stickied': False, 'submission': Submission(id='1du6ytd')}",3,"I see this sentiment all the time and I have to ask, who the fuck cares if he succeeded or not. who the fuck cares if he will be able to do it? He's tried. the fact that he is still alive, let alone still has a chance of being reelected, is terrifying and a stain on this country.","He was already president for 4 years, and while I disagreed with a lot of his policies and decisions things were still fine. COVID happened and his response was panned but COVID sucked for everyone in the whole world and pretty much everyone ended up getting it anyways no matter what they tried, I don't think Hillary would have stopped COVID from killing millions and disrupting the global economy.\n\nI don't believe he will turn the whole Government nazi or hunt down LGBTQ+ people or become immortal God Emperor of the United States or all these other crazy hysterical things I've seen posted on social media. I think he will probably get elected and that's not ideal but everyone should just take some deep breaths it will be fine. Nothing we haven't been through before already, I don't see how it's meaningfully different this time and I'm not getting worked up about it.",CMV: A 2nd Term for Donald Trump will not be that big of a deal,False,
kxiwa5u,friedbebek,1bsxjy9,kxiqk4u,1711967355.0,"!delta It makes sense that nothing lasts forever, and this makes sense for companies in a highly competitive environment. but I've also seen companies that have been here forever and seem to want to last forever (boeing, bmw, mercedes, etc.) that has started to slide into those practises as well.","{'created_utc': 1711967355.0, 'body_html': '<div class=""md""><p>!delta It makes sense that nothing lasts forever, and this makes sense for companies in a highly competitive environment. but I&#39;ve also seen companies that have been here forever and seem to want to last forever (boeing, bmw, mercedes, etc.) that has started to slide into those practises as well.</p>\n</div>', 'edited': False, 'id': 'kxiwa5u', 'is_submitter': True, 'link_id': 't3_1bsxjy9', 'parent_id': 't1_kxiqk4u', 'permalink': '/r/changemyview/comments/1bsxjy9/cmv_maximising_profit_is_more_often_than_not/kxiwa5u/', 'replies': <praw.models.comment_forest.CommentForest object at 0x317357150>, 'saved': False, 'score': 1, 'stickied': False, 'submission': Submission(id='1bsxjy9')}",3,"One problem here is that short term profits are a lot more predictable than long term stewardship. Also you need to recoup your investment and sometimes you just don’t have that much time to do that.\n\nIf you think of apple and smartphones for instance, Nokia was once king of phones and they could turn out phones quickly for every market. Now, a lot of people are correct in saying that Nokia missed smartphones and what it meant to have an app ecosystem but that doesn’t mean they wouldn’t have still lost. They ended up maxing out the opportunity that was in front of them and created profits and shareholder value in the process.\n\nYou have the same issue with mobile games. Creating games are super expensive and a lot of that comes from needing to create artwork. Even then a good game might only have 80-100 hours of playtime before players complete it and graphics performance increase every year as new phones are released - realistically you only have a few years to recoup your investment and if micro transactions are the way to do it that’s what you’ll do.\n\nSo yes, sometimes short term profits come at the expense of long term profits and investing back into the business is the right thing to do. It just so happens to be that other times there just aren’t any long term profits to be had and the clever move is to just milk the opportunity for as long as possible. And obviously knowing the difference between the situations is the difference between good and great corporate leadership","I am talking about this from a purely shareholder and company earnings viewpoint, regardless of it's morality and popularity, as it seems like that's the way these companies think anyway.\n\nWhat I mean by maximising profit is the way companies try to introduce unnecessary additional pricing, or reduction in quality to barrel-scrape the most profit.\n\nadditional pricing are value added ""features"" in their products that are either not related to improvement in quality or for things that should've been there in the first place, e.g. microtransactions in single player games, subscription for carplay/android auto in cars.\n\nreduction in quality, think Boeing.\n\nI would argue that for the most part, unpopular profit maximising strategies is not a good way to increase shareholder value in the long run. At most, the extra profit or share value gained are short term and a money grab for the current C-suite lineup. This is because the unpopular decisions they make is likely to catch up to them in the long run.\n\nBoeing's shares are only half from peak, and even if we could reasonably expect it to bounce back in the future, it creates uncertainty, insolvency, and lost interest for shareholders at the very least.\n\nFrom what I can tell, even if these strategies work most times (people don't know or eventually don't care, and media scrutiny dies down), they need to be lucky every time for it to translate to long term shareholder value. Only one truely unpopular/illegal practice might bring the whole operation down.\n\nOf course, some companies have made an art of anti-consumer practises like Apple, and with it enormous profits, but most companies aren't Apple.\n\nEdit: It seems like many people here are scrutinizing my semantics. I am not arguing against effective profit maximisation. What I'm arguing against is the thought process behind anti-consumer and blatant price gouging under the guise of ""profit maximisation for the good of shareholders"" that seems to be on the rise lately.",CMV: Maximising profit is more often than not unsustainable and not in the shareholders' interest.,True,
kximt33,friedbebek,1bsxjy9,kxiju9m,1711960411.0,"a frequent justification I found for seemingly anti-consumer practices is that companies have a fiduciary duty to maximise profit. this covers everything from annoying microtransactions to dangerous cost-cutting legally ambiguous measures.\n\nSo, I'm not saying there isn't a way for shareholders to still gain profit or that they should use fund managers. It's irrelevant if they do. These companies have a fiduciary duty to act in the shareholders' best interest whether or not they are going to trade their shares.","{'created_utc': 1711960411.0, 'body_html': '<div class=""md""><p>a frequent justification I found for seemingly anti-consumer practices is that companies have a fiduciary duty to maximise profit. this covers everything from annoying microtransactions to dangerous cost-cutting legally ambiguous measures.</p>\n\n<p>So, I&#39;m not saying there isn&#39;t a way for shareholders to still gain profit or that they should use fund managers. It&#39;s irrelevant if they do. These companies have a fiduciary duty to act in the shareholders&#39; best interest whether or not they are going to trade their shares.</p>\n</div>', 'edited': False, 'id': 'kximt33', 'is_submitter': True, 'link_id': 't3_1bsxjy9', 'parent_id': 't1_kxiju9m', 'permalink': '/r/changemyview/comments/1bsxjy9/cmv_maximising_profit_is_more_often_than_not/kximt33/', 'replies': <praw.models.comment_forest.CommentForest object at 0x3173554d0>, 'saved': False, 'score': 9, 'stickied': False, 'submission': Submission(id='1bsxjy9')}",3,"Shareholders have very little information to go on. Many of them rely on fund managers.  Profits come from capital gains more than from dividends. The manager buys shares that  are expected to rise in price and then sells when the price is high before it drops. As long as the predictions are right--buy low, sell high--it doesn't matter if the value of the stock drops after the manager sells. The manager is acting in the investors'/shareholders' interest. The portfolio/fund is sustainable even if the individual companies are not.","I am talking about this from a purely shareholder and company earnings viewpoint, regardless of it's morality and popularity, as it seems like that's the way these companies think anyway.\n\nWhat I mean by maximising profit is the way companies try to introduce unnecessary additional pricing, or reduction in quality to barrel-scrape the most profit.\n\nadditional pricing are value added ""features"" in their products that are either not related to improvement in quality or for things that should've been there in the first place, e.g. microtransactions in single player games, subscription for carplay/android auto in cars.\n\nreduction in quality, think Boeing.\n\nI would argue that for the most part, unpopular profit maximising strategies is not a good way to increase shareholder value in the long run. At most, the extra profit or share value gained are short term and a money grab for the current C-suite lineup. This is because the unpopular decisions they make is likely to catch up to them in the long run.\n\nBoeing's shares are only half from peak, and even if we could reasonably expect it to bounce back in the future, it creates uncertainty, insolvency, and lost interest for shareholders at the very least.\n\nFrom what I can tell, even if these strategies work most times (people don't know or eventually don't care, and media scrutiny dies down), they need to be lucky every time for it to translate to long term shareholder value. Only one truely unpopular/illegal practice might bring the whole operation down.\n\nOf course, some companies have made an art of anti-consumer practises like Apple, and with it enormous profits, but most companies aren't Apple.\n\nEdit: It seems like many people here are scrutinizing my semantics. I am not arguing against effective profit maximisation. What I'm arguing against is the thought process behind anti-consumer and blatant price gouging under the guise of ""profit maximisation for the good of shareholders"" that seems to be on the rise lately.",CMV: Maximising profit is more often than not unsustainable and not in the shareholders' interest.,False,
lkha3ik,Fine-Construction952,1f3xvb1,lkh632d,1724926853.0,I rlly can’t see it. But just like how human in the past can’t see how r we glueing our eyes on a black box with glowing face nowadays. ig it make sense to say both of my statement and my dad-brother r saying r very bold statements. \n\nBut I’m still not convinced how human psychology function like a bunch of equations like AI.\n\n!delta,"{'created_utc': 1724926853.0, 'body_html': '<div class=""md""><p>I rlly can’t see it. But just like how human in the past can’t see how r we glueing our eyes on a black box with glowing face nowadays. ig it make sense to say both of my statement and my dad-brother r saying r very bold statements. </p>\n\n<p>But I’m still not convinced how human psychology function like a bunch of equations like AI.</p>\n\n<p>!delta</p>\n</div>', 'edited': False, 'id': 'lkha3ik', 'is_submitter': True, 'link_id': 't3_1f3xvb1', 'parent_id': 't1_lkh632d', 'permalink': '/r/changemyview/comments/1f3xvb1/cmv_ai_cannot_feel_emotion_and_will_never_be/lkha3ik/', 'replies': <praw.models.comment_forest.CommentForest object at 0x2ba813050>, 'saved': False, 'score': 1, 'stickied': False, 'submission': Submission(id='1f3xvb1')}",3,"> How’s AI the same as a human brain? It clearly cannot do everything. It can do some things better than human for sure, but it cannot feel. Idk much abt neuroscience but one thing for sure is neurons, a biological thing, are not codes.\n\nBut there's a lot we don't know yet about what constitutes human consciousness and emotions within it. We may be able to point to things like chemicals and neurons firing etc. that happen *at the same time as* people feeling certain emotions, but we don't know how that generates the actual ""qualia"", i.e. what it's like to feel a certain emotion.\n\nThere's still a real possibility that we will (within some decades) finally find out to the last detail, how exactly our own brains generate our consciousness and emotions. We may then be able to specifically create AIs that reproduce all the same steps necessary to generate real consciousness, including emotions.","Having a convo with my brother and my dad abt IT stuff.\n\nMy dad said that AI can do anything and everything. My brother agree.\n\nI, however, as an artist, can’t bring myself to agree with their point. Ik that art vs AI “art” stuff has been a convo on social media since 2022 but I am not here to say their point is wrong. I’m here to know why it’s valid because I can’t see why. \n\nI challenged them that there are many things that AI cannot do. I’d say data entry is one thing. Cuz AI cannot function without a data bank. Its existence is not sentient within the human world so it needs somebody to help collecting those data from the outside world and input it within the data bank. In fact, that’ve always been something we all been doing. The mere fact of I’m writing this post then put it on Reddit can already be seen as an act of data entry.\n\nMy brother and dad’s point is that some AI can collect data on its own without human’s input. That’s true. A camera with an AI can help record stuff.  It’s like a human brain, they said. So my 1st point is out since I can’t think of anything against it.\n\nBut how can AI behave like a human when it’s essentially just lines of codes? That’s my 2nd point. There r so many things that makes human, human. Aside from innovation and society, it’s emotion, experience, diversity, opinions. Why are there so many conflicts in the world. Why is there 2 damn World Wars and a Cold War? Ppl disagree. Out of biases, religious opinions, cultural context. AI cannot do those stuff?? My dad and brother said u can make it like human brains but how can u manufactured emotion and experience? Tell me! Yes my dad and brother repeated it. “It can learn emotion.” But the first thing a baby does when they get out their mother’s womb is crying. It’s human instinct, how can u manufacture an instinct. No one teaches u how to cry. \n\nHow’s AI the same as a human brain? It clearly cannot do everything. It can do some things better than human for sure, but it cannot feel. Idk much abt neuroscience but one thing for sure is neurons, a biological thing, are not codes. Humans are not math equations. They r complicated. But idk any further than that hence we cannot complete the argument. But they keep saying, “AI is the same as human brains. You can manufacture emotion”. How’s neurons and the way human brain behaves the same as codes and AI behave?\n\nEdit: thank u for the insightful inputs, guys 🙏\nMy view is changed, not that I agree to my dad and brother statements, but I can see the possibility. But a possibility is not definitive so who knows actually. Not rn for sure.",CMV: AI cannot feel emotion and will never be,True,
lkh5qap,Fine-Construction952,1f3xvb1,lkh4s6n,1724924206.0,"I can see the point of view now. Thank u.\n\nBut putting all of their perception aside since i think facts is what important when we r having a debate, acting like it has emotion doesn’t mean that it actually feel emotion. It just looks like it feels it, not that it actually feels it deep within the equation and codes.","{'created_utc': 1724924206.0, 'body_html': '<div class=""md""><p>I can see the point of view now. Thank u.</p>\n\n<p>But putting all of their perception aside since i think facts is what important when we r having a debate, acting like it has emotion doesn’t mean that it actually feel emotion. It just looks like it feels it, not that it actually feels it deep within the equation and codes.</p>\n</div>', 'edited': False, 'id': 'lkh5qap', 'is_submitter': True, 'link_id': 't3_1f3xvb1', 'parent_id': 't1_lkh4s6n', 'permalink': '/r/changemyview/comments/1f3xvb1/cmv_ai_cannot_feel_emotion_and_will_never_be/lkh5qap/', 'replies': <praw.models.comment_forest.CommentForest object at 0x2ba813410>, 'saved': False, 'score': 2, 'stickied': False, 'submission': Submission(id='1f3xvb1')}",3,"First, we just assume people feel emotions because we feel emotions and we assume that other people feel emotions because they act like they feel emotions.  We can only measure the behavior, can’t directly measure feeling emotions.   \n\nAs AI starts to act as if it has emotions to a greater extent by maintaining emotional consistency, but with some spontaneity, being able to describe its emotional state, appear to have physiological indicators of emotion, and act with compassion and empathy it will appear very much to have emotions.\n\nPeople will assume that the AI of this type is genuinely feeling emotions because at that point it will be indistinguishable from our experience with other people.   Attitudes will shift and people will view AIs as feeling emotion.   This is not as far away as some imagine.","Having a convo with my brother and my dad abt IT stuff.\n\nMy dad said that AI can do anything and everything. My brother agree.\n\nI, however, as an artist, can’t bring myself to agree with their point. Ik that art vs AI “art” stuff has been a convo on social media since 2022 but I am not here to say their point is wrong. I’m here to know why it’s valid because I can’t see why. \n\nI challenged them that there are many things that AI cannot do. I’d say data entry is one thing. Cuz AI cannot function without a data bank. Its existence is not sentient within the human world so it needs somebody to help collecting those data from the outside world and input it within the data bank. In fact, that’ve always been something we all been doing. The mere fact of I’m writing this post then put it on Reddit can already be seen as an act of data entry.\n\nMy brother and dad’s point is that some AI can collect data on its own without human’s input. That’s true. A camera with an AI can help record stuff.  It’s like a human brain, they said. So my 1st point is out since I can’t think of anything against it.\n\nBut how can AI behave like a human when it’s essentially just lines of codes? That’s my 2nd point. There r so many things that makes human, human. Aside from innovation and society, it’s emotion, experience, diversity, opinions. Why are there so many conflicts in the world. Why is there 2 damn World Wars and a Cold War? Ppl disagree. Out of biases, religious opinions, cultural context. AI cannot do those stuff?? My dad and brother said u can make it like human brains but how can u manufactured emotion and experience? Tell me! Yes my dad and brother repeated it. “It can learn emotion.” But the first thing a baby does when they get out their mother’s womb is crying. It’s human instinct, how can u manufacture an instinct. No one teaches u how to cry. \n\nHow’s AI the same as a human brain? It clearly cannot do everything. It can do some things better than human for sure, but it cannot feel. Idk much abt neuroscience but one thing for sure is neurons, a biological thing, are not codes. Humans are not math equations. They r complicated. But idk any further than that hence we cannot complete the argument. But they keep saying, “AI is the same as human brains. You can manufacture emotion”. How’s neurons and the way human brain behaves the same as codes and AI behave?\n\nEdit: thank u for the insightful inputs, guys 🙏\nMy view is changed, not that I agree to my dad and brother statements, but I can see the possibility. But a possibility is not definitive so who knows actually. Not rn for sure.",CMV: AI cannot feel emotion and will never be,False,
lct5hrp,Forrest02,1e16tsd,lcs2nnj,1720775847.0,"!delta\n\nThis convinced me otherwise for the most part. I guess I should have thought about more of the genre of what the show is about. Lost shouldnt be more then 5 seasons max, but stuff like Star Trek can easily be 8 seasons while maintaining good story arcs throughout its air time.","{'created_utc': 1720775847.0, 'body_html': '<div class=""md""><p>!delta</p>\n\n<p>This convinced me otherwise for the most part. I guess I should have thought about more of the genre of what the show is about. Lost shouldnt be more then 5 seasons max, but stuff like Star Trek can easily be 8 seasons while maintaining good story arcs throughout its air time.</p>\n</div>', 'edited': False, 'id': 'lct5hrp', 'is_submitter': True, 'link_id': 't3_1e16tsd', 'parent_id': 't1_lcs2nnj', 'permalink': '/r/changemyview/comments/1e16tsd/cmv_live_action_dramatized_tv_should_never_go/lct5hrp/', 'replies': <praw.models.comment_forest.CommentForest object at 0x2d28331d0>, 'saved': False, 'score': 2, 'stickied': False, 'submission': Submission(id='1e16tsd')}",3,"Depends on what kind of drama you’re looking for. \n\nIf you want a show like Lost that has one main question to answer (“what the hell is this island???”) then you’re not going to be able to keep stringing people along forever and on that you’re absolutely right. \n\nBut if the show has more of a soap opera type feel (Dallas, Dynasty, etc) or adventure feel (Star Trek, any superhero show) where there isn’t one main question to answer but is more about the continuing stories of characters and ever evolving action & drama, then the only thing stopping the show from being interesting is a drop in quality and not a rise in quantity.","I tried to think of a show that managed to do good going past 5 seasons and the only one I can personally think of was Better Call Saul which had a great finale 6th season. But other then that, I'm just not convinced dramatized live action type shows should really go beyond 5 seasons. Most actors may get burnt out doing more then 5 seasons and want to move on to other projects. This may carry over their performance on the show itself. Also story lines tend to be stretched apart and may lead to bad pacing issues or just straight up bad story telling after 5 seasons worth of content. \nI'll use Lost as an example. Lost started off insanely strong, but after 4 seasons it kinda seemed like they were just throwing in random things to keep going. Remember that tattoo episode with Jack? Yea that was kind of stupid and even the writers were trying to tell the networks its time to end it. Another example are the CW hero shows like Flash and Arrow. Both lasted way passed their prime and the story was only getting worse by the season (And dont even get me started on each one having 20+ episodes with 4 of them being the only ones that mattered.)\n\n\nAnyways, as the title says, live action shows should never go past 5 seasons max due to the above mentioned. Comedy shows can get a pass because you can just do random story lines and not really follow a proper long term plot. Animation is very different compared to how live action is produced and can also get a pass as well in my opinion.",CMV: Live action Dramatized TV should never go past 5 seasons.,True,
lcthfqg,Forrest02,1e16tsd,lctgws6,1720783222.0,I'm sorry you feel that way.,"{'created_utc': 1720783222.0, 'body_html': '<div class=""md""><p>I&#39;m sorry you feel that way.</p>\n</div>', 'edited': False, 'id': 'lcthfqg', 'is_submitter': True, 'link_id': 't3_1e16tsd', 'parent_id': 't1_lctgws6', 'permalink': '/r/changemyview/comments/1e16tsd/cmv_live_action_dramatized_tv_should_never_go/lcthfqg/', 'replies': <praw.models.comment_forest.CommentForest object at 0x2d2834490>, 'saved': False, 'score': 0, 'stickied': False, 'submission': Submission(id='1e16tsd')}",3,This is a completely arbitrary number that you made up. This is dumb.,"I tried to think of a show that managed to do good going past 5 seasons and the only one I can personally think of was Better Call Saul which had a great finale 6th season. But other then that, I'm just not convinced dramatized live action type shows should really go beyond 5 seasons. Most actors may get burnt out doing more then 5 seasons and want to move on to other projects. This may carry over their performance on the show itself. Also story lines tend to be stretched apart and may lead to bad pacing issues or just straight up bad story telling after 5 seasons worth of content. \nI'll use Lost as an example. Lost started off insanely strong, but after 4 seasons it kinda seemed like they were just throwing in random things to keep going. Remember that tattoo episode with Jack? Yea that was kind of stupid and even the writers were trying to tell the networks its time to end it. Another example are the CW hero shows like Flash and Arrow. Both lasted way passed their prime and the story was only getting worse by the season (And dont even get me started on each one having 20+ episodes with 4 of them being the only ones that mattered.)\n\n\nAnyways, as the title says, live action shows should never go past 5 seasons max due to the above mentioned. Comedy shows can get a pass because you can just do random story lines and not really follow a proper long term plot. Animation is very different compared to how live action is produced and can also get a pass as well in my opinion.",CMV: Live action Dramatized TV should never go past 5 seasons.,False,
kyzjm8f,Educational-Fruit-16,1c0vth7,kyzh1cq,1712786249.0,"!delta I agree with your reasoning. It is plausible that such an ordering is possible, and so it is not exactly the same to kill a pig or a dog. \n\nSimultaneously, I also agree strongly with your last statement. Any such distinction is probably impossible to practically make, not in the least because the metrics to decide are impossible to agree on.","{'created_utc': 1712786249.0, 'body_html': '<div class=""md""><p>!delta I agree with your reasoning. It is plausible that such an ordering is possible, and so it is not exactly the same to kill a pig or a dog. </p>\n\n<p>Simultaneously, I also agree strongly with your last statement. Any such distinction is probably impossible to practically make, not in the least because the metrics to decide are impossible to agree on.</p>\n</div>', 'edited': False, 'id': 'kyzjm8f', 'is_submitter': True, 'link_id': 't3_1c0vth7', 'parent_id': 't1_kyzh1cq', 'permalink': '/r/changemyview/comments/1c0vth7/cmv_eating_a_dog_is_not_ethicallly_any_different/kyzjm8f/', 'replies': <praw.models.comment_forest.CommentForest object at 0x2a3848d90>, 'saved': False, 'score': 178, 'stickied': False, 'submission': Submission(id='1c0vth7')}",3,">As far as I am concerned, killing any animal is as bad as another.\n\nThe ethics of killing animals must be tied to their capacity for suffering or their level of sentience, both of which while difficult if not impossible to measure objectively clearly exist on a spectrum.  \n\nIt seems unreasonable to say that killing a nematode (a phylum of usually microscopic worms) is ethically as bad as killing a chimpanzee.  A nematode has no capacity for suffering or sentience, or if it does it is extremely limited by the simplicity of its nervous system.  If you concede that killing a chimpanzee  is worse than killing a nematode, then killing any animal is not as bad as killing any other.  \n\nBut we can extend that if we agree that we can find an animal that it is worse to kill than killing a nematode, and not as bad to kill as a chimpanzee, a sardine perhaps.  If we can agree that we can rank these three animal (chimpanzee, sardine, and nematode) on how unethical it is to kill them, the we would seem to be agreeing that in principle at least all animals  can be ranked in this way.  That's not to say that in practice the distinction between killing a pig and a dog can be made or is significant, just that in principle such a distinction exists.","To the best of my understanding, both are highly intelligent, social, emotional animals. Equally capable of suffering, and pain.\n\nYet, dog consumption in some parts of the world is very much looked down upon as if it is somehow an unspeakably evil practice. Is there any actual argument that can be made for this differential treatment - apart from just a sentimental attachment to dogs due to their popularity as a pet?\n\nI can extend this argument a bit further too. As far as I am concerned, killing any animal is as bad as another. There are certain obvious exceptions: \n\n1. Humans don't count in this list of ""animals"". I may not be able to currently make a completely coherent argument for why this distinction is so obviously justifiable (to me), but perhaps that is irrelevant for this CMV. \n2. Animals that actively harm people (mosquitoes, for example) are more justifiably killed. \n\nApart from these edge cases, why should the murder/consumption of any animal (pig, chicken, cow, goat, rats)  be viewed as more ok than some others (dogs, cats, etc)? \n\nI'm open to changing my views here, and more than happy to listen to your viewpoints. ",CMV: Eating a dog is not ethicallly any different than eating a pig,True,
kyzh680,Educational-Fruit-16,1c0vth7,kyzb7ei,1712785382.0,"Woops, I think you're on the wrong sub. There must be another one out there for unscientific bullshit ;) \n\nEating pigs is (obviously) not akin to cannibalism.","{'created_utc': 1712785382.0, 'body_html': '<div class=""md""><p>Woops, I think you&#39;re on the wrong sub. There must be another one out there for unscientific bullshit ;) </p>\n\n<p>Eating pigs is (obviously) not akin to cannibalism.</p>\n</div>', 'edited': False, 'id': 'kyzh680', 'is_submitter': True, 'link_id': 't3_1c0vth7', 'parent_id': 't1_kyzb7ei', 'permalink': '/r/changemyview/comments/1c0vth7/cmv_eating_a_dog_is_not_ethicallly_any_different/kyzh680/', 'replies': <praw.models.comment_forest.CommentForest object at 0x2a6549f10>, 'saved': False, 'score': 14, 'stickied': False, 'submission': Submission(id='1c0vth7')}",3,I think it’s different.  Pigs are ancestrally related to us much more closely than dogs.  If you look at the differences between humans and apes those differences could certainly have come from interbreeding with pigs to get the other differences.  So eating pigs is more akin to cannibalism and has higher risks of disease so the pig meat has to be cooked more thoroughly than dog.  You can’t really compare the two on this metric,"To the best of my understanding, both are highly intelligent, social, emotional animals. Equally capable of suffering, and pain.\n\nYet, dog consumption in some parts of the world is very much looked down upon as if it is somehow an unspeakably evil practice. Is there any actual argument that can be made for this differential treatment - apart from just a sentimental attachment to dogs due to their popularity as a pet?\n\nI can extend this argument a bit further too. As far as I am concerned, killing any animal is as bad as another. There are certain obvious exceptions: \n\n1. Humans don't count in this list of ""animals"". I may not be able to currently make a completely coherent argument for why this distinction is so obviously justifiable (to me), but perhaps that is irrelevant for this CMV. \n2. Animals that actively harm people (mosquitoes, for example) are more justifiably killed. \n\nApart from these edge cases, why should the murder/consumption of any animal (pig, chicken, cow, goat, rats)  be viewed as more ok than some others (dogs, cats, etc)? \n\nI'm open to changing my views here, and more than happy to listen to your viewpoints. ",CMV: Eating a dog is not ethicallly any different than eating a pig,False,
lfm1o2z,AlexFerrana,1eeudak,lfjovh9,1722321306.0,"I agree with your points. Karate is good and interesting, plus it depends on the style (some karate styles are better than others, and it also depends on how much contact in sparrings is allowed). But MMA is build for different purposes and it indeed makes more practical fighters. \n\n\nΔ","{'created_utc': 1722321306.0, 'body_html': '<div class=""md""><p>I agree with your points. Karate is good and interesting, plus it depends on the style (some karate styles are better than others, and it also depends on how much contact in sparrings is allowed). But MMA is build for different purposes and it indeed makes more practical fighters.\xa0</p>\n\n<p>Δ</p>\n</div>', 'edited': False, 'id': 'lfm1o2z', 'is_submitter': True, 'link_id': 't3_1eeudak', 'parent_id': 't1_lfjovh9', 'permalink': '/r/changemyview/comments/1eeudak/cmv_using_mma_as_a_benchmark_of_what_martial_arts/lfm1o2z/', 'replies': <praw.models.comment_forest.CommentForest object at 0x31cfbb710>, 'saved': False, 'score': 2, 'stickied': False, 'submission': Submission(id='1eeudak')}",3,"As a second degree black belt in karate, and someone who has also trained for MMA, I can confirm that MMA is a far more effective fighting system than TMA. I did the most practically effective style of karate (goju ryu) which is already the most effective form of traditional martial arts I believe - with a literally world class sensei, and I truly believe that if I'd spent all those years training in MMA at even a mediocre gym, I would be a more effective fighter than I currently am. Don't get me wrong, I could kick most people's asses, but MMA is a different deal entirely.\n\nThere's several reasons for this.\n1. Rehearsing preset moves is a waste of time as there is no way you're gonna pull that stuff off in a real fight unless you're enormously better than your opponent. And if that's the case, you don't need the move anyway.\n2. TMA involves learning moves endlessly before finally getting a chance to put them into practice. That it an utter waste of time. It is a million times more effective to learn moves as you try to apply them. This is the key difference between BJJ and traditional jiu-jitsu. Same moves, but in BJJ you're actually grappling with people from day one, and getting a feel for how to move and actually apply what you're learning.\n3. Contact - you cannot learn to hit hard or take a hit if you don't spar with contact. You can get very good at setting up combos or using angles, but it's not the same.\n4. Fluff - already touched on this before, but so much of tma is useless fluff. Bruce Lee himself who was arguably one of the first pioneers behind MMA despite coming from a kung fu background said ""I don't fear the man who has practiced a thousand kicks but the man who has practiced one kick a thousand times"". You don't need to learn wrist locks, karate chops, tornado kicks, or three part blocks to a punch that could be evaded with simple footwork. You need to learn how to move, how to punch and how to grapple. You do that and you can fight. Simple as. I'm not saying these moves can't work. They can. My absolute boss of a sensei was a terrifying person who definitely put them into practice more than a few times, but he was one of the best in the world and had real-life fighting experience.\n\nTraditional martial arts can be great fun. They make great hobbies, sports and personal development projects, but if you want to learn to fight, you're much better off finding a good MMA, boxing or wrestling gym. Honestly, a half decent wrestler would absolutely bulldoze even an excellent karateka. Take them down and that's it, they're screwed.","Alright, hear me out. MMA is great and I like it, but when MMA fans are mocking so-called ""TMA"" (traditional martial arts) by saying that ""it won't work in MMA"" or ""a mediocre amateur MMA fighter would mop the floor with a high level aikidoka/taekwondo fighter/wing chun fighter/karateka/krav maga adept/etc"", it makes me very disappointed.\n\nFirst of all, MMA has plenty of rules depending on the promotion, which sometimes just makes a certain martial art impossible to apply in MMA context. Like, small joints manipulation is banned in MMA and it makes aikido look ""useless"" there. Use of gloves in MMA makes the wristlocks also hard to apply, even though wristlocks are legal in MMA, technically. Eye gouging, biting, throat strikes, groin attack and other illegal blows are making the krav maga ""useless"" in MMA as well. But what about to test it in a no holds barred street fight without any sport equipment and rules, as well as without referees, judges and limits by rounds and overall time. I'm sure that it would make the whole ""what martial arts really works in a real fight context"" thing completely different.\n\nSecond, some martial arts aren't for cage fighting or for fighting in the ring. It's purely for self-defense in the streets, where rules are non-existent, such as Krav Maga or Keysi Fighting Method. Aikido is designed for defending against a charging opponent who is armed with a bladed weapon or for defense against wrist grabbing or against unwanted holds on your arms or shoulders. Wing chun was created for women and small people in order to help them to defend against bigger and stronger opponents. Etc, etc. \n\nThird, just because someone doesn't fight in MMA doesn't mean that he or she isn't a legit fighter. Not everyone need to do that just to prove naysayers that they're wrong. For example, you don't need to be a UFC champion if you're studying Krav maga and want to defend yourself from an untrained street punks or against a drunk and aggressive person. Or if you're a bouncer or a cop who needs to know wristlocks and wrist control in order to properly handcuff a criminal or restrain an aggressive clubber and kick him out of the club without hurting him too much. \n\nFourth, there's examples of traditional martial arts that are successfully used in MMA. Steven ""Wonderboy"" Thompson, George St. Pierre and Lyoto Machida are known for their karate, Anderson da Silva and Chris Barnett are known for their taekwondo and Jason Delucia is known as having the background in aikido and kung fu. It's all about martial artist, not about martial art itself. \n\nAnd fifth, all martial arts has their own value and not all of them are for fighting under the set of rules in the octagon or ring. Using MMA as a ""proof"" why that martial art works or doesn't work is a dishonest and manipulative method.\n\nI think that I said enough. I'm ready to change my mind if you can prove me wrong. ","CMV: using MMA as a benchmark of what martial arts works in a ""real fight"" and what doesn't isn't actually a good method at all. ",True,
lfm0ozh,AlexFerrana,1eeudak,lfijdtb,1722320674.0,"And when people says that no one bites in a street fight, I would just say that they should Google it. Biting in a street fighting situation isn't something uncommon.","{'created_utc': 1722320674.0, 'body_html': '<div class=""md""><p>And when people says that no one bites in a street fight, I would just say that they should Google it. Biting in a street fighting situation isn&#39;t something uncommon.</p>\n</div>', 'edited': False, 'id': 'lfm0ozh', 'is_submitter': True, 'link_id': 't3_1eeudak', 'parent_id': 't1_lfijdtb', 'permalink': '/r/changemyview/comments/1eeudak/cmv_using_mma_as_a_benchmark_of_what_martial_arts/lfm0ozh/', 'replies': <praw.models.comment_forest.CommentForest object at 0x31cfbe7d0>, 'saved': False, 'score': 1, 'stickied': False, 'submission': Submission(id='1eeudak')}",3,"If you can't bite, it's not realistic.","Alright, hear me out. MMA is great and I like it, but when MMA fans are mocking so-called ""TMA"" (traditional martial arts) by saying that ""it won't work in MMA"" or ""a mediocre amateur MMA fighter would mop the floor with a high level aikidoka/taekwondo fighter/wing chun fighter/karateka/krav maga adept/etc"", it makes me very disappointed.\n\nFirst of all, MMA has plenty of rules depending on the promotion, which sometimes just makes a certain martial art impossible to apply in MMA context. Like, small joints manipulation is banned in MMA and it makes aikido look ""useless"" there. Use of gloves in MMA makes the wristlocks also hard to apply, even though wristlocks are legal in MMA, technically. Eye gouging, biting, throat strikes, groin attack and other illegal blows are making the krav maga ""useless"" in MMA as well. But what about to test it in a no holds barred street fight without any sport equipment and rules, as well as without referees, judges and limits by rounds and overall time. I'm sure that it would make the whole ""what martial arts really works in a real fight context"" thing completely different.\n\nSecond, some martial arts aren't for cage fighting or for fighting in the ring. It's purely for self-defense in the streets, where rules are non-existent, such as Krav Maga or Keysi Fighting Method. Aikido is designed for defending against a charging opponent who is armed with a bladed weapon or for defense against wrist grabbing or against unwanted holds on your arms or shoulders. Wing chun was created for women and small people in order to help them to defend against bigger and stronger opponents. Etc, etc. \n\nThird, just because someone doesn't fight in MMA doesn't mean that he or she isn't a legit fighter. Not everyone need to do that just to prove naysayers that they're wrong. For example, you don't need to be a UFC champion if you're studying Krav maga and want to defend yourself from an untrained street punks or against a drunk and aggressive person. Or if you're a bouncer or a cop who needs to know wristlocks and wrist control in order to properly handcuff a criminal or restrain an aggressive clubber and kick him out of the club without hurting him too much. \n\nFourth, there's examples of traditional martial arts that are successfully used in MMA. Steven ""Wonderboy"" Thompson, George St. Pierre and Lyoto Machida are known for their karate, Anderson da Silva and Chris Barnett are known for their taekwondo and Jason Delucia is known as having the background in aikido and kung fu. It's all about martial artist, not about martial art itself. \n\nAnd fifth, all martial arts has their own value and not all of them are for fighting under the set of rules in the octagon or ring. Using MMA as a ""proof"" why that martial art works or doesn't work is a dishonest and manipulative method.\n\nI think that I said enough. I'm ready to change my mind if you can prove me wrong. ","CMV: using MMA as a benchmark of what martial arts works in a ""real fight"" and what doesn't isn't actually a good method at all. ",False,
ljvadfn,rbminer456,1f0y1vh,ljv9cb7,1724599351.0,!delta  I hate the battery life on my 6 year old Samsung hate to hear that isnt just because my phone is old. iPhone has a better battery ife I will give it that. ,"{'created_utc': 1724599351.0, 'body_html': '<div class=""md""><p>!delta\xa0 I hate the battery life on my 6 year old Samsung hate to hear that isnt just because my phone is old. iPhone has a better battery ife I will give it that.\xa0</p>\n</div>', 'edited': False, 'id': 'ljvadfn', 'is_submitter': True, 'link_id': 't3_1f0y1vh', 'parent_id': 't1_ljv9cb7', 'permalink': '/r/changemyview/comments/1f0y1vh/cmv_android_phones_are_better_then_iphones/ljvadfn/', 'replies': <praw.models.comment_forest.CommentForest object at 0x2b6823e50>, 'saved': False, 'score': -2, 'stickied': False, 'submission': Submission(id='1f0y1vh')}",3,"One thing that matters to me is battery life. Android just can’t compete with apples battery life.\n\nI haven’t touched power setting on my 4 year old iPhone and it always gets me through the day no matter what I’m doing. Traveling or doom scrolling on TikTok, whatever it is, I never have to worry about my battery running out early. \n\nI have family and friends who get new android phones (Samsung or Pixels) every 2 years. Their battery is killed in a 3 hour car ride if they use their phone for entertainment. I’ve noticed that they have to plan around running out of battery and figuring out when and how to recharge mid-day.\n\nPeople can bicker about performance, but never — ever — having to worry about battery life because I’ll charge it when i sleep is immensely liberating.","Edit: People chose apple over android for diffrent reasons such as better security and loger battery life I still think that for me personally that android is better then apple over all but I addment that Apple has its strengths\n\nOriginal post:\niPhones are just worse then android phones. Even with the iPhone being more powerful and being the first they are just bad. Apple purposely makes there product more expensive with a worse OS then android. Then they also make rhe phone almost unusable with literaly anything but an apple product which causes people to spend even more money to ""stay in the ecosystem"" of apple to make evwn more money off of it. Then they REMOVED the headphone jack and the charger brick! Whats next? You jace to build the phone yourself using materials un the box? Parts sold separately? \n\nTLDR: Apple makes there product worse to make more money on purpose so android is better then Apple.",CMV: Android phones are better then iPhones. ,True,
ljva1m9,rbminer456,1f0y1vh,ljv946a,1724599239.0,I hate typos,"{'created_utc': 1724599239.0, 'body_html': '<div class=""md""><p>I hate typos</p>\n</div>', 'edited': False, 'id': 'ljva1m9', 'is_submitter': True, 'link_id': 't3_1f0y1vh', 'parent_id': 't1_ljv946a', 'permalink': '/r/changemyview/comments/1f0y1vh/cmv_android_phones_are_better_then_iphones/ljva1m9/', 'replies': <praw.models.comment_forest.CommentForest object at 0x2b6824390>, 'saved': False, 'score': 0, 'stickied': False, 'submission': Submission(id='1f0y1vh')}",3,*than,"Edit: People chose apple over android for diffrent reasons such as better security and loger battery life I still think that for me personally that android is better then apple over all but I addment that Apple has its strengths\n\nOriginal post:\niPhones are just worse then android phones. Even with the iPhone being more powerful and being the first they are just bad. Apple purposely makes there product more expensive with a worse OS then android. Then they also make rhe phone almost unusable with literaly anything but an apple product which causes people to spend even more money to ""stay in the ecosystem"" of apple to make evwn more money off of it. Then they REMOVED the headphone jack and the charger brick! Whats next? You jace to build the phone yourself using materials un the box? Parts sold separately? \n\nTLDR: Apple makes there product worse to make more money on purpose so android is better then Apple.",CMV: Android phones are better then iPhones. ,False,
l30vh0v,AmoraSenpai,1cmgnd0,l30r5ta,1715110033.0,"**Δ** Underlined the separate category of paparazzi who are employed by the person who is being ""featured"" to spread gossip on purpose. This category may get harmed in the crossfire vs stalker category.","{'created_utc': 1715110033.0, 'body_html': '<div class=""md""><p><strong>Δ</strong> Underlined the separate category of paparazzi who are employed by the person who is being &quot;featured&quot; to spread gossip on purpose. This category may get harmed in the crossfire vs stalker category.</p>\n</div>', 'edited': False, 'id': 'l30vh0v', 'is_submitter': True, 'link_id': 't3_1cmgnd0', 'parent_id': 't1_l30r5ta', 'permalink': '/r/changemyview/comments/1cmgnd0/cmv_paparazzi_should_be_erased_as_a_phenomena/l30vh0v/', 'replies': <praw.models.comment_forest.CommentForest object at 0x30d486f50>, 'saved': False, 'score': 6, 'stickied': False, 'submission': Submission(id='1cmgnd0')}",3,"In order to understand this topic you have to ask, ""Why is paparazzi?""\n\nThese are freelance photographers who aren't employed by newspapers or gossip magazines or anything. So, why and how do they get paid?\n\nIn the very beginning it was the *agents* of the celebrities who hire them. Even today, it's not uncommon for them to be hired on behalf of the celebrities themselves as part of a marketing ploy. Before social media if you were a notable celebrity who wanted to announce that you were marrying someone you didn't hold a press conference. Instead, you hired some freelance photographer who 'accidentally' came across you and your partner and took some 'candid' photos. Then the gossip mags can tell everyone for you. It's cheaper than the formal press conference, gets much deeper market penetration than a formal press conference, and allows you to shape the narrative far more than you could if you were holding a press conference. The actual times a freelance photographer actually accidentally stumbled across a celebrity and actually took candid photographs is necessary for the marketing stunts to work, so celebrities and agents tolerate paparazzi who aren't actively hired to work for them.\n\nComing down harshly on the photographers who are actually hired to do the job would be unwelcome and unjustified, so the system as it is would be quite resistant to going after all but the worst bad actors.\n\nThere's a difference between 'freelance photographer who sometimes takes pictures of celebrities they come across' and 'stalker'. Expanding the penalties for the stalker to the freelance photographer simply isn't going to happen so long as celebrities need buzz and want an informal back channel to communicate non-work-related announcements to their fans.\n\nIf social media progresses to the point where it completely eclipses gossip magazines and TV shows entirely then we could get to the point where celebrities (or their agents) just do the paparazzi's work themselves and cut out the middle men, but we still aren't there yet.","*Disclaimer: I support the noble profession of journalists, but I don't consider the paparazzi to be worthy of being considered on the same level.*  \n  \nThe paparazzi profession stands on a foundation of unethical and intrusive practices that undermine individual rights and inflict significant harm. Their reliance on tactics such as breaking into private properties, stalking individuals for extended periods, and resorting to blackmailing tactics not only violate privacy but also inflict severe emotional and psychological trauma on their subjects. The pervasive nature of their misconduct perpetuates a culture of invasion and exploitation, making it clear that the paparazzi profession is fundamentally incompatible with ethical standards and the protection of individual dignity.\n\nIn response to the pervasive issue of paparazzi intrusion and privacy violations, my comprehensive approach is proposed to address and potentially dismantle this problematic profession completely.\n\n1. Stripping paparazzi of most rights upon entering private residences without consent of the owner, ensuring repercussions for invasive behavior. They would be considered on a similar level to burglars.\n2. Enforcing punitive measures such as community service and educational programs to raise awareness about the harms of stalking and invasion of privacy (akin to HR films + instructions).\n3. Imposing severe financial penalties and debt obligations to deter paparazzi misconduct and compensate victims. Monthly payments that start off incredibly high but, can go down in case of compliance.\n4. Offering leniency in punishment for paparazzi who cooperate with educational programs and demonstrate compliance with regulations. Leniency would result in severe reduction of the monthly payments that the offender must provide.\n5. Implementing a lifetime ban on the purchase, possession, or sale of professional photography equipment, with exceptions in controlled environments. Their cellphones must have low quality cameras or lack cameras altogether.\n6. Establishing designated ""green zones"" for photography activities under strict supervision and allowing for the hiring of external photographers for personal projects within defined boundaries. This is to ensure they can still earn money by applying their skills, such as in photo studios or otherwise.","CMV: Paparazzi should be erased as a phenomena, with heavy mechanisms to deter anyone from choosing this path.",True,
l312vlp,AmoraSenpai,1cmgnd0,l310nxz,1715112577.0,what about the relatives and friends of those people? Imagine them having to deal with those pests on a daily basis,"{'created_utc': 1715112577.0, 'body_html': '<div class=""md""><p>what about the relatives and friends of those people? Imagine them having to deal with those pests on a daily basis</p>\n</div>', 'edited': False, 'id': 'l312vlp', 'is_submitter': True, 'link_id': 't3_1cmgnd0', 'parent_id': 't1_l310nxz', 'permalink': '/r/changemyview/comments/1cmgnd0/cmv_paparazzi_should_be_erased_as_a_phenomena/l312vlp/', 'replies': <praw.models.comment_forest.CommentForest object at 0x30d487fd0>, 'saved': False, 'score': 1, 'stickied': False, 'submission': Submission(id='1cmgnd0')}",3,I agree paperazzi suck. But also i believe rich and famous people should just have to deal with that shit. There's a certain income level where you just basically sold your soul. Don't want paperazzi? Don't take the fame and the money,"*Disclaimer: I support the noble profession of journalists, but I don't consider the paparazzi to be worthy of being considered on the same level.*  \n  \nThe paparazzi profession stands on a foundation of unethical and intrusive practices that undermine individual rights and inflict significant harm. Their reliance on tactics such as breaking into private properties, stalking individuals for extended periods, and resorting to blackmailing tactics not only violate privacy but also inflict severe emotional and psychological trauma on their subjects. The pervasive nature of their misconduct perpetuates a culture of invasion and exploitation, making it clear that the paparazzi profession is fundamentally incompatible with ethical standards and the protection of individual dignity.\n\nIn response to the pervasive issue of paparazzi intrusion and privacy violations, my comprehensive approach is proposed to address and potentially dismantle this problematic profession completely.\n\n1. Stripping paparazzi of most rights upon entering private residences without consent of the owner, ensuring repercussions for invasive behavior. They would be considered on a similar level to burglars.\n2. Enforcing punitive measures such as community service and educational programs to raise awareness about the harms of stalking and invasion of privacy (akin to HR films + instructions).\n3. Imposing severe financial penalties and debt obligations to deter paparazzi misconduct and compensate victims. Monthly payments that start off incredibly high but, can go down in case of compliance.\n4. Offering leniency in punishment for paparazzi who cooperate with educational programs and demonstrate compliance with regulations. Leniency would result in severe reduction of the monthly payments that the offender must provide.\n5. Implementing a lifetime ban on the purchase, possession, or sale of professional photography equipment, with exceptions in controlled environments. Their cellphones must have low quality cameras or lack cameras altogether.\n6. Establishing designated ""green zones"" for photography activities under strict supervision and allowing for the hiring of external photographers for personal projects within defined boundaries. This is to ensure they can still earn money by applying their skills, such as in photo studios or otherwise.","CMV: Paparazzi should be erased as a phenomena, with heavy mechanisms to deter anyone from choosing this path.",False,
lmvjz5h,danieljyang,1ffjez9,lmv9u4k,1726198589.0,"Yeah that's a good point, but probably not. It would be frowned upon. Like if a president missed his inauguration ceremony he won't be ineligible, but it's highly frowned upon\n\n!delta","{'created_utc': 1726198589.0, 'body_html': '<div class=""md""><p>Yeah that&#39;s a good point, but probably not. It would be frowned upon. Like if a president missed his inauguration ceremony he won&#39;t be ineligible, but it&#39;s highly frowned upon</p>\n\n<p>!delta</p>\n</div>', 'edited': False, 'id': 'lmvjz5h', 'is_submitter': True, 'link_id': 't3_1ffjez9', 'parent_id': 't1_lmv9u4k', 'permalink': '/r/changemyview/comments/1ffjez9/cmv_there_should_be_a_set_amount_of_required/lmvjz5h/', 'replies': <praw.models.comment_forest.CommentForest object at 0x29be42f10>, 'saved': False, 'score': 1, 'stickied': False, 'submission': Submission(id='1ffjez9')}",3,">There should be a set number, either 3, 4 or 5 debates that are required for candidates to participate in.\n\nIs the premise that if they fail to participate in the required number they become ineligible?","Coming from a right leaning person, the candidates shouldn't decide if they want another debate or not. There should be a set number, either 3, 4 or 5 debates that are required for candidates to participate in. Who the moderators are would be another discussion. A candidate shouldn't decide if another debate would be benefitial to them. They should be forced to participate. This would ensure the highest chance that voters would have all the knowledge they need of a candidate to make an informed decision. ",CMV: there should be a set amount of required presidential debates ,True,
lmvk82j,danieljyang,1ffjez9,lmv601q,1726198706.0,The debate committee would come together and set up future debates for the candidates. They would have to debate,"{'created_utc': 1726198706.0, 'body_html': '<div class=""md""><p>The debate committee would come together and set up future debates for the candidates. They would have to debate</p>\n</div>', 'edited': False, 'id': 'lmvk82j', 'is_submitter': True, 'link_id': 't3_1ffjez9', 'parent_id': 't1_lmv601q', 'permalink': '/r/changemyview/comments/1ffjez9/cmv_there_should_be_a_set_amount_of_required/lmvk82j/', 'replies': <praw.models.comment_forest.CommentForest object at 0x29be6d410>, 'saved': False, 'score': 1, 'stickied': False, 'submission': Submission(id='1ffjez9')}",3,"There's so many factors that go into this. Look at this time around. Let's say the set limit was three and Joe Biden and Donald Trump did three debates, and then Joe Biden dropped out causing Kamala to step in. Would they have to do three debates during this time period or would it be considered already too many for Trump? If they did all three debates and then a major event occurred in the election, they would not be able to debate again because they ran up from a set allotted number. Would they not be able to choose when this would occur or would they both have to agree to the time as what if Donald Trump has been planning a debate for weeks and then he just declares he wants a debate tomorrow?","Coming from a right leaning person, the candidates shouldn't decide if they want another debate or not. There should be a set number, either 3, 4 or 5 debates that are required for candidates to participate in. Who the moderators are would be another discussion. A candidate shouldn't decide if another debate would be benefitial to them. They should be forced to participate. This would ensure the highest chance that voters would have all the knowledge they need of a candidate to make an informed decision. ",CMV: there should be a set amount of required presidential debates ,False,
lqtb3fu,Livid_Lengthiness_69,1fye9gv,lqtai6r,1728324722.0,"Ha! No, but that's another great way to poke a hole in the idea that it's logical to tie the drafting age to the voting age that I will definitely use so !delta for that.\n\nAlso, I thought the draft was only from 18-25?","{'created_utc': 1728324722.0, 'body_html': '<div class=""md""><p>Ha! No, but that&#39;s another great way to poke a hole in the idea that it&#39;s logical to tie the drafting age to the voting age that I will definitely use so !delta for that.</p>\n\n<p>Also, I thought the draft was only from 18-25?</p>\n</div>', 'edited': False, 'id': 'lqtb3fu', 'is_submitter': True, 'link_id': 't3_1fye9gv', 'parent_id': 't1_lqtai6r', 'permalink': '/r/changemyview/comments/1fye9gv/cmv_using_the_logic_that_the_voting_age_was/lqtb3fu/', 'replies': <praw.models.comment_forest.CommentForest object at 0x2c03963d0>, 'saved': False, 'score': -1, 'stickied': False, 'submission': Submission(id='1fye9gv')}",3,"Would that mean any man over about 40 wouldn't be able to vote, since they would not be subject to a draft?\n\nI would argue that the government impacts everyone's lives and livelihoods in numerous ways, and a draft is just one of those potential wars. Sure your government can send you to war but it can also devalue your savings or restrict your access to goods or send your tax money/loved ones off to war.","During the Vietnam war, something unprecedented happened. The age at which we restrict a certain behavior actually went down in an exception to a pretty hard societal rule that says, 'The age of everything only ever goes up.'\n\nThe voting age was lowered from 21 to 18, the logic given being that if we're drafting 18yos, 18yos should have a say in the powers that might draft them.\n\nFollowing this logic, I propound that since 14yos may end up drafted at 18, 14yos too ought to have a say in the government that might draft them.\n\nIf you're a person who would respond to the question 'Why is the voting age 18?' with the draft reasoning, it is mostly you who I am testing this logic against.\n\nEdit: I'm getting a lot of people saying that my logic leads to newborns having the right to vote, and I have to say I admire your enthusiasm, but I don't think that tracks. The number 14 was not chosen randomly; it was chosen because a presidential administration in the US is four years long.","CMV: Using the logic that the voting age was lowered so that people who may end up drafted have a say in the president who might draft them, the voting age should be 14.",True,
lqtcu6w,Livid_Lengthiness_69,1fye9gv,lqtbp8o,1728325271.0,>The problem is there is more to this discussion than just the draft.\n\nThat's why I said I'm mostly targeting those who use the draft as their reasoning for the voting age being what it is.\n\n>Voting is a privilege for full members of society in good standing. 14 year olds are not full members of society.\n\nWhat do you need to be a 'full member' of society? A lot of people also like to say jobs/paying taxes. The minimum age to work in the US is also 14.,"{'created_utc': 1728325271.0, 'body_html': '<div class=""md""><blockquote>\n<p>The problem is there is more to this discussion than just the draft.</p>\n</blockquote>\n\n<p>That&#39;s why I said I&#39;m mostly targeting those who use the draft as their reasoning for the voting age being what it is.</p>\n\n<blockquote>\n<p>Voting is a privilege for full members of society in good standing. 14 year olds are not full members of society.</p>\n</blockquote>\n\n<p>What do you need to be a &#39;full member&#39; of society? A lot of people also like to say jobs/paying taxes. The minimum age to work in the US is also 14.</p>\n</div>', 'edited': False, 'id': 'lqtcu6w', 'is_submitter': True, 'link_id': 't3_1fye9gv', 'parent_id': 't1_lqtbp8o', 'permalink': '/r/changemyview/comments/1fye9gv/cmv_using_the_logic_that_the_voting_age_was/lqtcu6w/', 'replies': <praw.models.comment_forest.CommentForest object at 0x2c0394d90>, 'saved': False, 'score': 0, 'stickied': False, 'submission': Submission(id='1fye9gv')}",3,The problem is there is more to this discussion than just the draft.\n\nVoting is a privilege for full members of society in good standing. 14 year olds are not full members of society.,"During the Vietnam war, something unprecedented happened. The age at which we restrict a certain behavior actually went down in an exception to a pretty hard societal rule that says, 'The age of everything only ever goes up.'\n\nThe voting age was lowered from 21 to 18, the logic given being that if we're drafting 18yos, 18yos should have a say in the powers that might draft them.\n\nFollowing this logic, I propound that since 14yos may end up drafted at 18, 14yos too ought to have a say in the government that might draft them.\n\nIf you're a person who would respond to the question 'Why is the voting age 18?' with the draft reasoning, it is mostly you who I am testing this logic against.\n\nEdit: I'm getting a lot of people saying that my logic leads to newborns having the right to vote, and I have to say I admire your enthusiasm, but I don't think that tracks. The number 14 was not chosen randomly; it was chosen because a presidential administration in the US is four years long.","CMV: Using the logic that the voting age was lowered so that people who may end up drafted have a say in the president who might draft them, the voting age should be 14.",False,
lmmlgu0,Holgrin,1febctz,lmmgh80,1726072502.0,"Hmmm. That's a fair question. Questions can have some loaded implications and that makes me want to push them into the ""worldview"" category, but that doesn't really make sense.\n\n!delta\n\nQuestions definitely fit into some other category! How *should* we approach questions? I think there's a place to scrutinize questions. You can certainly engineer a bias in surveys and public opinions by phrasing questions in particular ways, so we do need to analyze and scrutinize them, but I think you're right that they really don't belong in the other categories and deserve their own thoughts!","{'created_utc': 1726072502.0, 'body_html': '<div class=""md""><p>Hmmm. That&#39;s a fair question. Questions can have some loaded implications and that makes me want to push them into the &quot;worldview&quot; category, but that doesn&#39;t really make sense.</p>\n\n<p>!delta</p>\n\n<p>Questions definitely fit into some other category! How <em>should</em> we approach questions? I think there&#39;s a place to scrutinize questions. You can certainly engineer a bias in surveys and public opinions by phrasing questions in particular ways, so we do need to analyze and scrutinize them, but I think you&#39;re right that they really don&#39;t belong in the other categories and deserve their own thoughts!</p>\n</div>', 'edited': False, 'id': 'lmmlgu0', 'is_submitter': True, 'link_id': 't3_1febctz', 'parent_id': 't1_lmmgh80', 'permalink': '/r/changemyview/comments/1febctz/cmv_speech_can_fit_into_3_categories_and/lmmlgu0/', 'replies': <praw.models.comment_forest.CommentForest object at 0x2b9ef74d0>, 'saved': False, 'score': 1, 'stickied': False, 'submission': Submission(id='1febctz')}",3,"What about questions? There no inherent truth value in a question, but it’s still speech. Isn’t it a fourth type of speech?","""Free speech:"" it's a platitude and a cliché most of the time. What do we mean when we say we value ""free speech?"" What's the real value we care about when it comes to freedom of speech? \n\n##Three Categories of Speech.\n\nI am posing that when it comes to speech, we can broadly place it into 3 different categories: an opinion; a statement of fact; a description of reality, a broad claim or argument, or a worldview (i.e. 'opinion, fact, or worldview'). Additionally, speech can and should be scrutinized - and potentially filtered - depending on context and the category of that speech. \n\nAn opinion is a value judgement or a preference for something. ""X is good; I like Y; A is bad."" This kind of speech should be provided the greatest level of protection and the least amount of scrutiny. If you are critical of the government, or want to say you have a preference for a particular idea or policy, that's your perogative and your right. \n\nA statement of fact is some kind of claim of a verifiable, observable, quantifiable event. A false statement of fact still falls into this category, because a lie is still *a claim of truth.* And this category of speech should face higher scrutiny from organizations such as media companies, journalists, and government officials. \n\nCivil society falls apart when lies and false information prevails over truth. The fact that oil companies have known about their impact on the environment for decades and lied about it and hid it from us should not be a protected right. False claims of truth harm people by causing us to behave irrationally and with incomplete information. It causes real world harm. Not all lies are the same and consequences can range from pressing questions by journalists; filtering, removal, or notices by social media companies; to higher penalties in civil courts for large organizations lying to the public and the markets.\n\nFinally, there's the ""worldview"" or ""argument"" category of speech. This should generally face the highest levels of scrutiny for standards, truth, and potential for harm. Media companies and our governments should work towards ensuring speech that falls into this category faces scrutiny and is challenged for reasonableness, soundness, and potential for harm. \n\nBigotry and racism and all forms of hate speech will usually fall into this latter category; as will legitimate arguments for specific policies, proposals, and other complex ideas. \n\n##Example.\n\nHere's an example to contrast some differences between different categories of speech on the same topic.\n\n""I believe abortion is bad and should be banned."" \n\nThis is an opinion. Everyone and anyone should be empowered to voice such opinions, regardless of how others feel about the same topic. \n\n""Every year, x number of abortions take place after x number of months of pregnancy."" \n\nSuch a statement is a claim of fact. Such statements should not be published in text form unless it can be *verified,* and such statements should be challenged by journalists and whoever is around to ensure that such claims are either supported with evidence or shown to be dubious claims due to a lack of evidence. \n\n""Liberals murder babies"" is a worldview, an argument that has a more complex form and is not really verifiable nor even, in this case, *disprovable* without clearly defining certain words and agreeing on the analysis. While on the surface it looks like a claim of fact, it is so incredibly loaded with emotional language it takes on a ""worldview"" statement and should be scrutinized at a higher level. In this case, it could easily be considered a ""thought-terminating cliché"" and dismissed, as someone with such a worldview is not signaling an openness to a fair discussion; they are only interested in a moral battle they are figurately ready to die for. \n\n##Wrap-up.\n\nSo to recap the main ideas: speech can fall into 3 categories - opinion, fact, worldview - and each category should face different levels of scrutiny. Doing so is responsible and still preserves the core value and principles of freedom of speech. Any person may hold and share any opinion they like. They should not face high levels of scrutiny for holding or voicing their opinions. However, not every idea is a valid ""opinion."" A claim of fact is *not* an opinion. An argument or view of the world is not necessarily ""an opinion,"" and different ideas can have serious consequences. \n\nSpeech was meant to be protected *because* it is powerful. Speech inspires and unites people around ideas, and therefore urges us to action. This means we are also responsible for challenging speech within the proper contexts. Lies should not be considered ""free speech."" Insults, bigotry, and baseless emotional claims and conspiracy theories should not be considered ""free speech."" A conspiracy theory should not be treated the same as established and observable facts. \n\nYes, sometimes there are slippery slopes. I am not proposing *jail* for ""banned speech."" I'm proposing that we stop hiding behind the platitude of ""free speech"" when it comes to permitting lies and bullshit to propagate through the world. We can and should challenge and shut down such speech, using good judgement and some restraint, and we can do this while also protecting peoples' fundamental rights to speak their mind and criticize governments and institutions. \n\n*Edited periodically for typos.*","CMV: ""Speech"" can fit into 3 categories, and different categories should face different scrutiny.",True,
lmm0hmh,Holgrin,1febctz,lmlyqp2,1726065769.0,"I really don't understand the question being asked. \n\nIf you're just asking what category those things fit into, I would argue it's broadly the worldview category, though as art and religion they would not need illicit scrutiny under most contexts. \n\nExpressive art would be a worldview, as would religion. Leading public schools in prayer should face high levels of scrutiny because of other notions like freedom of religious practice.\n\n Expressive art is, well, expressive art. It is usually conveying something more complex than an opinion or a fact, like an emotion, or ideas, or something else. It's necessarily context based. It is reasonable to demand scrutiny for, say, performing a heavily political play for a public school audience, and whether and how such scrutiny should result in any action will likely come down to the opinions of the people at the heart of the argument.\n\nIs this what you're asking?","{'created_utc': 1726065769.0, 'body_html': '<div class=""md""><p>I really don&#39;t understand the question being asked. </p>\n\n<p>If you&#39;re just asking what category those things fit into, I would argue it&#39;s broadly the worldview category, though as art and religion they would not need illicit scrutiny under most contexts. </p>\n\n<p>Expressive art would be a worldview, as would religion. Leading public schools in prayer should face high levels of scrutiny because of other notions like freedom of religious practice.</p>\n\n<p>Expressive art is, well, expressive art. It is usually conveying something more complex than an opinion or a fact, like an emotion, or ideas, or something else. It&#39;s necessarily context based. It is reasonable to demand scrutiny for, say, performing a heavily political play for a public school audience, and whether and how such scrutiny should result in any action will likely come down to the opinions of the people at the heart of the argument.</p>\n\n<p>Is this what you&#39;re asking?</p>\n</div>', 'edited': False, 'id': 'lmm0hmh', 'is_submitter': True, 'link_id': 't3_1febctz', 'parent_id': 't1_lmlyqp2', 'permalink': '/r/changemyview/comments/1febctz/cmv_speech_can_fit_into_3_categories_and/lmm0hmh/', 'replies': <praw.models.comment_forest.CommentForest object at 0x2b9e74990>, 'saved': False, 'score': 1, 'stickied': False, 'submission': Submission(id='1febctz')}",3,"What about an actor playing a part in a Shakespearean play? What about reciting the Lord's Prayer, or any prayer for that matter? Does that not fit into this discussion?","""Free speech:"" it's a platitude and a cliché most of the time. What do we mean when we say we value ""free speech?"" What's the real value we care about when it comes to freedom of speech? \n\n##Three Categories of Speech.\n\nI am posing that when it comes to speech, we can broadly place it into 3 different categories: an opinion; a statement of fact; a description of reality, a broad claim or argument, or a worldview (i.e. 'opinion, fact, or worldview'). Additionally, speech can and should be scrutinized - and potentially filtered - depending on context and the category of that speech. \n\nAn opinion is a value judgement or a preference for something. ""X is good; I like Y; A is bad."" This kind of speech should be provided the greatest level of protection and the least amount of scrutiny. If you are critical of the government, or want to say you have a preference for a particular idea or policy, that's your perogative and your right. \n\nA statement of fact is some kind of claim of a verifiable, observable, quantifiable event. A false statement of fact still falls into this category, because a lie is still *a claim of truth.* And this category of speech should face higher scrutiny from organizations such as media companies, journalists, and government officials. \n\nCivil society falls apart when lies and false information prevails over truth. The fact that oil companies have known about their impact on the environment for decades and lied about it and hid it from us should not be a protected right. False claims of truth harm people by causing us to behave irrationally and with incomplete information. It causes real world harm. Not all lies are the same and consequences can range from pressing questions by journalists; filtering, removal, or notices by social media companies; to higher penalties in civil courts for large organizations lying to the public and the markets.\n\nFinally, there's the ""worldview"" or ""argument"" category of speech. This should generally face the highest levels of scrutiny for standards, truth, and potential for harm. Media companies and our governments should work towards ensuring speech that falls into this category faces scrutiny and is challenged for reasonableness, soundness, and potential for harm. \n\nBigotry and racism and all forms of hate speech will usually fall into this latter category; as will legitimate arguments for specific policies, proposals, and other complex ideas. \n\n##Example.\n\nHere's an example to contrast some differences between different categories of speech on the same topic.\n\n""I believe abortion is bad and should be banned."" \n\nThis is an opinion. Everyone and anyone should be empowered to voice such opinions, regardless of how others feel about the same topic. \n\n""Every year, x number of abortions take place after x number of months of pregnancy."" \n\nSuch a statement is a claim of fact. Such statements should not be published in text form unless it can be *verified,* and such statements should be challenged by journalists and whoever is around to ensure that such claims are either supported with evidence or shown to be dubious claims due to a lack of evidence. \n\n""Liberals murder babies"" is a worldview, an argument that has a more complex form and is not really verifiable nor even, in this case, *disprovable* without clearly defining certain words and agreeing on the analysis. While on the surface it looks like a claim of fact, it is so incredibly loaded with emotional language it takes on a ""worldview"" statement and should be scrutinized at a higher level. In this case, it could easily be considered a ""thought-terminating cliché"" and dismissed, as someone with such a worldview is not signaling an openness to a fair discussion; they are only interested in a moral battle they are figurately ready to die for. \n\n##Wrap-up.\n\nSo to recap the main ideas: speech can fall into 3 categories - opinion, fact, worldview - and each category should face different levels of scrutiny. Doing so is responsible and still preserves the core value and principles of freedom of speech. Any person may hold and share any opinion they like. They should not face high levels of scrutiny for holding or voicing their opinions. However, not every idea is a valid ""opinion."" A claim of fact is *not* an opinion. An argument or view of the world is not necessarily ""an opinion,"" and different ideas can have serious consequences. \n\nSpeech was meant to be protected *because* it is powerful. Speech inspires and unites people around ideas, and therefore urges us to action. This means we are also responsible for challenging speech within the proper contexts. Lies should not be considered ""free speech."" Insults, bigotry, and baseless emotional claims and conspiracy theories should not be considered ""free speech."" A conspiracy theory should not be treated the same as established and observable facts. \n\nYes, sometimes there are slippery slopes. I am not proposing *jail* for ""banned speech."" I'm proposing that we stop hiding behind the platitude of ""free speech"" when it comes to permitting lies and bullshit to propagate through the world. We can and should challenge and shut down such speech, using good judgement and some restraint, and we can do this while also protecting peoples' fundamental rights to speak their mind and criticize governments and institutions. \n\n*Edited periodically for typos.*","CMV: ""Speech"" can fit into 3 categories, and different categories should face different scrutiny.",False,
lmr0woq,Downtown-Act-590,1ff00u0,lmr0mt9,1726141067.0,"!delta This doesn't really change my view fundamentally, but you are right. It is a native language for roughly 1% of EU nationals. Probably nobody feels too strongly about it, but it is technically true.","{'created_utc': 1726141067.0, 'body_html': '<div class=""md""><p>!delta This doesn&#39;t really change my view fundamentally, but you are right. It is a native language for roughly 1% of EU nationals. Probably nobody feels too strongly about it, but it is technically true.</p>\n</div>', 'edited': False, 'id': 'lmr0woq', 'is_submitter': True, 'link_id': 't3_1ff00u0', 'parent_id': 't1_lmr0mt9', 'permalink': '/r/changemyview/comments/1ff00u0/cmv_it_is_rude_not_to_try_to_learn_english_as_an/lmr0woq/', 'replies': <praw.models.comment_forest.CommentForest object at 0x29f00d8d0>, 'saved': False, 'score': 8, 'stickied': False, 'submission': Submission(id='1ff00u0')}",3,"> In the EU, English is nobody's language. Everyone had to learn and everyone is better off as a result.\n\nExcept for the Irish.","Finally, Europe found it's true lingua franca. And in combination with the open borders, it really set things in motion. \n\nA lot of qualified work no longer requires knowledge of the local languages. One year you can be in Warsaw, the other one in Milan... And that really helps the economies and companies which are trying to fill their specialist roles. \n\nAs a result European cities are full of people who don't speak the local languages, but they have very valid reasons to be there. By refusing to learn English, you are just saying that you do not want to communicate with them. And that is quite rude. You share the common space and they did their homework (learned the bridge language). Why would you not want to do that?\n\nThe argument ""why should I learn their language, if they do not learn mine?"" doesn't apply here either. In the EU, English is nobody's language. Everyone had to learn and everyone is better off as a result.\n\nI understand that someone might not be able to learn English. But not even trying is truly strange.  ",CMV: It is rude not to try to learn English as an EU national,True,
lmr0ixb,Downtown-Act-590,1ff00u0,lmqzc0u,1726140882.0,"Yeah, I think it is rude. It became a standard which improves opportunities for everyone. \n\nRefusing to participate is obviously not a crime, but it is quite rude. You can reasonably expect to meet people speaking only English quite often and you choose not to communicate with them.","{'created_utc': 1726140882.0, 'body_html': '<div class=""md""><p>Yeah, I think it is rude. It became a standard which improves opportunities for everyone. </p>\n\n<p>Refusing to participate is obviously not a crime, but it is quite rude. You can reasonably expect to meet people speaking only English quite often and you choose not to communicate with them.</p>\n</div>', 'edited': False, 'id': 'lmr0ixb', 'is_submitter': True, 'link_id': 't3_1ff00u0', 'parent_id': 't1_lmqzc0u', 'permalink': '/r/changemyview/comments/1ff00u0/cmv_it_is_rude_not_to_try_to_learn_english_as_an/lmr0ixb/', 'replies': <praw.models.comment_forest.CommentForest object at 0x2bb60f550>, 'saved': False, 'score': -20, 'stickied': False, 'submission': Submission(id='1ff00u0')}",3,"You're saying it's rude to not learn English *if you are living in a non-English speaking country*? Sure you could say you are doing yourself a disfavor by not knowing English as it's widely spoken, but rude? That infers that for *local people* it's also rude for them to not learn a foreign language (English) so they can better communicate with you as a foreigner, rather than the other way around of you learning their language.","Finally, Europe found it's true lingua franca. And in combination with the open borders, it really set things in motion. \n\nA lot of qualified work no longer requires knowledge of the local languages. One year you can be in Warsaw, the other one in Milan... And that really helps the economies and companies which are trying to fill their specialist roles. \n\nAs a result European cities are full of people who don't speak the local languages, but they have very valid reasons to be there. By refusing to learn English, you are just saying that you do not want to communicate with them. And that is quite rude. You share the common space and they did their homework (learned the bridge language). Why would you not want to do that?\n\nThe argument ""why should I learn their language, if they do not learn mine?"" doesn't apply here either. In the EU, English is nobody's language. Everyone had to learn and everyone is better off as a result.\n\nI understand that someone might not be able to learn English. But not even trying is truly strange.  ",CMV: It is rude not to try to learn English as an EU national,False,
khk628r,golanor,194uqmg,khk0hmg,1705087189.0,"I actually tried to make a similar type of sandwich, which involved hollowing out a loaf and filling it with eggs, onions and tomato sauce, leaving it all night in a low temperature oven under weight. It didn't work but in case it did, adding chips would ruin it.\n!delta","{'created_utc': 1705087189.0, 'body_html': '<div class=""md""><p>I actually tried to make a similar type of sandwich, which involved hollowing out a loaf and filling it with eggs, onions and tomato sauce, leaving it all night in a low temperature oven under weight. It didn&#39;t work but in case it did, adding chips would ruin it.\n!delta</p>\n</div>', 'edited': False, 'id': 'khk628r', 'is_submitter': True, 'link_id': 't3_194uqmg', 'parent_id': 't1_khk0hmg', 'permalink': '/r/changemyview/comments/194uqmg/cmv_any_sandwich_will_be_upgraded_by_the_addition/khk628r/', 'replies': <praw.models.comment_forest.CommentForest object at 0x30c1cf1d0>, 'saved': False, 'score': 8, 'stickied': False, 'submission': Submission(id='194uqmg')}",3,"There is a whole class of sandwich which both fits the British definition and won't be improved by chips, pressed sandwiches. Namely a [Shooter's Sandwich.](https://en.wikipedia.org/wiki/Shooter%27s_sandwich) The process of making the sandwich pressing meat and condiments in a hollowed out loaf would just make the chips soggy. And peeling apart the pressed loaf to add chips messes up the unique texture of the pressed mushrooms, beef, and bread.","I am a firm believer that the combination of soft bread + crunchy interior provides the best biting experience possible. As such, adding something crispy, such as potato chips, to a sandwich will instantly upgrade the sandwich.\n\nToasts are not sandwiches according to my definition of a sandwich - it should be something involving ""soft"" bread or pita. I guess you can go by Wikipedia's definition of a sandwich:\n\nhttps://en.wikipedia.org/wiki/Sandwich\n\nI will change my view given an adequate example of a sandwich I'd eat which will not be better with potato chips inside it.",CMV: Any sandwich will be upgraded by the addition of potato chips.,True,
khjokq7,golanor,194uqmg,khivdyi,1705081426.0,You really want to get a delta on a technicality?,"{'created_utc': 1705081426.0, 'body_html': '<div class=""md""><p>You really want to get a delta on a technicality?</p>\n</div>', 'edited': False, 'id': 'khjokq7', 'is_submitter': True, 'link_id': 't3_194uqmg', 'parent_id': 't1_khivdyi', 'permalink': '/r/changemyview/comments/194uqmg/cmv_any_sandwich_will_be_upgraded_by_the_addition/khjokq7/', 'replies': <praw.models.comment_forest.CommentForest object at 0x303a87610>, 'saved': False, 'score': 37, 'stickied': False, 'submission': Submission(id='194uqmg')}",3,"There exists, in the world, a [potato chip sandwich.](https://en.wikipedia.org/wiki/Crisp_sandwich) Adding chips to it wouldn't upgrade it, because it already has chips. It would remain the same.","I am a firm believer that the combination of soft bread + crunchy interior provides the best biting experience possible. As such, adding something crispy, such as potato chips, to a sandwich will instantly upgrade the sandwich.\n\nToasts are not sandwiches according to my definition of a sandwich - it should be something involving ""soft"" bread or pita. I guess you can go by Wikipedia's definition of a sandwich:\n\nhttps://en.wikipedia.org/wiki/Sandwich\n\nI will change my view given an adequate example of a sandwich I'd eat which will not be better with potato chips inside it.",CMV: Any sandwich will be upgraded by the addition of potato chips.,False,
lldvmck,moorhound,1f8db7i,lldt1l1,1725406255.0,"Hunter Biden's already repaid the taxes plus penalties. \n\nAnd he's facing a tough crowd; the judge, Mark Scarsi, is a trump-appointed Federalist member. The prosecution is pushing for the largest tax evasion sentences in history. \n\n Δ awarded though, for the insight into Biden's legal team strategy.","{'created_utc': 1725406255.0, 'body_html': '<div class=""md""><p>Hunter Biden&#39;s already repaid the taxes plus penalties. </p>\n\n<p>And he&#39;s facing a tough crowd; the judge, Mark Scarsi, is a trump-appointed Federalist member. The prosecution is pushing for the largest tax evasion sentences in history. </p>\n\n<p>Δ awarded though, for the insight into Biden&#39;s legal team strategy.</p>\n</div>', 'edited': False, 'id': 'lldvmck', 'is_submitter': True, 'link_id': 't3_1f8db7i', 'parent_id': 't1_lldt1l1', 'permalink': '/r/changemyview/comments/1f8db7i/cmv_hunter_bidens_best_move_in_his_upcoming_tax/lldvmck/', 'replies': <praw.models.comment_forest.CommentForest object at 0x29cd06d10>, 'saved': False, 'score': 7, 'stickied': False, 'submission': Submission(id='1f8db7i')}",3,"First, Republicans can talk about Hunters taxes all they want. Joe isn’t running, and nobody cares. \n\nSecond, Hunter’s best defense is that he is being charged with a crime that isn’t generally charged. Two years of unpaid taxes, subsequently being repaid with penalties, is not a criminal act. It’s an administrative one. The IRS collects back taxes all the time without prosecuting. \n\nHunter didn’t do anything close to what gets charged as tax evasion. He doesn’t have to prove he didn’t do what he was accused of, but rather that the facts of the case don’t warrant criminal charges. \n\nLet’s say I’m driving down the highway at 5mph over the limit. Driving smoothly, without swerving. If a cop pulls me over and charges me with reckless endangerment, I have a good defense. I don’t have to prove I was following the law, but rather the prosecution is undue. That is where Hunter is now.  And with less political value on the case, it’s pretty likely to succeed.","[Hunter Biden's next criminal trial starts this week](https://thehill.com/regulation/court-battles/4854748-hunter-biden-tax-trial/), and the timing is no surprise; Republicans intend to use this to drag out the Hunter Biden's dirty laundry throughout the rest of the election cycle and try to associate it with Joe Biden and the whole Biden administration.\n\nAn idea came to me last night: What if Hunter Biden simply entered a guilty plea? Simply look at the charges, say ""Yes, I did that, and am willing to accept responsibility for it""? Sounds crazy, right?\n\nI think it would actually be a shocking, *highly effective* move that the prosecution won't be able to handle. Here's my reasoning:\n\n1.) He's very likely going to get a guilty verdict anyway. The defense's current case isn't that he didn't evade taxes, it's that he did them outside of his control because he was in the throes of his addiction. The judge has already struck any arguments that link his addiction to the various family traumas he's had to endure, and in my opinion ""take pity on my client because he was smoking crack when he did these crimes"" is not a very swaying case. It didn't work on his first trial, I highly doubt it's going to work on this one.\n\n2.) It hobbles the presentation of most of the prosecution's salacious evidence, which is their whole entire point of pushing this trial. If Biden's defense team offers a guilty plea, the prosecution will almost certainly deny it. Let's be real here; Republicans aren't pushing this case because they suddenly feel a strong sense of justice towards tax evasion. The entire point is a dragged-out mud sling towards the Bidens, and that requires detailed presentation of all of Hunter Biden's misdeeds. The defense would have a decent case of dismissing much of this as irrelevant; If the defendant has already plead guilty to evading the taxes and the amounts, does the court really need a drawn-out line-item review of what porn sites and strip clubs he wrote off as business expenses?\n\n3.) Public opinion would take a positive view to someone actually owning up to their crimes. When's the last time a public figure came out and said ""regardless of the circumstances, I recognize that I did wrong, and am willing to accept responsibility?"" Following in the steps of his father through the simple and selfless act doing the right thing could go a long way, especially since his team's argument is already that he did do those things.\n\n4.) Without all of the sordid evidential details of the case, Republicans get next to *nothing* out of this trial. How can they bust out the pitchforks over a white-collar crime with their presidential candidate? Any Republican shedding crocodile tears over Hunter Biden's tax evasion can be easily shut down by mentioning how the Trump's own far-worse tax evasion woes, from the already-settled guilty verdicts in the Trump Org cases to the current investigations into a [$50 million mystery loan that might not have existed](https://www.commondreams.org/news/trump-tax-evasion), or his charity fraud cases, and so on, and so on.\n\n5.) It would speed the trial. The prosecution, and Republicans, want this goose to keep putting out for as long as possible, ideally through the election. This move would cut things far shorter, finishing the trial before the election and letting it fade out through the news cycle before it's time to vote.\n\nI'm not a lawyer, so I'm sure there are some holes in this strategy, and I'd love to hear them. But from my own research, I think this could be a wise - and unexpected - move that would catch the prosecution's pants down.",CMV: Hunter Biden's best move in his upcoming tax evasion case is to enter a guilty plea,True,
lldpv93,moorhound,1f8db7i,lldph8n,1725403814.0,"No, [he recently filed a not guilty plea](https://www.reuters.com/legal/hunter-biden-set-face-tax-fraud-charges-california-courtroom-2024-01-11/), which is dumb since your link shows him already admitting to it and paying for it.","{'created_utc': 1725403814.0, 'body_html': '<div class=""md""><p>No, <a href=""https://www.reuters.com/legal/hunter-biden-set-face-tax-fraud-charges-california-courtroom-2024-01-11/"">he recently filed a not guilty plea</a>, which is dumb since your link shows him already admitting to it and paying for it.</p>\n</div>', 'edited': False, 'id': 'lldpv93', 'is_submitter': True, 'link_id': 't3_1f8db7i', 'parent_id': 't1_lldph8n', 'permalink': '/r/changemyview/comments/1f8db7i/cmv_hunter_bidens_best_move_in_his_upcoming_tax/lldpv93/', 'replies': <praw.models.comment_forest.CommentForest object at 0x29cd06610>, 'saved': False, 'score': 8, 'stickied': False, 'submission': Submission(id='1f8db7i')}",3,Didn't he already?\n\nIirc he already pled and paid back the owed taxes already years ago but they are dragging it out for more punishment.\n https://www.nytimes.com/2022/03/16/us/politics/hunter-biden-tax-bill-investigation.html,"[Hunter Biden's next criminal trial starts this week](https://thehill.com/regulation/court-battles/4854748-hunter-biden-tax-trial/), and the timing is no surprise; Republicans intend to use this to drag out the Hunter Biden's dirty laundry throughout the rest of the election cycle and try to associate it with Joe Biden and the whole Biden administration.\n\nAn idea came to me last night: What if Hunter Biden simply entered a guilty plea? Simply look at the charges, say ""Yes, I did that, and am willing to accept responsibility for it""? Sounds crazy, right?\n\nI think it would actually be a shocking, *highly effective* move that the prosecution won't be able to handle. Here's my reasoning:\n\n1.) He's very likely going to get a guilty verdict anyway. The defense's current case isn't that he didn't evade taxes, it's that he did them outside of his control because he was in the throes of his addiction. The judge has already struck any arguments that link his addiction to the various family traumas he's had to endure, and in my opinion ""take pity on my client because he was smoking crack when he did these crimes"" is not a very swaying case. It didn't work on his first trial, I highly doubt it's going to work on this one.\n\n2.) It hobbles the presentation of most of the prosecution's salacious evidence, which is their whole entire point of pushing this trial. If Biden's defense team offers a guilty plea, the prosecution will almost certainly deny it. Let's be real here; Republicans aren't pushing this case because they suddenly feel a strong sense of justice towards tax evasion. The entire point is a dragged-out mud sling towards the Bidens, and that requires detailed presentation of all of Hunter Biden's misdeeds. The defense would have a decent case of dismissing much of this as irrelevant; If the defendant has already plead guilty to evading the taxes and the amounts, does the court really need a drawn-out line-item review of what porn sites and strip clubs he wrote off as business expenses?\n\n3.) Public opinion would take a positive view to someone actually owning up to their crimes. When's the last time a public figure came out and said ""regardless of the circumstances, I recognize that I did wrong, and am willing to accept responsibility?"" Following in the steps of his father through the simple and selfless act doing the right thing could go a long way, especially since his team's argument is already that he did do those things.\n\n4.) Without all of the sordid evidential details of the case, Republicans get next to *nothing* out of this trial. How can they bust out the pitchforks over a white-collar crime with their presidential candidate? Any Republican shedding crocodile tears over Hunter Biden's tax evasion can be easily shut down by mentioning how the Trump's own far-worse tax evasion woes, from the already-settled guilty verdicts in the Trump Org cases to the current investigations into a [$50 million mystery loan that might not have existed](https://www.commondreams.org/news/trump-tax-evasion), or his charity fraud cases, and so on, and so on.\n\n5.) It would speed the trial. The prosecution, and Republicans, want this goose to keep putting out for as long as possible, ideally through the election. This move would cut things far shorter, finishing the trial before the election and letting it fade out through the news cycle before it's time to vote.\n\nI'm not a lawyer, so I'm sure there are some holes in this strategy, and I'd love to hear them. But from my own research, I think this could be a wise - and unexpected - move that would catch the prosecution's pants down.",CMV: Hunter Biden's best move in his upcoming tax evasion case is to enter a guilty plea,False,
l43y4fz,No-Kaleidoscope-4050,1csag26,l43w5sb,1715745640.0,!delta delta!\n\nI can agree with this. Unbraiding hair isn’t listing in the job responsibilities on a teacher. I feel like building bonds in honestly any career is crucial to being successful in that career even if you aren’t trained to build bonds.\n\nFor example psychiatrists are trained to diagnose and treat patients with behavioral disorders. That is their job they don’t have to know anything personal about the patient and the patient doesn’t have to know anything personal about them as they are not trained to build bonds with patients they are trained to simply diagnose and treat patients with behavioral disorders. But a psychiatrist who builds bonds with their patient and tries to relate to their patient will be much more successful than a psychiatrist who simply completes the written job responsibilities. I feel like empathy and compassion are basic human emotions that anyone regardless of your profession should possess. You aren’t required to hold these emotions but you will be much more successful in any career if you have the ability to be empathetic and compassionate.\n\nThe same goes for teachers. Yes teachers are only required to teach a set curriculum but are students really going to listen to a teacher they don’t know anything about. Are students going to listen to a teacher that doesn’t talk with them and try to build bonds with them? Probably not. You’re right it isn’t a teachers job to build relationships with students but they will be much more successful as a teacher if they are empathetic with students.,"{'created_utc': 1715745640.0, 'body_html': '<div class=""md""><p>!delta delta!</p>\n\n<p>I can agree with this. Unbraiding hair isn’t listing in the job responsibilities on a teacher. I feel like building bonds in honestly any career is crucial to being successful in that career even if you aren’t trained to build bonds.</p>\n\n<p>For example psychiatrists are trained to diagnose and treat patients with behavioral disorders. That is their job they don’t have to know anything personal about the patient and the patient doesn’t have to know anything personal about them as they are not trained to build bonds with patients they are trained to simply diagnose and treat patients with behavioral disorders. But a psychiatrist who builds bonds with their patient and tries to relate to their patient will be much more successful than a psychiatrist who simply completes the written job responsibilities. I feel like empathy and compassion are basic human emotions that anyone regardless of your profession should possess. You aren’t required to hold these emotions but you will be much more successful in any career if you have the ability to be empathetic and compassionate.</p>\n\n<p>The same goes for teachers. Yes teachers are only required to teach a set curriculum but are students really going to listen to a teacher they don’t know anything about. Are students going to listen to a teacher that doesn’t talk with them and try to build bonds with them? Probably not. You’re right it isn’t a teachers job to build relationships with students but they will be much more successful as a teacher if they are empathetic with students.</p>\n</div>', 'edited': False, 'id': 'l43y4fz', 'is_submitter': True, 'link_id': 't3_1csag26', 'parent_id': 't1_l43w5sb', 'permalink': '/r/changemyview/comments/1csag26/cmv_there_is_nothing_wrong_with_female_students/l43y4fz/', 'replies': <praw.models.comment_forest.CommentForest object at 0x2f253cc10>, 'saved': False, 'score': 26, 'stickied': False, 'submission': Submission(id='1csag26')}",3,"Something doesn't have to be evil or scandalous to be ""wrong."" As a society we decided that we were done with the bit where teachers get touchy feely with female students and that it was no longer cute for teenage girls to marry their teacher. We decided that it wasn't actually the teacher's job to ""build strong bonds with their students,"" it's to teach a curriculum. I get that this sounds lame and conformist but that man was not hired to bond with children. He was hired to be a professional and teach a curriculum. That is the job he trained for and that is the job that he claimed to be qualified for. Recording minors without the consent of their guardians and posting said recordings on social media is not in his job description. Having said minors groom him is not in his job description. I'm not going to tell you that he's a monster who should rot in prison, that's over the top, but his behavior was out of line. There is a code of conduct that he's expected to adhere to and he made the decision to flagrantly breach it. The correct response is to punish him and if his administration decided the appropriate punishment was termination, I don't know enough about the details to really argue that. I'm sure he's a nice guy and I hope he's able to get back on his feet but I don't really feel that bad, he had ample opportunity to not post recordings of minors on TikTok",If you haven’t seen the news recently JaQ Lee is a teacher that went viral for making a video with his female students helping him unbraid his hair. He only asked his students to help him unbraid his hair because he had a hair appointment after school that day and he wouldn’t be able to unbraid his hair in time if he waited until after school.\n\nPrior to making this video he had already posted many videos of his students. It is very obvious that he loves his job and he loved his students. However recently he was fired for that video. Many people think it is inappropriate for him to have his female students unbraiding his hair even though it is obvious he had no ill intentions against his students. However I have to disagree.\n\nIt is a teachers job to build strong bonds with their students. A strong bond between a teacher and their student is the main way for a student to trust their teacher. A student who trusts their teacher is more likely to listen to that teacher when they teacher and is more likely to go to that teacher if they have any issues. It is obvious that this was just another way for him to bond with his students. \n\nAlso it is just hair. People are acting as if the students were putting lotion on his back or cutting his toenails. The students were just helping him unbraid his hair what exactly is the harm behind that.\n\nIn the black community many of us don’t have strong male figures in our lives. When a male role model does enter our life we look up to them and admire them. Majority of his students are black. It is very possible that many of his students may not have a male role model in their life and because of the strong bond they have with their teacher they look up to him and admire him. Helping him unbraid his hair is a way for his students to bond with him and show their appreciation for him.\n\nIt is very possible that now since this teacher has been fired that the students in that classes grades will drop. They had a lot of trust and respect in Mr.Lee and it will be hard for a new teacher to gain these students trust and respect. The students may not listen in class anymore leading to their grades dropping. A lot of negative things could happen as a result to this school firing an amazing teacher.\n\nI just want to see the other side of the argument why exactly do people find this situation so unacceptable and disgusting when it is very much harmless?,CMV: There is nothing wrong with female students helping a male teacher unbraid his hair,True,
l43zrjo,No-Kaleidoscope-4050,1csag26,l43x6wk,1715746466.0,You’re right in some cultures and families hair styling is an intimate familial act. However at some point a students needs to make decisions for themselves based on their own judgement. Middle school is the perfect time for students to start learning how to make decisions by themselves. The teacher asked the three female students could they help unbraid his hair. If the students knows their parents wouldn’t approve of them touching a grown man’s hair they should’ve said no. I’m sure the teacher wouldn’t have punished the students for saying no considering the strong bond he already has with them. \n\nLegally in many states any minor who has the mental capacity to make complex decisions themselves can make decisions themselves without any parental consent. Middle school is when students begin to develop the mental capacity that is capable of making complex decisions. So if the student knows their parent would have an issue with them unbraiding their male teachers hair that is on the student not the teacher.\n\nOut of respect the teacher could’ve requested the parents permission for their daughters to unbraid his hair but their daughters have the mental capacity to make decisions themselves so if they said yes knowing their parent wouldn’t approve that is really on the student not the teacher.,"{'created_utc': 1715746466.0, 'body_html': '<div class=""md""><p>You’re right in some cultures and families hair styling is an intimate familial act. However at some point a students needs to make decisions for themselves based on their own judgement. Middle school is the perfect time for students to start learning how to make decisions by themselves. The teacher asked the three female students could they help unbraid his hair. If the students knows their parents wouldn’t approve of them touching a grown man’s hair they should’ve said no. I’m sure the teacher wouldn’t have punished the students for saying no considering the strong bond he already has with them. </p>\n\n<p>Legally in many states any minor who has the mental capacity to make complex decisions themselves can make decisions themselves without any parental consent. Middle school is when students begin to develop the mental capacity that is capable of making complex decisions. So if the student knows their parent would have an issue with them unbraiding their male teachers hair that is on the student not the teacher.</p>\n\n<p>Out of respect the teacher could’ve requested the parents permission for their daughters to unbraid his hair but their daughters have the mental capacity to make decisions themselves so if they said yes knowing their parent wouldn’t approve that is really on the student not the teacher.</p>\n</div>', 'edited': False, 'id': 'l43zrjo', 'is_submitter': True, 'link_id': 't3_1csag26', 'parent_id': 't1_l43x6wk', 'permalink': '/r/changemyview/comments/1csag26/cmv_there_is_nothing_wrong_with_female_students/l43zrjo/', 'replies': <praw.models.comment_forest.CommentForest object at 0x2f253c790>, 'saved': False, 'score': -3, 'stickied': False, 'submission': Submission(id='1csag26')}",3,"I'm not going to argue that it was a firing offense, but I will say it's not true that there's *nothing* wrong with it.\n\nFirst thing, the touching and styling of hair is an intimate familial act for many families, and he has no way of knowing if any of the families of his students consider it such.  You make a distinction between helping style (or unstyle) his hair and clipping his toenails.  You draw that line one place, other draw it elsewhere.  That's problem one.\n\nProblem two, it is not the kids' problem that he would not have had time to make it to his hair appointment without the students' help.  He's essentially using the kids, and lesson time, for his own personal needs.\n\nProblem three.  If this teacher didn't have consent from every parent for posting videos of their kiddos on the internet, that very justifiably is a firing offense.  Even if he did have that, it's really not the place of a teacher to be doing that, particularly not a video demonstrating the first two problems.\n\nThe situation is not disgusting, but it's also not harmless.",If you haven’t seen the news recently JaQ Lee is a teacher that went viral for making a video with his female students helping him unbraid his hair. He only asked his students to help him unbraid his hair because he had a hair appointment after school that day and he wouldn’t be able to unbraid his hair in time if he waited until after school.\n\nPrior to making this video he had already posted many videos of his students. It is very obvious that he loves his job and he loved his students. However recently he was fired for that video. Many people think it is inappropriate for him to have his female students unbraiding his hair even though it is obvious he had no ill intentions against his students. However I have to disagree.\n\nIt is a teachers job to build strong bonds with their students. A strong bond between a teacher and their student is the main way for a student to trust their teacher. A student who trusts their teacher is more likely to listen to that teacher when they teacher and is more likely to go to that teacher if they have any issues. It is obvious that this was just another way for him to bond with his students. \n\nAlso it is just hair. People are acting as if the students were putting lotion on his back or cutting his toenails. The students were just helping him unbraid his hair what exactly is the harm behind that.\n\nIn the black community many of us don’t have strong male figures in our lives. When a male role model does enter our life we look up to them and admire them. Majority of his students are black. It is very possible that many of his students may not have a male role model in their life and because of the strong bond they have with their teacher they look up to him and admire him. Helping him unbraid his hair is a way for his students to bond with him and show their appreciation for him.\n\nIt is very possible that now since this teacher has been fired that the students in that classes grades will drop. They had a lot of trust and respect in Mr.Lee and it will be hard for a new teacher to gain these students trust and respect. The students may not listen in class anymore leading to their grades dropping. A lot of negative things could happen as a result to this school firing an amazing teacher.\n\nI just want to see the other side of the argument why exactly do people find this situation so unacceptable and disgusting when it is very much harmless?,CMV: There is nothing wrong with female students helping a male teacher unbraid his hair,False,
